platform,author,rating,title,content,date,thumbs_up,developer_reply,app_identifier,ap_version
Android,Mg Kim,1,,회원탈퇴는 안되게 막아놓은건가 탈퇴 페이지만 로딩되면 에러 뜨내 쓰레기앱임,2025-11-26 07:00:24,0.0,"안녕하세요 Mg Kim 고객님. 회원탈퇴 과정에서 불편을 드린 점 진심으로 사과드립니다. 탈퇴 처리는 정상적으로 진행되나, 탈퇴 완료 시 안내 페이지에 에러 현상이 있음을 내부적으로 확인하였습니다. 페이지 에러 현상은 빠르게 조치하여 개선할 예정입니다. 개선 완료 시 재안내 드리겠습니다. 그 밖에 추가 문의 사항은 고객센터(1670-4777)로 언제든지 연락주세요. 남겨주신 의견을 놓치지 않고 확인하여 서비스 개선에 반영할 수 있도록 하겠습니다. 저희 서비스가 부족했던 점을 돌아보고 더 나아진 모습으로 찾아뵙고 싶습니다. 불편 속에서도 소중한 의견 남겨주셔서 감사합니다.",kr.co.kbc.cha.android,5.4.3
Android,육철,5,,실제 구매 하면서 많은 도움이 되었습니다.,2025-11-21 10:17:49,0.0,"안녕하세요 육철 고객님. 차차차를 이용해 주시고, 실제 구매 과정에서 도움이 되었다는 따뜻한 후기까지 남겨주셔서 진심으로 감사드립니다. 차량 구매라는 중요한 선택에 차차차가 힘이 되었다니 기쁜 마음입니다. 더 신뢰할 수 있는 정보와 편리한 기능으로 고객님의 다음 여정에도 함께할 수 있도록 노력하겠습니다! 감사합니다.",kr.co.kbc.cha.android,5.4.3
iOS,-로즈,1,중고차 첫구매라면 비추,"꼼꼼하게 알려주는 상황없고 이로인해피해는 구매자만손해 
불필요한 서류는 주지말길 해당없는 보증서류는 왜줬고 그에대해 나몰라라대처는 아니라고생각함",2025-11-19 03:55:52,,,1112366886,5.2.0
Android,장태봉,3,,사진을 15장 한번에 선택하면 업로드 가안되네요 6장정도 누루면 업로드가 되구요 한번에 업로드되게해주세요,2025-11-12 21:54:45,0.0,"안녕하세요 장태봉 고객님. 광고등록 중 사진 업로드 과정에서 불편을 겪으셨다니 죄송한 마음입니다. 말씀하신 사진 업로드 관련 오류 현상을 내부적으로 확인하였으며, 빠르게 조치하여 개선할 예정입니다. 개선 완료 시 재안내 드리겠습니다. 그 밖에 추가 문의 사항은 고객센터(1670-4777) 혹은 1:1문의함에 의견 남겨주시면 빠르고 정확하게 도움 드리겠습니다. 감사합니다.",kr.co.kbc.cha.android,5.4.3
iOS,MR.jo star,5,감사합니다,감사합니다,2025-11-11 22:14:19,,,1112366886,5.2.0
Android,김승우,5,,너무 좋아요,2025-11-10 06:17:10,0.0,안녕하세요 김승우 고객님. '너무 좋다'라는 짧지만 힘이 되는 말씀 감사합니다. :) KB차차차는 고객님의 믿음에 보답할 수 있도록 최적의 사용성과 편리함을 기반으로 최상의 중고차 거래 경험을 드리기 위해 노력하겠습니다. 감사합니다!,kr.co.kbc.cha.android,
iOS,힝힝리,1,로그인,카카오 아이디 있대서 로그인 연동하려고 해도 안되고 인증도 9번이나 했는데 쓰레기 같은 어플,2025-11-06 18:52:26,,,1112366886,5.1.1
Android,박인규,1,,"폰인증을 완료해도 확인 누르면 사용자 정보가 일치 하지 않는다고 뜸. 어쩌라는 건지 ㅡ,ㅡ 관리 안 함???",2025-11-01 17:38:47,0.0,"안녕하세요 박인규 고객님. KB차차차입니다. 말씀해주신 본인인증 시 사용자 정보 불일치 문제와 관련해, 가입 이력과 인증 정보가 맞지 않을 경우 고객님께서 더 빠르게 문제를 접수하실 수 있도록 안내 문구를 개선하여 25.11.20일 반영 하였습니다. 그동안 앱 이용에 불편을 드린 점 사과드리며, 불편 속에서도 소중한 의견을 주셔서 감사드립니다. 추가로 문의사항이 있으신 경우 고객센터(1670-4777) 혹은 1:1문의함으로 언제든지 접수 부탁드립니다. 앞으로도 더 나은 서비스 제공을 위해 개선해 나가는 KB차차차가 되겠습니다. 감사합니다.",kr.co.kbc.cha.android,
iOS,엘봄,5,잼나요 ㅎㅎ,"이벤트 잼나요 이벤트가 ㅎㅎ
그리고 포인트 쌓는게 잼나네요",2025-10-25 13:17:20,,,1112366886,5.1.0
iOS,bbaekgom7,1,갈수록 거지같아지네,오류투성이에 이젠 앱시작하다 튕겨나가기 시작. 똑바로 안할래?,2025-10-21 03:17:16,,,1112366886,5.1.0
Android,민경오,5,,와 ㅈ,2025-10-16 04:52:31,0.0,안녕하세요 민경오 고객님. 소중한 리뷰 감사드립니다! 다만 작성해주신 내용이 확인되지 않아 구체적인 불편 사항을 파악하기 어려운 점 양해 부탁드립니다. 서비스 이용 중 불편하신 부분이나 문의 사항이 있으시다면 언제든 1:1 문의함 또는 고객센터(1670-4777)로 연락해 주시면 신속히 도와드리겠습니다. 감사합니다!,kr.co.kbc.cha.android,5.2.7
iOS,지아스민,5,믿을만한 KB에서 만든 중고차 거래 플랫폼,"솔직히 다른데는 모르겠고, KB라서 믿을만함",2025-10-15 00:46:58,,,1112366886,5.1.0
Android,김진성,1,,개불편함 KB 관련앱은 다불편함 이걸 쓰라고만든건지궁금함,2025-10-08 14:03:56,0.0,"안녕하세요 김진성 고객님. 앱 이용 시 불편을 드린 것 같아 마음이 무겁습니다. 다만, 말씀해주신 내용만으로는 정확한 확인이 어려워 안타까운 마음입니다. 소중한 고객님의 불편사항을 정확히 확인하고 도울 수 있도록 번거로우시겠지만 1:1문의함 혹은 고객센터(1670-4777)로 알려주시면 빠르게 확인하겠습니다. 고객님께서 느끼신 불편함을 세심히 살펴, 보다 쉽고 편리하게 이용하실 수 있도록 개선하겠습니다. 앞으로는 “편하다”는 말이 먼저 나올 수 있는 KB차차차가 되도록 노력하겠습니다.",kr.co.kbc.cha.android,
Android,CHAN SU KIm,4,,감사합니다.,2025-10-05 22:08:08,0.0,"안녕하세요 CHAN SU Kim 고객님. 소중한 리뷰 남겨주셔서 진심으로 감사드립니다 :)
KB차차차 서비스를 이용해주시고 좋은 말씀 전해주셔서 큰 힘이 됩니다.
앞으로도 고객님께 더욱 편리하고 만족스러운 경험을 드릴 수 있도록 노력하겠습니다. 감사합니다! 🚗💙",kr.co.kbc.cha.android,
Android,Heesun Kim,1,,가입하고 등록은 쉬운데 관리하고 삭제 어려움 개인정보 보호도 신뢰가 안갑니다,2025-10-05 12:26:47,1.0,"안녕하세요 Heesun Kim고객님. 관리와 삭제 과정에서 불편을 느끼셨다는 말씀에 죄송한 마음입니다. 직거래 차차차, 광고 등록 등 이용하신 서비스의 세부 사항을 1:1 문의함을 통해 상세히 등록해 주시거나, 고객센터(1670-4777)를 통해 접수해주시면 빠르게 확인하여 개선할 수 있도록 조치하겠습니다. 또한, KB차차차는 매년 정보보호 및 개인정보보호 관리체계 인증(ISMS-P)을 취득하여 고객님께서 안심하고 차차차를 이용하실 수 있도록 노력하고 있습니다. 서비스 이용에 만족을 드리지 못한 점 사과드리며, 보다 나은 서비스로 소비자 중심 경영을 실현하는 KB차차차가 되도록 꾸준히 개선해 나가겠습니다. 감사합니다.",kr.co.kbc.cha.android,5.4.2
Android,박명진,4,,ㅣ니 ㅡ ㅗ ㅅㄴ,2025-10-04 12:43:49,0.0,"안녕하세요 박명진 고객님. 리뷰 남겨주셔서 감사합니다!
다만 작성해주신 내용이 확인되지 않아 구체적인 불편 사항을 파악하기 어려운 점 양해 부탁드립니다.
이용 중 불편이나 문의사항이 있으시다면 언제든 고객센터(1670-4777)로 연락주시면 성심껏 도와드리겠습니다. 감사합니다!",kr.co.kbc.cha.android,5.4.0
Android,금미희,5,,2년안으로 해결할 수 있는 문제 민생쿠폰 과 관련되있는 점,2025-09-27 20:59:11,0.0,"안녕하세요 금미희 고객님. 소중한 리뷰 남겨주셔서 진심으로 감사드립니다. 말씀해주신 내용은 KB차차차 서비스와 직접적인 관련은 없지만, 혹시라도 리뷰 내용이 KB차차차 서비스와 관련되어 있거나 추가로 의견을 주시고 싶으시다면 고객센터(☎ 1670-4777)로 연락 주세요. 빠르게 도와드리겠습니다. 한 분 한 분의 의견을 소중히 여기며, 앞으로도 더 편리하고 만족스러운 서비스로 보답드리겠습니다 :) 감사합니다!",kr.co.kbc.cha.android,5.3.7
Android,ᄋᄋ,1,,느 려 요,2025-09-26 03:07:59,0.0,"안녕하세요, ᄋᄋ고객님. 소중한 리뷰 남겨주셔서 감사합니다. 이용 중 속도가 느리다고 느끼셨다니 불편을 드려 정말 죄송합니다. 혹시 특정 화면이나 기능에서 반복적으로 느림 현상이 발생하신다면, 번거로우시겠지만 KB차차차 고객센터(☎️ 1670-4777) 로 연락 주시면 보다 정확하게 확인해 드리겠습니다. 조치가 필요하다고 판단될 시, 앱 속도와 안정성을 높일 수 있도록 개선 작업을 진행하도록 하겠습니다. 앞으로는 더 빠르고 쾌적하게 이용하실 수 있도록 최선을 다하겠습니다. 이용에 불편을 드려 죄송합니다.",kr.co.kbc.cha.android,
Android,손영욱,5,,굳,2025-09-23 21:54:54,0.0,안녕하세요 손영욱 고객님. ‘굳’이라는 짧지만 힘 있는 말씀 남겨주셔서 정말 감사드립니다. 고객님의 한마디가 저희에게는 큰 응원이 됩니다! :D 앞으로도 최고의 서비스 경험을 드릴 수 있도록 차량 검색부터 금융 서비스까지 모든 과정에서 더욱 세심하게 신경 쓰겠습니다. KB차차차에 많은 관심과 사랑 부탁드립니다. 감사합니다!,kr.co.kbc.cha.android,5.4.2
Android,김종호,5,,자세한설명 좋아요,2025-09-23 19:34:00,0.0,"안녕하세요 김종호 고객님. 소중한 후기와 평점 진심으로 감사드립니다. 설명이 도움이 되셨다니 저희도 기뻐요! :)
KB차차차는 시세, 사진, 차량 이력 등 핵심 정보를 한눈에 확인하실 수 있도록 상세페이지와 검색 필터를 꾸준히 개선하고 있습니다. 앞으로도 만족을 넘어 더욱 편리하고 신뢰할 수 있는 서비스로 보답드리겠습니다. 감사합니다!",kr.co.kbc.cha.android,5.4.2
Android,전용완,4,,500만원차보고싶네요,2025-09-23 12:02:04,0.0,"안녕하세요, 전용완 고객님. 남겨주신 리뷰와 평점 정말 감사드립니다. 말씀해주신 500만 원대 차량도 KB차차차 앱에서 만나보실 수 있답니다!~ 내차사기(차차차 홈화면) > 검색 메뉴(상단 검색바 클릭) > '가격' 카테고리에서 최대 가격을 500만 원대로 설정하시면 조건에 맞는 차량들이 보여집니다. 차종이나 주행거리 같은 세부 조건까지 함께 설정하시면 더 알맞은 차량을 쉽게 찾으실 수 있습니다. 앞으로도 원하는 차량을 쉽고 빠르게 만나실 수 있도록 서비스 개선에 힘쓰겠습니다. 감사합니다!",kr.co.kbc.cha.android,5.4.2
Android,오현택 (ohhong),5,,중고차 시세 확인부터 금융 상품까지 한 앱에서 편리하게 이용할 수 있어서 좋아요.,2025-09-19 15:34:42,0.0,"안녕하세요 오현택 (ohhong)고객님. 소중한 리뷰 남겨주셔서 진심으로 감사드립니다.
중고차 시세 확인부터 금융 상품까지 한 앱에서 편리하게 이용하실 수 있었다니 저희가 추구하는 방향과 맞닿아 있어 큰 보람을 느낍니다 :) 차량 거래는 신중한 결정인 만큼, 다양한 정보를 한눈에 확인하고 금융까지 연계할 수 있도록 돕는 것이 저희의 중요한 역할이라 생각합니다! 앞으로도 고객님께서 안심하고 이용하실 수 있도록 더욱 세심히 서비스를 개선해 나가겠습니다. 감사합니다!",kr.co.kbc.cha.android,5.4.1
iOS,나는에스케이다,5,정말 도움 많이 받아요.,최근에 중고차를 알아보고 있는데 알찬 정보덕에 도움을 많이 받고 있네요!,2025-09-15 19:12:18,,,1112366886,5.0.7
Android,김선호,5,,다른 어플에 비해 너무 사용하기 편리하네요~ 사용자를 배려한 개발자분 칭찬해주고 싶네요.,2025-09-12 17:38:57,0.0,"안녕하세요 김선호 고객님. 앱을 쓰시면서 편리하다고 느껴주셨다니 뿌듯합니다~! 또 개발자분들까지 칭찬해주셔서 저희 팀 모두가 큰 힘을 얻습니다 :) 고객님 말씀처럼 앞으로도 사용자분들의 입장에서 세심하게 고민하고, 더 편리한 서비스로 보답할 수 있도록 노력하겠습니다. 따뜻한 후기 진심으로 감사드립니다!",kr.co.kbc.cha.android,5.4.1
Android,김미림,5,,중고차 시세가 궁금해 검색하다 알게 되었네요. 차를 잘 모르지만 한 눈에 시세가 보이니 편리합니다. KB라 더 믿고 보게 되는듯 합니다.,2025-09-12 17:38:10,0.0,"안녕하세요 김미림 고객님. 중고차 시세를 알아보는 과정이 쉽지 않으실 텐데, 저희 KB차차차 앱이 한눈에 시세를 확인하실 수 있도록 도움이 되었다니 정말 기쁩니다 :) 말씀해주신 것처럼 자동차는 잘 알지 못하면 작은 가격 차이에도 부담이 크기 마련인데, 고객님께서 편리하게 보셨다니 저희가 추구하는 가치와도 꼭 맞아떨어지는 것 같아 뿌듯합니다!
‘KB라서 믿고 본다’는 말씀은 저희에게 가장 큰 응원이자 책임감이 됩니다. 앞으로도 고객님께서 안심하고 차량을 검색하고 비교하실 수 있도록 더욱 정확하고 신뢰할 수 있는 정보를 제공하겠습니다. 감사합니다!",kr.co.kbc.cha.android,5.4.1
Android,정미녕이,5,,새차사긴 장롱면허라... 중고차알아보다 KB차차차 앱소개받고 깔았는데 쉽고 간편해서 좋네요 ^^,2025-09-12 15:27:56,0.0,"안녕하세요 정미녕이 고객님. 처음 차량을 알아보실 때는 생소한 절차와 용어 때문에 막막하실 수 있는데, KB차차차가 쉽고 간편하게 다가갔다니 저희도 보람을 느낍니다 :) KB차차차는 초보 운전자분도 부담 없이 이용하실 수 있도록 직관적이고 간단한 화면 구성을 지향하고 있습니다! 앞으로도 첫 경험부터 거래까지 든든한 가이드가 되어드릴 수 있도록 노력하겠습니다. 감사합니다!",kr.co.kbc.cha.android,5.4.1
Android,OY J,5,,"알아보려고깔아서사용해봤는데, 원하는차량검색도편하고 상세해서 너무만족합니다",2025-08-29 23:57:56,0.0,"안녕하세요 OY J 고객님, KB차차차입니다. KB차차차 이용이 편리하셨나요? KB차차차에서는 내 차 팔기도! 사기도! 완전 편리하게 이용하실 수 있답니다~♥ 앞으로도 슬기로운 중고차 생활을 위해 KB차차차와 함께해주세요~!♥",kr.co.kbc.cha.android,
Android,우유에치즈케익,5,,보기편해서 좋네요 초보자라 다양한테마픽 맘에 들어요!!,2025-08-29 23:00:48,0.0,"안녕하세요 우유에치즈케익 고객님, KB 차차차입니다. 테마픽 서비스가 마음에 드신다니 기뻐요 :) KB차차차 정회원 딜러가 엄선한 스타급 중고차를 만날 수 있는 'KB스타픽'에도 많은 관심 부탁드려요! 고객님의 성원에 힘입어 다양한 이벤트 또한 진행되고 있으니 앞으로도 KB차차차 많은 관심과 이용 부탁 드립니다. 감사합니다♥",kr.co.kbc.cha.android,5.3.9
Android,유태종,5,,너무 쉽고 정확한 시세를 볼 수 있어서 좋아요! 다른 앱보다 훨씬 편하네요,2025-08-29 20:48:51,0.0,"안녕하세요 유태종 고객님, KB 차차차입니다. 칭찬 감사드립니다♥ KB 차차차에서는 실거래 데이터를 기반으로 신뢰할 수 있는 똑똑한 AI 시세 정보를 제공해 드리고 있습니다! 앞으로도 중고차 거래에 도움이 되는 서비스로 더 많은 고객님을 만나 뵐 수 있도록 정진하겠습니다♥ 감사합니다.",kr.co.kbc.cha.android,5.3.9
Android,HYOSEONG KIM,5,,KB차차차로 중고차량 매매했습니다. 헤0딜러와 금액 비교해서 좋은 조건이라 바로 결정했어요. 아주 만족스러운 거래였습니다.,2025-08-29 19:34:15,0.0,"안녕하세요 HYOSEONG KIM 고객님, KB차차차입니다. 소중한 의견 감사드립니다♥ KB차차차에서 중고차를 판매하셨군요! 만족스러운 거래를 하셨다니 저희도 기뻐요! :) 중고차 거래할 때 가격 비교는 필수죠! 합리적이고 편리한 차량 거래 경험을 제공해드리기 위해 앞으로도 최선을 다하겠습니다 감사합니다!",kr.co.kbc.cha.android,5.3.9
Android,jiyoung kim,1,,정회원만 확인 가능한 매물이 있어서 바로 삭제 했어요 지방 매물은 앱상 몇 개 없는데 정회원만 확인 가능하게 설정 되어있어서 이 앱을 사용할 필요성을 못 느꼈어요~,2025-08-29 17:06:23,0.0,"안녕하십니까, jiyoung kim님 KB차차차입니다. 우선 앱 이용에 불편을 드려서 죄송합니다. 차차차는 비회원의 경우라도 서비스를 자유로이 이용할 수 있습니다. 비회원으로 이용 도중 서비스 이용이 불가능하였다면 차차차 1:1문의함에 서비스 종류를 확인하시어 남겨주시면 명확한 확인이 가능하며 고객센터(1670-4777) 로 연락주시면 자세한 도움 드릴수 있을 것 같습니다. 보다 나은 서비스로 보답할 수 있도록 노력하겠습니다. 감사합니다.",kr.co.kbc.cha.android,
Android,다이어트뺀미,5,,차 팔고 살 때 매물 많고 가격 비교하기 편해서 자주 봅니다. 사진도 많고 직관적이라 좋네요. 전체적으로는 중고차 거래할 때 제일 믿을 만한 앱 같아요.,2025-08-29 17:03:29,0.0,"안녕하세요 다이어트뺀미 고객님, KB차차차입니다. 칭찬 감사드립니다♥ 앱 사용이 편안하셨다니 정말 기뻐요! 특히 KB차차차가 제공하는 시세는 믿을 수 있는 AI 기반의 국민시세로 고객님께서 든든하게 이용하실 수 있습니다 :) 앞으로도 중고차 시세 조회는 물론 거래 고민까지 해결해드리는 차차차와 함께해주세요♥",kr.co.kbc.cha.android,
Android,SR G,5,,중고차 앱도 많고 걱정도 되는데 kb에서 운영하는 거라 신뢰도 가고 이용도 편리합니다.,2025-08-29 16:50:58,0.0,"안녕하세요 SR G 고객님, KB차차차입니다. 우선 소중한 리뷰 감사드립니다♥ 중고차 거래할 때 걱정이 많으시죠~! 그럴 땐 KB가 보증하는 KB차차차! 차차차를 믿고 이용해 주셔서 감사드리며 계속해서 더 나은 서비스를 제공하기 위해서 노력하겠습니다! 앞으로도 중고차 거래할 땐 차차차를 찾아주세요♥",kr.co.kbc.cha.android,5.0.1
Android,윤성민,5,,좋아요 자주구경중 입니다,2025-08-29 16:43:57,0.0,"안녕하세요 윤성민 고객님, KB차차차입니다. 우선 KB차차차를 이용해주셔서 감사합니다♥ 고객님의 만족스러운 경험을 들으니 저희도 기뻐요! 앞으로도 보다 나은 서비스 제공을 위해 더욱 노력하는 KB차차차 될 것을 약속드립니다. 감사합니다. :)",kr.co.kbc.cha.android,5.3.9
Android,손준현,5,,여기서 시세확인하고 차량관리 잘 쓰고있더용,2025-08-29 16:43:06,0.0,"안녕하세요 손준현 고객님, KB차차차입니다. 우선 소중한 리뷰 감사드립니다♥ 간편 회원가입 후 차량번호를 입력해주시면 내 차 시세 조회 및 내 차의 보험,사고이력 조회가 가능하며 놓치기 쉬운 차량관리 서비스를 알아서 차차차가 챙겨 드립니다. 고객님의 성원에 힘입어 다양한 이벤트 또한
진행되고 있으니 앞으로도 KB차차차 많은 관심과 이용 부탁 드립니다. 감사합니다♥",kr.co.kbc.cha.android,5.0.4
Android,teemodaewi010,5,,믿고쓰는 차차차 내 차 관리를 비롯해서 중고차 거래에 대해 믿고 사용할 수 있어 믿고 이용하는거 같습니다. 그리고 룰렛도 매일 돌리는 재미가 있어 꾸준히 접속하게 되네요ㅎ,2025-08-29 16:38:31,0.0,"안녕하세요 고객님. '믿고 쓰는 차차차'라는 말씀만으로도 큰 응원을 받은 기분입니다 ♥ 고객님께서 안심하고 편리한 차량 거래를 할 수 있도록 늘 노력하며, KB차차차가 단순한 중고차 플랫폼을 넘어 고객님의 일상 속 작은 즐거움 또한 전해드릴 수 있도록 늘 최선을 다해 달리겠습니다!",kr.co.kbc.cha.android,
Android,네이처그린,5,,너무 좋아요 쓰기 편해요,2025-08-29 16:24:45,0.0,"안녕하세요 네이처그린 고객님, KB차차차입니다. KB차차차 이용이 편리하셨나요? KB차차차에서는 내 차 팔기도! 사기도! 완전 편리하게 이용하실 수 있답니다~♥ 앞으로도 슬기로운 중고차 생활을 위해 KB차차차와 함께해주세요~!♥",kr.co.kbc.cha.android,
Android,압구정최소희,5,,굿 편리하고 간결한 어플입니다. 중고차 어플중 추천할만 합니다.,2025-08-29 16:08:09,0.0,"안녕하세요 압구정최소희 고객님, KB차차차입니다. 소중한 리뷰 칭찬 감사합니다 국내 최다 매물을 보유한 KB차차차에서는 편리한 검색기능도 함께 갖추어 원하시는 차량을
보다 쉽고 편리하게 찾아보실 수 있습니다!! 소중한 의견 감사드리고 보다 나은 서비스 제공을 위해
더욱 노력하는 KB차차차 될 것을 약속드립니다. 감사합니다. :)",kr.co.kbc.cha.android,5.3.9
Android,이혜민,5,,차가 두대라 바꿀때되면 항상시세확인필슈,2025-08-29 16:05:40,0.0,"안녕하세요 이혜민 고객님, KB차차차입니다. 소중한 리뷰 남겨주셔서 감사합니다♥
차량 2대를 보유하고 계시는 군요! 내차 사고, 팔기 모두 KB차차차에서 가능하니 앞으로도 자주 관심가져주실 거죠?
KB차차차가 제공하는 시세는 믿을 수 있는 AI 기반의 국민시세로 고객님께서 든든하게 이용하실 수 있습니다 :) 앞으로도 많은 관심 부탁드립니다. 감사합니다♥",kr.co.kbc.cha.android,5.3.7
Android,쿄쿄,5,,좋은 중고차 정보 및 다양한 혜택 주네요,2025-08-29 16:03:53,0.0,"안녕하세요 쿄쿄 고객님, KB차차차입니다. 우선 소중한 리뷰 감사드립니다♥ 간편 회원가입 후 차량번호를 입력해주시면 내 차 시세 조회 및 내 차의 보험, 사고이력 조회가 가능하며 놓치기 쉬운 차량관리 서비스를 알아서 차차차가 챙겨 드립니다. 고객님의 성원에 힘입어 다양한 이벤트 또한
진행되고 있으니 앞으로도 KB차차차 많은 관심과 이용 부탁 드립니다. 감사합니다♥",kr.co.kbc.cha.android,5.3.9
Android,Junga Choi,5,,차 시세를 간편하게 알 수 있고 내가 원하는 차량을 한눈에 비교해줘서 편리합니다!!,2025-08-29 16:03:50,0.0,"안녕하세요 Junga Choi 고객님, KB차차차입니다. 칭찬, 진심으로 감사드립니다♥ KB차차차는 고객님들께서 보다 쉽고 편리하게 중고차를
거래하실 수 있도록 다양한 서비스를 통해 도와드리고 있어요. 소중한 리뷰 감사드리고 앞으로도
KB차차차에 많은 사랑과 관심 부탁드립니다. 감사합니다♥",kr.co.kbc.cha.android,
Android,제이제이,5,,ui부터 직관적이고 차테크에최적,2025-08-29 16:01:45,0.0,"안녕하세요, 제이제이 고객님 KB차차차입니다. 우선 소중한 리뷰 정말 감사드립니다!♥ KB차차차만의 '차테크' 서비스를 이용하고 만족하셨다니 저희도 기뻐요! 차테크 서비스에서 내 한도 조회하고~ 조회된 한도로 예산에 맞는 차량도 온라인을 통해 구매하실 수 있으니 자주 이용해주세요! 감사합니다!♥",kr.co.kbc.cha.android,5.3.9
Android,입닫고 빵이나 먹어,1,,어플 평가 좋길래 중고차 사려고 방문 했더니 어김없이 허위매물유도 일산에서 수원까지 왕복 4시간 걸렸는데 너무 허탈하다,2025-08-29 14:50:04,0.0,"안녕하세요 고객님. 먼곳에서 귀한 걸음 해주셨는데 기대에 부응하지 못해 죄송한 마음입니다. KB차차차는 허위매물 등으로 소비자를 기망하는 딜러가 확인되면 강력한 주의조치를 주는 정책을 운영하고 있습니다. 허위 매물 유도에 대한 상세 내역을 KB차차차 1:1 문의함을 통해 상세히 등록해 주시거나 고객센터(1670-4777)를 통해 접수해주시면 해당 내용 조사를 통해 조치후 고객님께 조치내용을 전달드리도록 하겠습니다. 서비스 이용에 만족을 드리지 못한 점 사과드리며, 보다나은 서비스로 소비자 중심 경영을 실현하는 KB차차차가 되도록 꾸준히 개선해 나가겠습니다. 감사합니다.",kr.co.kbc.cha.android,5.3.9
iOS,우원채,1,로그인 계속 튕김,로그인 계속 튕깁니다. 점검해주세요,2025-08-28 16:29:33,,,1112366886,5.0.5
Android,김혜인,5,,중고차 구매하고싶어서 다운받았는데 시세도 정확하고 믿음직스러워요,2025-08-22 22:09:01,0.0,"안녕하세요 고객님. 차를 산다는 건 정말 큰 결정이죠. 그런 중요한 순간에 KB차차차를 선택해 주셔서 진심으로 감사드립니다 ♥ 소중한 리뷰 감사드리며, 앞으로도 중고차 구매의 든든한 파트너로서 늘 고객님 곁에 있겠습니다!",kr.co.kbc.cha.android,5.3.7
Android,간간인,5,,여러 정보를 볼수있어 좋아요,2025-08-22 22:00:59,0.0,"
안녕하세요 고객님, KB차차차입니다.
국내 최다 매물을 보유한 KB차차차에서는 편리한 검색기능도 함께 갖추어 원하시는 차량을 보다 쉽고 편리하게 찾아보실 수 있습니다!!
소중한 의견 감사드리고 보다 나은 서비스 제공을 위해 더욱 노력하는 KB차차차 될 것을 약속드립니다. 감사합니다. :)",kr.co.kbc.cha.android,
Android,한지우,5,,중고차 알아볼때 너무 유용해요! 직접 발품안팔아도 앱으로 자세하게 알아볼수있어서 정말좋아요,2025-08-22 18:36:28,0.0,안녕하세요 고객님. 발품 팔지 않아도 되는 편리함! 바로 KB차차차가 전해드리고 싶은 경험이었어요~~ 고객님의 말씀 덕분에 저희가 가는 방향이 맞다는 확신이 듭니다! 앞으로도 더 유용하고 신뢰할 수 있는 서비스로 보답드릴게요!,kr.co.kbc.cha.android,5.3.2
Android,김문기,5,,보기 편하고 쉬운 설명 좋습니다~~~,2025-08-22 18:17:47,0.0,"안녕하세요 고객님. 보기 편하고 쉬운 설명이 도움되 되셨다니 마음이 뿌듯해집니다. 자동차에 대해 잘 모르시는 분들도 KB차차차를 이용하시기 쉽고, 또 KB차차차에 머무르시는 시간이 의미있을 수 있도록 계속 노력하는 KB차차차가 되겠습니다^^",kr.co.kbc.cha.android,
Android,박주원,5,,중고차 매매할 때 구체적이고 신뢰도 있는 정보가 있어 도움이 되고 매물이 많아 거래할 때 좋습니다^^,2025-08-22 18:06:45,0.0,안녕하세요 고객님. 말씀해주신 것처럼 중고차 매매에서 가장 중요한 것은 '신뢰할 수 있는 정보'와 '다양한 매물'이라고 생각합니다. 중고차를 매매하실 때 KB차차차가 언제나 든든한 나침반과 지도 같은 역할을 해드릴 수 있도록 늘 최선을 다하겠습니다. 감사합니다!,kr.co.kbc.cha.android,5.3.2
Android,조영남,5,,차량이 많아서 보기좋아요~ 차 바꿀때 이용했어요~,2025-08-22 17:43:32,0.0,"안녕하세요 고객님. 고객님께서 차량을 바꾸실 때 저희 KB차차차를 이용해주셨다니, 저희에게는 더 없는 보람입니다. 다양한 매물을 제공하는 것은 저희가 가장 신경 쓰는 부분 중 하나인데, 고객님께서 만족해주셨다니 큰 힘이 되네요. 다음 번에도 차량을 바꾸실 때 가장 먼저 떠올리실 수 있는 KB차차차가 되도록 노력하겠습니다^^",kr.co.kbc.cha.android,5.3.7
Android,이정인,5,,앱 포인트를 활용할 수 있는 마켓이 있으면 좋겠어요. 어플 자체는 편하고 좋습니다.,2025-08-22 17:42:20,0.0,안녕하세요 고객님. 고객님의 소중한 의견과 따뜻한 말씀 진심으로 감사드립니다. 말씀해 주신 의견은 저희가 서비스 개선에 적극 반영할 수 있도록 검토하여 더 알차고 만족스러운 KB차차차가 될 수 있도록 노력하겠습니다. 감사합니다!,kr.co.kbc.cha.android,5.3.7
Android,구영아,5,,KB 차차차❤역시 최고입니다^^ 자동차 앱인데 차차차라니 이름부터 귀에 때려박혀서 참신합니다 게다가 앱이 진짜 사용하기 편하게 쉽게 구성되었습니다 다채로운 이벤트도 자주있어서 안 쓸 이유가 없습니다❤ 무조건 칭찬합니다❤,2025-08-22 17:20:20,4.0,"안녕하세요 고객님. 이름부터 마음에 들어해주시고, 사용성과 이벤트까지 모두 칭찬해주시니 정말 감동입니다. 앞으로도 이름값 제대로, 고객님의 응원에 걸맞게 더 좋은 서비스로 보답드리겠습니다 ♥",kr.co.kbc.cha.android,5.3.7
Android,손루키,5,,다른 곧 보다 차량도 많고 믿을 수 있는 kb라서 차량을 구매할 때 믿음이 갑니다.,2025-08-22 16:44:43,0.0,"안녕하세요 고객님. KB차차차는 검증된 풍부한 매물과 신뢰할 수 있는 정보를 기반으로 고객님께 안심할 수 있는 중고차 거래 경험을 제공하고자 꾸준히 노력하고 있습니다. KB차차차를 이용해 주셔서 감사드리며, 앞으로도 믿고 찾을 수 있는 중고차 플랫폼으로 늘 곁에 있겠습니다^^",kr.co.kbc.cha.android,5.3.7
Android,지긍,5,,차차차어플을 쓰면서 다양한 정보를 알수있었어요,2025-08-22 16:39:20,0.0,"안녕하세요 고객님. KB차차차를 통해 다양한 정보를 확인하실 수 있었다니 큰 보람을 느낍니다. KB차차차는 차량 시세, 매물, 금융, 관리까지 차량 생활 전반에 필요한 정보를 체계적으로 제공해 드리고자 노력하고 있습니다. 앞으로도 더 신뢰할 수 있고 유용한 정보로 고객님께 다가가도록 하겠습니다 ^^",kr.co.kbc.cha.android,5.3.2
Android,로즈로즈,5,,차 비교가 쉽고 다양한 매물이 있어서 중고차 매매에 도움이 많이 되는 믿고 보는 KB차차차,2025-08-22 16:35:33,0.0,안녕하세요 고객님. 차 비교도 쉽고 매물도 다양해서 도움이 되셨다니 정말 뿌듯합니다 ^^ 앞으로도 안심하고 편리하게 쓰실 수 있도록 더 열심히 달리겠습니다 ♥,kr.co.kbc.cha.android,5.3.7
Android,동동글이,5,,"KB 차차차는 “사용하기 쉽고, 원하는 매물을 바로 찾을 수 있어서 만족합니다. 추천합니다.” 어플 “깔끔한 디자인과 빠른 실행 속도가 마음에 듭니다.” “필요한 정보를 빠르게 확인할 수 있어 편리합니다",2025-08-22 16:24:42,0.0,"안녕하세요 고객님, KB차차차입니다. 차차차는 고객님들에게 최적의 사용성과 편리함을 제공하기 위해 노력하고 있습니다.
복잡한 어플은 이제 그만! 차차차 홈화면에서 간편하게 차량 검색, 내차 시세 조회, 내차 관리 등 차차차에서만 만날 수 있는 기능을 최대로 이용해보세요! 감사합니다.",kr.co.kbc.cha.android,5.3.7
Android,인터스텔라,5,,타앱 대비 최적화 잘되어있고 kb 앱들과 비슷해서 쓰기 편해요,2025-08-22 16:15:04,0.0,안녕하세요 고객님. KB의 가족 앱 같은 느낌이 다가오셨다니 저희도 기쁩니다. 최적화까지 잘 되어 있다고 해주셔서 힘이 나네요. 앞으로도 KB의 감성에 차차차만의 편리함과 든든함을 더한 KB차차차가 되겠습니다. 감사합니다!,kr.co.kbc.cha.android,5.3.7
Android,고영원,5,,현시세 잘 비교할 수 있어서 좋습니다,2025-08-22 16:14:36,0.0,안녕하세요 고객님. 말씀해주신 것처럼 정확하고 신뢰할 수 있는 시세 비교 기능은 KB차차차가 가장 중요하게 생각하는 가치입니다. 앞으로도 고객님의 합리적인 선택을 도와드릴 수 있도록 더 정교하고 믿을 수 있는 정보를 제공해드리도록 노력하겠습니다. 감사합니다!,kr.co.kbc.cha.android,5.3.7
Android,bruce lee,5,,믿고 쓰는 kb차차차입니다. UI가 처음 쓰는 사람에게도 시인성 좋게 되어있습니다. 다른 어플보다 손이 더갑니다 매물도좋고!,2025-08-22 16:12:22,0.0,"안녕하세요 고객님. UI와 매물까지 꼼꼼히 봐주셔서 감사합니다. 처음 쓰시는 분도 쉽고, 계속 쓰고 싶어지는 앱이 될 수 있도록 앞으로도 매물과 서비스 모두 최선을 다행 달려가겠습니다. 감사합니다!",kr.co.kbc.cha.android,
Android,변지훈,5,,차량 가격을 쉽게 알아볼수있어서 좋고 구경할거리도 많아서 시간때우기 좋아요,2025-08-22 16:08:05,0.0,"안녕하세요 고객님. 차량 가격을 쉽게 확인하시고 둘러보는 재미까지 느끼셨다니, 큰 보람을 느낍니다. KB차차차는 신뢰할 수 있는 데이터와 폭넓은 매물 정보를 기반으로 고객님께 합리적인 선택과 즐거운 경험을 함께 드리고자 합니다. 앞으로도 즐거움과 전문성을 모두 갖춘 서비스로 고객님 곁에 함께하겠습니다. 감사합니다!",kr.co.kbc.cha.android,5.0.3
Android,징이,5,,만족해용,2025-08-22 16:06:49,0.0,"안녕하세요 고객님, KB차차차입니다. 차차차는 고객님들에게 최적의 사용성과 편리함을 제공하기 위해 노력하고 있습니다.
복잡한 어플은 이제 그만! 차차차 홈화면에서 간편하게 차량 검색, 내차 시세 조회, 내차 관리 등 차차차에서만 만날 수 있는 기능을 최대로 이용해보세요! 감사합니다.",kr.co.kbc.cha.android,5.3.2
Android,zhirui lin,5,,중고차 견적을 쉽게 받을수 있어 제차의 적정 가격을 알수 있어서 편리한 앱이라 생각합니다,2025-08-22 16:06:05,0.0,안녕하세요 고객님. 소중한 경험을 나눠주셔서 진심으로 감사드립니다. 말씀주신 것처럼 내 차의 적정가치를 쉽고 편리하게 확인하실 수 있도록 돕는 것이 KB차차차가 가장 중요하게 생각하는 부분 중에 하나 입니다. 앞으로도 더 정확하고 신뢰할 수 있는 정보를 드리기 위해 꾸준히 노력하는 KB차차차가 되겠습니다. 감사합니다!,kr.co.kbc.cha.android,5.3.2
Android,강태희,5,,다양한 혜택과 이벤트가 잇어서 잘 이용하고 있어요,2025-08-22 16:06:00,0.0,안녕하세요 고객님. 이벤트와 혜택을 잘 이용하고 계시다니 준비한 저희도 뿌듯합니다^^ 앞으로도 고객님께 즐거움과 함께 실질적인 도움을 드릴 수 있는 중고차 플랫폼이 되도록 노력하겠습니다. 감사합니다!,kr.co.kbc.cha.android,5.3.7
Android,이희민,4,,다른곳이랑 비교해보고 견적내었는데 다른곳보다 좀 더 많이 나온것같아요 아쉬운점은 처리과정이 좀 느린편인거같아요,2025-08-22 16:04:17,0.0,"안녕하세요 고객님. 견적 부분에서는 만족하셨지만, 처리 과정에서 아쉬움을 드려 죄송합니다. 말씀해주신 피드백은 소중히 받아들여 더 신속하고 편리한 서비스를 제공할 수 있도록 개선해 나가겠습니다. 혹시 과정 중에 특히 불편하게 느끼셨던 부분이 있으셨다면 추가로 알려주시면 정말 큰 도움이 될 것 같습니다. 고객님의 의견을 반영해 더 빠르고 만족스러운 서비스로 발전해 나가겠습니다. 감사합니다!",kr.co.kbc.cha.android,
Android,최은선,5,,"중고차 살때 정말 유용합니다, 내차 시세는.물론 중고차 비교하는데 정말 수월하구요, 비대면 거래도 가능해서 지인들에게 추천했어요 !!",2025-08-22 16:02:38,0.0,안녕하세요 고객님. 중고차 거래가 필요하신 순간 KB차차차가 도움이 되었다는 말씀 저희에게도 큰 선물이에요. 지인분들께 추천까지 해주셔서 더 힘이 나네요. 앞으로도 믿고 사용하실 수 있는 중고차 플랫폼이 될 수 있도록 노력을 아끼지 않겠습니다. 많은 이용 부탁드립니다. 감사합니다!,kr.co.kbc.cha.android,
Android,JS S,5,,좋아요,2025-08-22 16:02:33,0.0,"안녕하세요 고객님. 짧지만 힘이 되는 말씀 감사합니다. 남겨주신 응원에 큰 보람을 느낍니다. 혹시 앞으로 KB차차차가 더 나아지면 좋겠다 싶은 부분이 있으시면 언제든 들려주세요. KB차차차는 항상 고객님의 의견을 기다리며, 고객님의 의견과 함께 달려가겠습니다! 감사합니다 ♥",kr.co.kbc.cha.android,5.3.7
Android,토토로,5,,사용하기 편리하고 디자인이 좋네요,2025-08-22 16:01:46,0.0,안녕하세요 고객님. KB차차차를 편하게 쓰시고 보기에도 좋다고 해주시니 저희 마음까지 따뜻해졌습니다. 앞으로도 고객님 일상에 자연스럽게 도움이 될 수 있는 KB차차차가 되겠습니다! 감사합니다.,kr.co.kbc.cha.android,
Android,후루루룩맨,5,,좋습니다,2025-08-22 16:01:40,0.0,안녕하세요 고객님. 좋다고 해주신 순간이 저희에게는 최고의 시동 버튼입니다. 앞으로도 신뢰와 편리함을 가득 안겨드릴 수 있도록 항상 노력하겠습니다. 앞으로도 많은 이용 부탁드립니다. 감사합니다!,kr.co.kbc.cha.android,5.3.2
Android,와우,5,,중고차매매할때 도움되는 어플,2025-08-22 16:01:22,0.0,안녕하세요 고객님. 중고차 매매는 사실 작은 차이에도 고민이 커지기 마련이죠. 저희 앱이 도움이 되셨다니 큰 힘이 됩니다. 차를 구매하기로 결심하신 순간부터 거래를 마무리 하는 순간까지 든든한 내비게이션 처럼 옆에서 안내해드릴 수 있도록 앞으로도 열심히 달려보겠습니다. 감사합니다^^,kr.co.kbc.cha.android,
Android,ch park,5,,좋아툐,2025-08-22 16:01:17,0.0,안녕하세요 고객님. 짧은 한 마디지만 고객님의 마음담긴 응원이 저희에겐 긴 여정을 달려나갈 수 있는 큰 원동력이 됩니다. 앞으로도 더 만족스러운 서비스로 보답드리겠습니다!,kr.co.kbc.cha.android,5.3.7
Android,용용용,5,,좋아요,2025-08-22 16:01:00,0.0,"안녕하세요 고객님. '좋다'라는 짧지만 강렬한 그 한 마디가 저희에게는 큰 힘이 됩니다. 고객님의 믿음에 보답할 수 있도록 더 쉽고, 신뢰할 수 있는 KB차차차가 되겠습니다!",kr.co.kbc.cha.android,5.0.3
iOS,yelyel1212,5,kb차차차 어플 편하고 좋네요,"kb차차차 어플 처음 써보는데
편하고 좋네요",2025-08-22 00:09:23,,,1112366886,5.0.3
Android,cuntk kuff,5,,국가대표 중고차 사이트 차차차! ㅎㅇㅌ,2025-08-16 10:58:46,0.0,안녕하세요 고객님. 국가대표라는 응원을 들으니 마음이 뭉클해지네요. 응원해주신 덕분에 저희는 오늘도 내일도 늘 최선을 다하겠습니다. 감사합니다!,kr.co.kbc.cha.android,5.3.2
Android,이수아,5,,앱 간편하고 잘 사용합니다 다양한 정보를 확인할 수있고 편리해서 넘 좋네요,2025-08-15 18:20:07,0.0,안녕하세요 고객님. 편리함과 다양한 정보를 동시에 전해드리고 싶었던 마음이 닿은 것 같아 운영자로서 정말 기쁘고 큰 보람을 느낍니다. 앞으로도 더욱 만족스러운 서비스로 보답드리겠습니다 ♥,kr.co.kbc.cha.android,
Android,이동호,5,,KB차차차앱은 중고차 알아보기 편하고 유용한 기능을 많이 가지고 있어요. 추천합니다.,2025-08-15 17:42:38,1.0,"안녕하세요 고객님, KB차차차입니다. 소중한 리뷰 남겨주셔서 감사합니다. KB차차차는 무엇보다도 고객님께서 어렵게 느껴지는
중고차를 쉽고 편하게 거래하실 수 있도록 도와드리는 것을 목표로 하고 있습니다 :) 미션 콤플릿 할 때까지 옆에
꼭 있어주실거죠~? 간편하지만 든든한! 중고차 플랫폼 KB차차차가 되기 위해 열일하겠습니다. 앞으로도 많은 이용 부탁드립니다.
감사합니다!!",kr.co.kbc.cha.android,5.3.2
Android,MA JAEHUN,5,,제 자동차 시세와 자산의 관리를 동시에 할 수 있는 혁신적인 앱이에요. 추천해요!!!!!!,2025-08-15 16:38:09,0.0,"안녕하세요 고객님. 시세 확인도, 자산 관리도 '한 번에' 가능하다는 게 KB차차차의 매력이죠! 이렇게 만족해 주시고 추천까지 해주시니 큰 힘이 됩니다! 앞으로도 '추천받을 만하다'라는 말이 계속 나올 수 있게 달려가겠습니다!!",kr.co.kbc.cha.android,
Android,유태근,5,,"KB차차차는 중고차 매물 정보가 다양하고 사진과 상세설명이 잘 정리되어 있어 선택이 편했습니다. 가격 비교 기능과 시세 정보가 있어 합리적인 구매 판단에 도움이 됐습니다. 다만, 일부 차량 정보는 업데이트가 늦어 실제 판매 여부를 확인해야 하는 점이 아쉬웠습니다.",2025-08-15 16:23:02,2.0,안녕하세요 고객님. 소중한 경험을 자세히 전해주셔서 감사합니다. 매물 다양성과 시세 비교 기능이 도움이 되셨다니 큰 힘이 됩니다. 말씀해주신 차량 정보 업데이트 부분은 더욱 신속하고 정확하게 반영될 수 있도록 개선해 나가 더 신뢰할 수 있는 KB차차차가 될 수 있도록 노력하겠습니다. 감사합니다!,kr.co.kbc.cha.android,
Android,백종찬,5,,여기서 비교하면 다른곳보다 편하고 좋아요 ㅎㅎ 완전 추천해요,2025-08-15 16:19:48,0.0,안녕하세요 고객님. 중고차 비교는 역시 차차차! 이렇게 만족해 주시고 추천까지 해주시니 큰 응원이 됩니다. 고객님 곁에 더 든든한 서비스로 달려가겠습니다^^,kr.co.kbc.cha.android,5.3.2
Android,나는고양이있어,5,,kb차차차를 통해 중고차 거래를 안심되게 할 수 있을거같아요 중고차 알아보기도 쉬워요,2025-08-15 16:13:14,0.0,안녕하세요 고객님. 중고차 거래는 무엇보다 신뢰가 가장 중요하죠! KB차차차가 든든한 동반자가 될 수 있도록 꾸준히 노력하겠습니다. 감사합니다 고객님^^,kr.co.kbc.cha.android,5.3.2
Android,김요셉,5,,"제 차 시세 알아보려고 깔았는데, 너무 쉽고 정확하게 조회되길래 깜짝 놀랬어요. 신차 가격이랑 비교해서 감가 예상 시세까지 알려주니 좋더라구요. 앱 자체도 복잡하지 않고 첨 쓰는 사람도 헤매지 않게 직관적인게 맘에 들었어요. 중고차 거래 생각하시는 분들께 무조건 추천하고 싶어요!",2025-08-15 16:07:31,86.0,"안녕하세요 고객님. 정성 어린 말씀 진심으로 감사드립니다. 시세 조회와 감가 예상 시세, 직관적인 사용성까지 만족해 주셔서 큰 힘이 됩니다. 말씀해 주신 것처럼 중고차 거래에서 가장 중요한 건 '쉽고 정확한 정보'라고 생각합니다. 앞으로도 고객님께서 안심하고 이용하실 수 있도록 꾸준히 개선해 나가겠습니다. 감사합니다^^",kr.co.kbc.cha.android,5.3.2
Android,조한신,2,,차정보 보기좋음 구매하지 않아도 정보많음,2025-08-15 16:06:38,0.0,안녕하세요 고객님. 차량 정보가 많아 도움이 되셨다니 정말 기쁩니다^^ 앞으로도 누구나 쉽게 비교하고 안심할 수 있도록 꼼꼼히! 챙기겠습니다. 감사합니다!,kr.co.kbc.cha.android,
Android,돈이오브스져,5,,차가 다양해서 좋고 가격도 저렴합니다 ㅎㅎ,2025-08-15 16:06:28,0.0,안녕하세요 고객님. 차값 비교가 쉬워야 진짜 차차차죠! 고객님 덕분에 더 힘내서 달려보겠습니다! 감사합니다^^,kr.co.kbc.cha.android,
Android,김기철,5,,내 차 시세정보 및 관리에 있어서 보기 편하고 중고차 알아보기도 간편하고 좋아요!,2025-08-15 16:04:12,0.0,안녕하세요 고객님. 똑똑한 AI 시세정보와 내차관리 서비스가 역시 차차차의 큰 장점이죠! 고객님께서 해주신 칭찬이 큰 힘이 됩니다. KB차차차만의 장점이 더 잘 느껴지실 수 있도록 꾸준히 개선해 나가겠습니다. 감사합니다!,kr.co.kbc.cha.android,5.3.2
Android,희하,5,,내 차 비교도 할 수 있고 커뮤니티가 잘 되어있습니다 중고차를 구매하거나 차종의 정보를 알 수 있게 잘 되어 있는 어플이라고 생각합니다,2025-08-15 16:03:00,0.0,안녕하세요 고객님. 따뜻한 리뷰 덕분에 KB차차차도 힘껏 달려갑니다! 언제나 든든한 드라이빙 파트너가 되어드릴게요!,kr.co.kbc.cha.android,
Android,성진홍,5,,차량 시세비교가 용이합니다,2025-08-15 16:03:00,0.0,안녕하세요 고객님. 소중한 말씀 감사합니다. 고객님께서 편하게 시세를 비교하실 수 있도록 항상 정확하고 신뢰할 수 있는 정보를 제공해드리겠습니다. 감사합니다!,kr.co.kbc.cha.android,5.3.2
Android,Seungmin nob,5,,중고차 매매에 있어서 합리적이고 다양한 매물들을 많이 보유하고 있어 둘러보기 좋네요 인증도 되있으니 믿고 해볼만한 서비스라고 생각됩니다.,2025-08-15 16:02:58,0.0,안녕하세요 고객님. 따뜻한 마음 전해주셔서 정말 감사합니다. 고객님께서 차를 찾는 여정이 늘 즐겁고 편안할 수 있도록 더 노력하겠습니다! 감사합니다♥,kr.co.kbc.cha.android,
Android,서효진 (서하마),5,,중고차 매매뿐만 아니라 다양한 차에 대한 관리! 그리고 믿을수 있는 KB를 통해 이용할 수 있는 어플입니다,2025-08-15 16:01:31,0.0,안녕하세요 고객님. 차량 관리부터 매매까지 믿고 이용할 수 있는 앱으로 봐주셔서 진심으로 감사합니다. 말씀해주신 신뢰에 보답할 수 있도록 더 편리하고 든든한 서비스로 발전해 나가는 KB차차차가 되겠습니다! 감사합니다!,kr.co.kbc.cha.android,5.3.2
Android,김희선,4,,내차 시세를 빠르고 간편하게 조회해볼 수 있어 좋았어요,2025-08-08 17:35:56,0.0,안녕하세요 고객님. 간편하고 신속하게 내 차 시세를 확인하실 수 있었다는 말씀에 저희가 드리고자 한 가치가 잘 전해진 것 같아 뿌듯함을 느낍니다. KB차차차는 검증된 데이터를 토대로 신속하면서도 정확한 시세 산출을 위해 늘 노력하고 있습니다. 언제든 믿고 확인하실 수 있는 서비스가 되겠습니다!,kr.co.kbc.cha.android,
Android,아가페,5,,너무 좋습니다,2025-08-08 17:33:10,0.0,"안녕하세요 고객님, 따뜻한 말씀 정말 감사합니다. 고객님께서 '너무 좋다'고 느껴주신 순간이 저희에게는 큰 보람으로 느껴집니다. KB차차차를 통해 언제나 만족과 신뢰를 드릴 수 있도록 지속 노력해나가겠습니다. 감사합니다^^",kr.co.kbc.cha.android,5.3.2
iOS,hahaha7909,1,1대1 문의하기가 없나요?,"딜러한테 문의 하기 말고 앱 사용문의 같은게 없나요?
내차팔기로 사진 올리고 경매 시작하기 누르면 데이터처리중 오류가 발생 했습니다. 뜨고 진행이 안되요.
여기서 차 팔고 싶겠습니까?",2025-08-07 17:25:14,,,1112366886,5.0.3
iOS,웬월,5,선물,굿,2025-08-07 13:52:19,,,1112366886,5.0.3
Android,SOOJIN PARK,1,,내차팔기셀프시 계속 데이터오류로 진행이안됨. 지우고다시해도 안됨. 시간낭비. 다른 엔카나 이런데가날것같음.,2025-08-05 15:55:29,2.0,"안녕하세요 고객님, KB차차차 입니다. 저희 서비스를 이용하시던 중에 불편함을 느끼시게 해드려 대단히 죄송합니다. 불편함을 느끼셨음에도 불구하고 의견 남겨주심에 또한 감사드리며, 내차팔기 셀프 진행 시 보다 안정적이고 개선된 서비스를 제공해 드릴 수 있도록 노력하겠습니다. 기회가 되신다면 KB차차차를 다시 한 번 찾아주시길 소망합니다. 한 걸음 한 걸음 고객님 곁으로 다가가는 KB차차차가 되도록 노력하겠습니다. 감사합니다.",kr.co.kbc.cha.android,5.3.2
Android,ko ko,1,,동시에 올린 3개의 앱중에 제일 엄청 꼼꼼하게 자세하게 차량 검진을 함 전문적으로 느껴져서 오히려 좋음 근데 하늘에 맹세코 차를 수리하거나 고친적이 전혀 없는데 뒷판이 교체된 흔적이 있다고 그렇게 올림 진짜ㅋㅋ너무 억울하고 당황;신차로 구매해서 3만도 타지않은 차고 타이어 엔진오일 교체 말고 수리를 한 적이 1도 없음; 타 업체 총 3개앱으로 검진해서 올린건데 여기서만 그렇게 판단내리고 가격도 젤 후려쳐짐 아무리 아니라고해도 자기가 보기엔 그래서 어쩔 수 없다고함 ㅋㅋ 진짜 어이가 없음 어차피 본인이 그렇게 검진했다는데 뭐 더이상 거론해봤자 의미도 없고 다른 앱도 올렸으니 그냥 날도 더운데 소모전 할 이유도 없어서 알았다고하고 경매 시작했는데 역시나 가격 후려쳐지고 결국 다른앱에서 판매진행 중이지만 사람하는 일이나 당연히 이런일 저런일 생길수도 있지만 진짜 이건 차가격에 너무 영향을 주는 부분이라 이런 실수가 일어나는건 좀 더 보완책이 필요할 듯,2025-08-02 21:37:15,98.0,"안녕하세요 고객님, KB차차차 입니다. 고객님께서 소중히 운행해오신 차량을 저희 KB차차차를 통해 판매 진행하시고자 하셨는데, 이런 불편함을 느끼게 해드려 너무 죄송합니다. 더불어 KB차차차의 개선을 위해 이렇게 상세히 리뷰 남겨주신데 대해 감사드립니다. 말씀주신 차량 검진 부분에 대해서는 실수나 오류가 없도록 관련 프로세스를 다시 한 번 확인하여 더 나은 서비스를 제공드릴 수 있도록 노력하겠습니다. 다시 한 번 KB차차차를 찾아주신다면 KB차차차를 통해 만족을 느끼실 수 있도록 언제나 노력하는 KB차차차가 되겠습니다. 고객님의 관심에 항상 감사드립니다!",kr.co.kbc.cha.android,5.3.2
Android,호피,1,,"회원가입, 로그인, 아이디비번찾기 오류가 많음.",2025-07-22 14:45:01,1.0,"안녕하세요 고객님, KB차차차입니다. 우선 KB차차차 이용에 불편을 드려 대단히 죄송합니다.
오류가 발생할 경우 KB차차차 대표번호 1670-4777로 연락주시면 최선을 다해 도와드리도록 하겠습니다. 다시 한 번 이용에 불편을 드려 대단히 죄송합니다. 감사합니다.",kr.co.kbc.cha.android,
iOS,고흐곰,5,좋아요,속도빠르고 이벤트빠방,2025-07-20 06:53:10,,,1112366886,5.0.3
Android,그까이꺼,4,,조금 제미없음,2025-07-20 02:03:28,0.0,"안녕하세요 고객님, KB차차차입니다. 우선 KB차차차 이용에 불편을 드려 대단히 죄송합니다.
오류가 발생할 경우 KB차차차 대표번호 1670-4777로 연락주시면 최선을 다해 도와드리도록 하겠습니다. 다시 한 번 이용에 불편을 드려 대단히 죄송합니다. 감사합니다.",kr.co.kbc.cha.android,5.3.2
Android,김순옥,5,,처음뵙는데도 믿음이 가는 진솔한 만남였어요 만족했습니다,2025-07-19 07:43:00,0.0,"안녕하세요 고객님, KB차차차입니다. 차차차는 고객님들에게 최적의 사용성과 편리함을 제공하기 위해 노력하고 있습니다.
복잡한 어플은 이제 그만! 차차차 홈화면에서 간편하게 차량 검색, 내차 시세 조회, 내차 관리 등 차차차에서만 만날 수 있는 기능을 최대로 이용해보세요! 감사합니다.",kr.co.kbc.cha.android,
Android,김성륜,2,,차량을 보다가 로그인 했을때 보던 차량이 아닌 메인 화면으로 돌아가는게 과연 맞는것일까 고민해보시면 좋을것 같습니다,2025-07-06 22:09:58,0.0,"안녕하세요 고객님, KB차차차입니다. 우선 KB차차차 이용에 불편을 드려 대단히 죄송합니다.
오류가 발생할 경우 KB차차차 대표번호 1670-4777로 연락주시면 최선을 다해 도와드리도록 하겠습니다. 다시 한 번 이용에 불편을 드려 대단히 죄송합니다. 감사합니다.
",kr.co.kbc.cha.android,5.3.2
iOS,뚜아우지니맘,5,이벤트 잘걸려요!!!,고맙습니당,2025-07-03 17:55:55,,,1112366886,5.0.3
Android,RED HONG (RED),3,,UI 디자인 누가함 도대체.... 00년대 필나네,2025-06-28 15:49:04,0.0,"안녕하세요 고객님, KB차차차입니다. 우선 KB차차차 이용에 불편을 드려 대단히 죄송합니다.
오류가 발생할 경우 KB차차차 대표번호 1670-4777로 연락주시면 최선을 다해 도와드리도록 하겠습니다. 다시 한 번 이용에 불편을 드려 대단히 죄송합니다. 감사합니다.",kr.co.kbc.cha.android,5.3.2
Android,박세리,5,,깔끔하고 유용해요~,2025-06-27 19:43:20,0.0,"안녕하세요 고객님, KB차차차입니다. 차차차는 고객님들에게 최적의 사용성과 편리함을 제공하기 위해 노력하고 있습니다.
복잡한 어플은 이제 그만! 차차차 홈화면에서 간편하게 차량 검색, 내차 시세 조회, 내차 관리 등 차차차에서만 만날 수 있는 기능을 최대로 이용해보세요! 감사합니다.",kr.co.kbc.cha.android,
Android,최성경,5,,kb차차차 덕분에 중고차도 더 믿고 구매할 수 있을 것 같아요~,2025-06-27 17:20:35,1.0,"안녕하세요 고객님, KB차차차입니다. 차차차는 고객님들에게 최적의 사용성과 편리함을 제공하기 위해 노력하고 있습니다.
복잡한 어플은 이제 그만! 차차차 홈화면에서 간편하게 차량 검색, 내차 시세 조회, 내차 관리 등 차차차에서만 만날 수 있는 기능을 최대로 이용해보세요! 감사합니다.",kr.co.kbc.cha.android,5.3.2
Android,gu ggle,5,,차를 중고로 매매할 수 있어서 좋아요. 깨끗하게 잘 쓰고 나서 다시 좋은 가격에 매도하여 다시 목돈을 마련할 기회가 되네요. 첫 차는 여기서 중고차로 사려구요. 좋은 구매 합니다~,2025-06-27 17:17:21,0.0,"안녕하세요 고객님, KB차차차입니다. 차차차는 고객님들에게 최적의 사용성과 편리함을 제공하기 위해 노력하고 있습니다.
복잡한 어플은 이제 그만! 차차차 홈화면에서 간편하게 차량 검색, 내차 시세 조회, 내차 관리 등 차차차에서만 만날 수 있는 기능을 최대로 이용해보세요! 감사합니다.",kr.co.kbc.cha.android,5.3.2
Android,멋쟁이신사,5,,정말 잘 쓰고있는 앱입니다 차에 대한 많은 정보를 얻을 수 있고 깔끔한 앱 기동성으로 사용하기도 편하네요 차가 있으신 분들에게는 최고의 앱이고 앞으로도 자주 사용하게 될거같아요!,2025-06-27 16:53:32,0.0,"안녕하세요 고객님, KB차차차입니다. 차차차는 고객님들에게 최적의 사용성과 편리함을 제공하기 위해 노력하고 있습니다.
복잡한 어플은 이제 그만! 차차차 홈화면에서 간편하게 차량 검색, 내차 시세 조회, 내차 관리 등 차차차에서만 만날 수 있는 기능을 최대로 이용해보세요! 감사합니다.",kr.co.kbc.cha.android,
Android,김용관,5,,아주 잘쓰고있습니다,2025-06-27 16:38:49,0.0,"안녕하세요 고객님, KB차차차입니다. 차차차는 고객님들에게 최적의 사용성과 편리함을 제공하기 위해 노력하고 있습니다.
복잡한 어플은 이제 그만! 차차차 홈화면에서 간편하게 차량 검색, 내차 시세 조회, 내차 관리 등 차차차에서만 만날 수 있는 기능을 최대로 이용해보세요! 감사합니다.",kr.co.kbc.cha.android,5.3.2
Android,김한별,5,,중고차 거래앱으로 시세파악을 할 수 있어서 좋습니다 ㅎ,2025-06-27 16:26:22,0.0,"안녕하세요 고객님, KB차차차입니다. 차차차는 고객님들에게 최적의 사용성과 편리함을 제공하기 위해 노력하고 있습니다.
복잡한 어플은 이제 그만! 차차차 홈화면에서 간편하게 차량 검색, 내차 시세 조회, 내차 관리 등 차차차에서만 만날 수 있는 기능을 최대로 이용해보세요! 감사합니다.",kr.co.kbc.cha.android,5.3.2
Android,깡깡,5,,kb차차차앱으로 중고차 거래를 간편하게 안전하게 할수 있어서 너무 좋아요 차량검색과 비교가 정확하고 편리합니다 강력 추천합니다,2025-06-27 16:25:18,0.0,"안녕하세요 고객님, KB차차차입니다. 차차차는 고객님들에게 최적의 사용성과 편리함을 제공하기 위해 노력하고 있습니다.
복잡한 어플은 이제 그만! 차차차 홈화면에서 간편하게 차량 검색, 내차 시세 조회, 내차 관리 등 차차차에서만 만날 수 있는 기능을 최대로 이용해보세요! 감사합니다.",kr.co.kbc.cha.android,5.3.2
Android,백기철,5,,앱 구성이 아주 좋습니다.,2025-06-27 16:16:14,0.0,"안녕하세요 고객님, KB차차차입니다. 차차차는 고객님들에게 최적의 사용성과 편리함을 제공하기 위해 노력하고 있습니다.
복잡한 어플은 이제 그만! 차차차 홈화면에서 간편하게 차량 검색, 내차 시세 조회, 내차 관리 등 차차차에서만 만날 수 있는 기능을 최대로 이용해보세요! 감사합니다.",kr.co.kbc.cha.android,5.3.2
Android,Google 사용자,5,,좋아요!,2025-06-27 16:12:08,0.0,"안녕하세요 고객님, KB차차차입니다. 차차차는 고객님들에게 최적의 사용성과 편리함을 제공하기 위해 노력하고 있습니다.
복잡한 어플은 이제 그만! 차차차 홈화면에서 간편하게 차량 검색, 내차 시세 조회, 내차 관리 등 차차차에서만 만날 수 있는 기능을 최대로 이용해보세요! 감사합니다.",kr.co.kbc.cha.android,4.9.11
Android,겨리튜브,5,,"다른 어플보다 구성이 잘되어있다. 나름 잘사용중이며 시세조회용으로도 좋다 굿 차량종류도 많고, 매물도 많아서 중고차 어플중 최고",2025-06-27 16:10:16,1.0,"안녕하세요 고객님, KB차차차입니다. 칭찬, 진심으로 감사드립니다 ^^ KB차차차는 고객님들께서 보다 쉽고 편리하게 중고차를
거래하실 수 있도록 다양한 서비스를 통해 도와드리고 있어요.
소중한 리뷰 감사드리고 앞으로도 KB차차차에 많은 사랑과 관심 부탁드립니다. 감사합니다",kr.co.kbc.cha.android,5.3.2
Android,suu H,5,,쉽게 비교해볼수있고 앱 사용하기도 편해요 다양한 이벤트도 있어서 좋아요,2025-06-27 16:06:21,0.0,"안녕하세요 고객님, KB차차차입니다. 칭찬, 진심으로 감사드립니다 ^^ KB차차차는 고객님들께서 보다 쉽고 편리하게 중고차를 거래하실 수 있도록 다양한 서비스를 통해 도와드리고 있어요. 소중한 리뷰 감사드리고 앞으로도 KB차차차에 많은 사랑과 관심 부탁드립니다. 감사합니다",kr.co.kbc.cha.android,5.3.0
Android,한규태,5,,예전에 비해 정말 좋아졌네요! 중고차 신뢰도 높이는데 많은 기여를한거같아요ㅎ,2025-06-27 16:06:10,0.0,"안녕하세요 고객님, KB차차차입니다. 칭찬, 진심으로 감사드립니다 ^^ KB차차차는 고객님들께서 보다 쉽고 편리하게 중고차를 거래하실 수 있도록 다양한 서비스를 통해 도와드리고 있어요. 소중한 리뷰 감사드리고 앞으로도 KB차차차에 많은 사랑과 관심 부탁드립니다. 감사합니다",kr.co.kbc.cha.android,
Android,허준형,5,,KB 차차차 어플은 혜택이 좋은 것 같아요!!,2025-06-27 16:05:19,0.0,"안녕하세요 고객님, KB차차차입니다. 칭찬, 진심으로 감사드립니다 ^^ KB차차차는 고객님들께서 보다 쉽고 편리하게 중고차를 거래하실 수 있도록 다양한 서비스를 통해 도와드리고 있어요. 소중한 리뷰 감사드리고 앞으로도 KB차차차에 많은 사랑과 관심 부탁드립니다. 감사합니다",kr.co.kbc.cha.android,5.3.2
Android,이이동규,5,,앱 ui가 깔끔하고 사용하기 간편해서 좋았어요. 원하는 차량 검색도 다양한 조건에 맞춰서 검색할 수 있는 점이 맘에듭니다!,2025-06-27 16:05:03,0.0,"안녕하세요 고객님, KB차차차입니다. 칭찬, 진심으로 감사드립니다 ^^ KB차차차는 고객님들께서 보다 쉽고 편리하게 중고차를 거래하실 수 있도록 다양한 서비스를 통해 도와드리고 있어요. 소중한 리뷰 감사드리고 앞으로도 KB차차차에 많은 사랑과 관심 부탁드립니다. 감사합니다",kr.co.kbc.cha.android,5.3.2
Android,쪼나무,5,,중고차 살때 너무 좋아요!! 추천합니다,2025-06-27 16:04:31,0.0,"안녕하세요 고객님, KB차차차입니다. 칭찬, 진심으로 감사드립니다 ^^ KB차차차는 고객님들께서 보다 쉽고 편리하게 중고차를 거래하실 수 있도록 다양한 서비스를 통해 도와드리고 있어요. 소중한 리뷰 감사드리고 앞으로도 KB차차차에 많은 사랑과 관심 부탁드립니다. 감사합니다",kr.co.kbc.cha.android,5.0.0
Android,*채윤,5,,잘 사용하고 있습니다~ 더 합리적인 가격이면 좋겠어요,2025-06-27 16:03:53,0.0,"안녕하세요 고객님, KB차차차입니다. 차차차는 고객님들에게 최적의 사용성과 편리함을 제공하기 위해 노력하고 있습니다.
복잡한 어플은 이제 그만! 차차차 홈화면에서 간편하게 차량 검색, 내차 시세 조회, 내차 관리 등 차차차에서만 만날 수 있는 기능을 최대로 이용해보세요! 감사합니다.",kr.co.kbc.cha.android,5.3.2
Android,전영주,5,,"첫 차로는 중고차 사야지 하고 중고차 매물을 알아보고 구매하려고 가입했는데 어쩌다보니 신차 구매한 사람입니다. 신차여도 내 차 번호만 입력해놓으면 차고 안의 내 차 시세변동을 실시간으로 알려줘서 유용합니다. 특히나 차량검사일, 보험료, 나와 같은 차를 어떤 연령 성별이 타는지도 통계 내주는게 좋아요!! 거기다가 차량 소모품 교체 관리도 굿굿",2025-06-27 16:02:28,21.0,"안녕하세요 고객님, KB차차차입니다. 모니터가 왜이렇게 밝나 했더니 고객님 리뷰가 빛나고 있었네요_★ 그럼요그럼요! KB차차차를 깔고 ~ 나의 성공시대 시작됐따 ♬ KB차차차를 깔고 ~ 내가 찾는 차가 많아졌다 ♬ 국내 최다 매물을 보유한 KB차차차에서는 고객님께서 찾으시는 바로 그 차, 찾을 확률 업! 이 많은 매물 언제 다보지? 걱정하지마 nonono ~♬ 보다 편리해진 검색기능으로 원하는 차량만 쏙쏙 골라보실 수 있을 뿐 아니라 간단한 조건만 입력해주시면 딜러가 직접 믿을 수 있는 매물로 추천드리는 구해줘차차차 서비스도 이용하실 수 있으니 안심하고 편리하게 중고차 구매해보세요!",kr.co.kbc.cha.android,5.3.2
Android,Kwangyeon Park,5,,내차팔기 할때 빠르게 견적이 접수되어 한눈에 보기 쉬웠습니다,2025-06-27 16:01:45,0.0,"안녕하세요 고객님, KB차차차입니다. 차차차는 고객님들에게 최적의 사용성과 편리함을 제공하기 위해 노력하고 있습니다.
복잡한 어플은 이제 그만! 차차차 홈화면에서 간편하게 차량 검색, 내차 시세 조회, 내차 관리 등 차차차에서만 만날 수 있는 기능을 최대로 이용해보세요! 감사합니다.",kr.co.kbc.cha.android,5.3.0
Android,옥수수맛콘,5,,간편하게 차에 관한 정보들을 알 수 있어서 좋아요!,2025-06-27 16:01:36,0.0,"안녕하세요 고객님, KB차차차입니다. 차차차는 고객님들에게 최적의 사용성과 편리함을 제공하기 위해 노력하고 있습니다.
복잡한 어플은 이제 그만! 차차차 홈화면에서 간편하게 차량 검색, 내차 시세 조회, 내차 관리 등 차차차에서만 만날 수 있는 기능을 최대로 이용해보세요! 감사합니다.",kr.co.kbc.cha.android,5.0.1
Android,렐더,5,,너무 쾌적한 앱경험이에요 빠르고 직관적이고 너무 좋습니다!!,2025-06-27 16:01:25,0.0,"안녕하세요 고객님, KB차차차입니다. 차차차는 고객님들에게 최적의 사용성과 편리함을 제공하기 위해 노력하고 있습니다.
복잡한 어플은 이제 그만! 차차차 홈화면에서 간편하게 차량 검색, 내차 시세 조회, 내차 관리 등 차차차에서만 만날 수 있는 기능을 최대로 이용해보세요! 감사합니다.",kr.co.kbc.cha.android,4.8.0
Android,crazy boy,1,,서비스탈퇴 들어가면 아무것도 클릭이안되서 탈퇴를 못함 무슨더러운 수작인지...,2025-06-23 18:29:09,1.0,"안녕하세요 고객님, KB차차차입니다. 우선 KB차차차 이용에 불편을 드려 대단히 죄송합니다.
오류가 발생할 경우 KB차차차 대표번호 1670-4777로 연락주시면 최선을 다해 도와드리도록 하겠습니다. 다시 한 번 이용에 불편을 드려 대단히 죄송합니다. 감사합니다.",kr.co.kbc.cha.android,5.3.0
Android,기모찌콘,1,,갤럭시s9 루팅한적이 없는데 실행이 안됨. 얼탱이 없네,2025-06-22 05:05:43,0.0,"안녕하세요 고객님, KB차차차입니다. 우선 KB차차차 이용에 불편을 드려 대단히 죄송합니다.
오류가 발생할 경우 KB차차차 대표번호 1670-4777로 연락주시면 최선을 다해 도와드리도록 하겠습니다. 다시 한 번 이용에 불편을 드려 대단히 죄송합니다. 감사합니다.",kr.co.kbc.cha.android,
iOS,채식채식,5,좋은 매물과 재미진 이벤트가 많아요,특정지역에 한정되긴 하지만 흥미로운 매물이 많이 보이고 재미있는 이벤트가 많아요~!!,2025-06-21 21:28:40,,,1112366886,5.0.2
Android,stop stop,1,,잇지도 않은 마이데이터 이미 가입햇다 나오고 탈퇴도 핸폰 번호가 다르다면서 내맘대로 탈퇴도 안됨,2025-06-21 07:02:43,1.0,"안녕하세요 고객님, KB차차차입니다. 우선 KB차차차 이용에 불편을 드려 대단히 죄송합니다. 오류사항은 KB차차차 대표번호 1670-4777로 연락주시면 최선을 다해 도와드리도록 하겠습니다. 감사합니다.",kr.co.kbc.cha.android,5.3.0
Android,김진철,5,,kb인증 중고차라서 조금이라도 더 믿고 비교하게 되는거 같아요. 차에 대해서 해박하지 않아도 쉽게 차량정보도 알 수 있어서 좋아요.,2025-06-20 21:34:04,2.0,"안녕하세요 고객님, KB차차차입니다.
국내 최다 매물을 보유한 KB차차차에서는 편리한 검색기능도 함께 갖추어 원하시는 차량을 보다 쉽고 편리하게 찾아보실 수 있습니다!!
소중한 의견 감사드리고 보다 나은 서비스 제공을 위해 더욱 노력하는 KB차차차 될 것을 약속드립니다. 감사합니다. :)",kr.co.kbc.cha.android,5.3.0
Android,A a010,5,,편리하게 내 차 정보나 다른 중고차 상황을 알 수 있었어요. 매매할때 이용해 보려고 합니다.,2025-06-20 17:36:40,0.0,"안녕하세요 고객님, KB차차차입니다.
국내 최다 매물을 보유한 KB차차차에서는 편리한 검색기능도 함께 갖추어 원하시는 차량을 보다 쉽고 편리하게 찾아보실 수 있습니다!!
소중한 의견 감사드리고 보다 나은 서비스 제공을 위해 더욱 노력하는 KB차차차 될 것을 약속드립니다. 감사합니다. :)",kr.co.kbc.cha.android,
Android,김준서,5,,"중고차 매물 쉽지않은데, KB차차차 어플덕에 편하게 이용하고 있네요ㅎ KB라서 믿고 잘 사용하고 있습니다ㅎ 특히, 시세 기능 좋아요!!",2025-06-20 17:21:25,0.0,"안녕하세요 고객님, KB차차차입니다. 중고차 살 때, 이거 하나만 기억하세요. KB차차차! 국내 최다 매물 보유로 고객님 마음에 쏙 드는 차량을 찾을 확률은 업업! 팔아줘/직거래/구해줘/바꿔줘 등 고객님의 안전하고 편리한 중고차 거래생활을 도와드릴 다양한 서비스도 준비 완료! 게다가 이 모든 서비스 무료로 이용해보실 수 있으니 더욱 좋겠죠? 차량에 대한 다양한 정보는 물론 금융서비스까지 원스톱으로 이용하실 수 있으니 중고차 살땐, KB차차차만 기억해주세요! 소중한 의견 감사드리고 앞으로도 KB차차차에 많은 사랑과 관심 부탁드립니다. 감사합니다!",kr.co.kbc.cha.android,5.2.7
Android,호야,5,,첫 중고차 어플인데 사용이 편하고 매물이 많아서 좋았습니다 ^^,2025-06-20 17:19:43,0.0,"안녕하세요 고객님, KB차차차입니다.
국내 최다 매물을 보유한 KB차차차에서는 편리한 검색기능도 함께 갖추어 원하시는 차량을 보다 쉽고 편리하게 찾아보실 수 있습니다!!
소중한 의견 감사드리고 보다 나은 서비스 제공을 위해 더욱 노력하는 KB차차차 될 것을 약속드립니다. 감사합니다. :)",kr.co.kbc.cha.android,5.3.0
Android,갬스,3,,엔카 허위와 성능 사기로 차차차 봤는데 역시나 여기도 성능기록 사기는 많네요,2025-06-20 16:43:11,0.0,"안녕하세요 고객님, KB차차차입니다. 우선 KB차차차 이용에 불편을 드려 대단히 죄송합니다.
남겨주신 리뷰 확인하여 빠르게 확인 및 조치 진행하고 있습니다. 앞으로 고객님의 이용에 불편함이 없도록 지속 모니터링 중이며, 보다 나은 서비스 제공을 위해 노력하겠습니다. 감사합니다.",kr.co.kbc.cha.android,5.2.7
Android,이하나,5,,내차시세나 관심중고차 시세를 잘볼수있어서 편리합니다. 앱구동도 잘되어서 좋아요.,2025-06-20 16:34:02,0.0,"안녕하세요 고객님, KB차차차입니다. 소중한 리뷰 남겨주셔서 감사합니다.
간편하지만 든든함까지 챙기는 KB차차차!
기능은 간편하게~ 서비스는 든든하게~ 언제나 고객님의 입장에서 고민하는 KB차차차입니다 :)
앞으로도 믿고 사용하실 수 있는 유일한 중고차 플랫폼이 될 수 있도록 노력을 아끼지 않겠습니다. 많은 이용 부탁드립니다. 감사합니다!",kr.co.kbc.cha.android,5.3.0
Android,고은희,5,,중고차량 매매 알아보고 있는데 쉬운 인터페이스로 사용이 편리하고 내차시세도 정기적으로 안내를 해주는점이 마음에 들었습니다. 중고차 쉽게 거래할 수있는게 큰장점이네요.,2025-06-20 16:25:09,1.0,"안녕하세요 고객님, KB차차차입니다. 소중한 리뷰 남겨주셔서 감사합니다.
간편하지만 든든함까지 챙기는 KB차차차!
기능은 간편하게~ 서비스는 든든하게~ 언제나 고객님의 입장에서 고민하는 KB차차차입니다 :)
앞으로도 믿고 사용하실 수 있는 유일한 중고차 플랫폼이 될 수 있도록 노력을 아끼지 않겠습니다. 많은 이용 부탁드립니다. 감사합니다!",kr.co.kbc.cha.android,5.2.7
Android,이혜진,5,,비교하기 쉬워서 좋아요.,2025-06-20 16:18:53,0.0,"안녕하세요 고객님, KB차차차입니다.
국내 최다 매물을 보유한 KB차차차에서는 편리한 검색기능도 함께 갖추어 원하시는 차량을 보다 쉽고 편리하게 찾아보실 수 있습니다!!
소중한 의견 감사드리고 보다 나은 서비스 제공을 위해 더욱 노력하는 KB차차차 될 것을 약속드립니다. 감사합니다. :)",kr.co.kbc.cha.android,5.2.7
Android,DD DD,5,,"최고의 자동차 비교 어플인거 같아요. 신뢰성도 높고, 허위매물도 실시간으로 관리해준대는게 느껴지네요. 강추드립니다!",2025-06-20 16:17:20,0.0,"안녕하세요 고객님, KB차차차입니다.
국내 최다 매물을 보유한 KB차차차에서는 편리한 검색기능도 함께 갖추어 원하시는 차량을 보다 쉽고 편리하게 찾아보실 수 있습니다!!
소중한 의견 감사드리고 보다 나은 서비스 제공을 위해 더욱 노력하는 KB차차차 될 것을 약속드립니다. 감사합니다. :)",kr.co.kbc.cha.android,5.2.2
Android,윤솔,5,,"KB차차차 앱은 너무 깔끔하고 사용하기 쉬워서 중고차 살 때 진짜 편리해요. 매물도 많고, 사진과 상세정보가 잘 정리되어 있어서 원하는 차량을 금방 찾을 수 있죠. KB진단 매니저가 직접 진단해 무사고 차량만 선별해주고 진단 영상까지 공개해서 신뢰도가 높아요. 시세 조회도 엄청 간편하고, AI 분석 그래프까지 지원해서 감가율도 쉽게 알 수 있습니다. 차량 판매할 때도 여러 딜러에게 견적 한 번에 받을 수 있어서 시간 절약 되고, 관리 기능까지 있어서 정말 추천하고 싶어요!",2025-06-20 16:14:42,67.0,"안녕하세요 고객님, KB차차차입니다.
국내 최다 매물을 보유한 KB차차차에서는 편리한 검색기능도 함께 갖추어 원하시는 차량을 보다 쉽고 편리하게 찾아보실 수 있습니다!!
소중한 의견 감사드리고 보다 나은 서비스 제공을 위해 더욱 노력하는 KB차차차 될 것을 약속드립니다. 감사합니다. :)",kr.co.kbc.cha.android,5.3.0
Android,손정관,5,,짱입니다용,2025-06-20 16:14:10,0.0,"안녕하세요 고객님, KB차차차입니다.
국내 최다 매물을 보유한 KB차차차에서는 편리한 검색기능도 함께 갖추어 원하시는 차량을 보다 쉽고 편리하게 찾아보실 수 있습니다!!
소중한 의견 감사드리고 보다 나은 서비스 제공을 위해 더욱 노력하는 KB차차차 될 것을 약속드립니다. 감사합니다. :)",kr.co.kbc.cha.android,4.9.12
Android,이경미,5,,"KB차차차 앱 써보고 정말 만족했어요! 중고차 처음 알아보는 입장에선 뭐부터 시작해야 할지 막막했는데, 앱 안에서 차량 정보부터 조건 검색까지 한눈에 보기 쉽게 정리돼 있어서 너무 편하더라고요. 인터페이스도 깔끔하고 직관적이라 헤매지 않고 바로 원하는 차를 찾을 수 있었어요. 특히 KB라는 신뢰감이 있어서 더 안심하고 볼 수 있었고요. 앱 속도가 살짝 느릴 때만 개선되면 정말 완벽할 것 같아요. 저처럼 중고차 처음 알아보는 분들께 강력 추천해요! 부모님이나 친구가 알아본다 해도 전 KB차차차 먼저 알려줄 거예요🚗💛",2025-06-20 16:07:12,80.0,"안녕하세요 고객님, KB차차차입니다.
국내 최다 매물을 보유한 KB차차차에서는 편리한 검색기능도 함께 갖추어 원하시는 차량을 보다 쉽고 편리하게 찾아보실 수 있습니다!!
소중한 의견 감사드리고 보다 나은 서비스 제공을 위해 더욱 노력하는 KB차차차 될 것을 약속드립니다. 감사합니다. :)",kr.co.kbc.cha.android,5.2.7
Android,fucucuu3,5,,good good조아요,2025-06-20 16:05:41,0.0,"안녕하세요 고객님, KB차차차입니다.
국내 최다 매물을 보유한 KB차차차에서는 편리한 검색기능도 함께 갖추어 원하시는 차량을 보다 쉽고 편리하게 찾아보실 수 있습니다!!
소중한 의견 감사드리고 보다 나은 서비스 제공을 위해 더욱 노력하는 KB차차차 될 것을 약속드립니다. 감사합니다. :)",kr.co.kbc.cha.android,5.2.7
Android,심상권,5,,어플이 직관적으로 보기 편하고 중고차 판매하게 된다면 적극적으로 사용할 예정입니다 추천합니다.,2025-06-20 16:05:00,0.0,"안녕하세요 고객님, KB차차차입니다.
국내 최다 매물을 보유한 KB차차차에서는 편리한 검색기능도 함께 갖추어 원하시는 차량을 보다 쉽고 편리하게 찾아보실 수 있습니다!!
소중한 의견 감사드리고 보다 나은 서비스 제공을 위해 더욱 노력하는 KB차차차 될 것을 약속드립니다. 감사합니다. :)",kr.co.kbc.cha.android,
iOS,ellie jung19,5,중고차 거래부터 차량 관리까지 한 번에 해결할 수 있어 편리해요,"KB차차차 앱은 중고차 거래부터 차량 관리까지 한 번에 해결할 수 있어 정말 편리해요. 특히 실매물 기반의 중고차 검색 기능이 신뢰감을 줘서 안심하고 차량을 살펴볼 수 있었고, 할부 계산기나 차량 시세 조회 기능도 직관적이라 이용하기 쉬웠어요. 앱 디자인도 깔끔하고 로딩 속도도 빨라서 전반적인 사용자 경험이 좋았습니다. 차량 등록이나 문의도 간편해서 중고차 구매를 처음 해보는 사람에게도 추천할 수 있는 앱이에요. 앞으로도 꾸준한 업데이트 기대합니다.특히 실매물 기반의 중고차 검색 기능이 신뢰감을 줘서 안심하고 차량을 살펴볼 수 있었고, 할부 계산기나 차량 시세 조회 기능도 직관적이라 이용하기 쉬웠어요. 앱 디자인도 깔끔하고 로딩 속도도 빨라서 전반적인 사용자 경험이 좋았습니다. 차량 등록이나 문의도 간편해서 중고차 구매를 처음 해보는 사람에게도 추천할 수 있는 앱이에요. 앞으로도 꾸준한 업데이트 기대합니다.",2025-06-20 00:44:36,,,1112366886,5.0.2
iOS,정이당크크,5,중고차 살땐 kb차차차,"여기서 중고차 두번이나 구매했어요 믿을수 있는 매물, 매물도 많고 너무 유용합니다",2025-06-20 00:13:36,,,1112366886,5.0.2
iOS,별명이 제일 짜증나게 하는군,1,고객센터 센터장이라는 사람때문에,"믿음이라는게 안 생기는 곳이네요. 고객센터에서 자기가 가장 높은 센터장이라고 직접 이야기하신 분이랑 통화 하고 나니까 kb라는 이름이 너무 아깝고 동네 중고차 파는 작은 가게보다도 더 믿음이 안가는 곳이라는걸 바로 느끼게 됩니다.이를 계기로 주거래 은행도 바꾸게 해주신 고객센터 센터장님께 감사드립니다.
열심히 일하는 딜러분들 밥줄 다 사라지기 전에 고객센터 좀 점검하시길.",2025-06-18 20:50:22,,,1112366886,5.0.2
Android,KS LEE,1,,핸드폰 바꿔서 로그인하려면 기기등록해야한다고 하는데 인증하면 넘어가질 않네요. 보니까 저랑 같은 현상인 분들이 많네요.로그인도 안되는데 뭐 안쓰면 그만이죠.,2025-06-16 17:56:47,0.0,"안녕하세요 고객님, KB차차차입니다. 우선 KB차차차 이용에 불편을 드려 대단히 죄송합니다. 오류가 발생할 경우 KB차차차 대표번호 1670-4777로 연락주시면 최선을 다해 도와드리도록 하겠습니다. 다시 한 번 이용에 불편을 드려 대단히 죄송합니다. 감사합니다.",kr.co.kbc.cha.android,5.2.7
iOS,켄ㄷㄱㅅ,3,약관 동의후 멈춤,약관 동의하고 확인 누르면 진행이 안되고 멈추어 있어요,2025-06-15 15:35:48,,,1112366886,5.0.2
iOS,인생잼,1,약관동의 에러,약관동의 화면에서 뭔짓을 해도 안넘어감 탈퇴도 안되고 돌아버림,2025-06-14 20:12:52,,,1112366886,5.0.2
Android,jwm,1,,로그인하고 기기등록 하려고 마이데이터 인증하면 화면이 멈추고 먹통돼요,2025-06-14 19:16:56,1.0,"안녕하세요 고객님, KB차차차입니다. 우선 KB차차차 이용에 불편을 드려 대단히 죄송합니다. 오류사항은 KB차차차 대표번호 1670-4777로 연락주시면 최선을 다해 도와드리도록 하겠습니다. 감사합니다.",kr.co.kbc.cha.android,5.2.7
Android,강동현,1,,기기변경 로그인시 기기등록하라고하며 로그인 먹통됨,2025-06-14 17:18:09,0.0,"안녕하세요 고객님, KB차차차입니다. 우선 KB차차차 이용에 불편을 드려 대단히 죄송합니다. 오류가 발생할 경우 KB차차차 대표번호 1670-4777로 연락주시면 최선을 다해 도와드리도록 하겠습니다. 다시 한 번 이용에 불편을 드려 대단히 죄송합니다. 감사합니다.",kr.co.kbc.cha.android,5.2.7
iOS,빼기한모금,1,쑤레기 어플,로그인하면 약관동의 계속 나오고 확인 눌러도 안 넘어감,2025-06-14 13:59:11,,,1112366886,5.0.2
Android,함태현,1,,약관동의 에서 안넘어감 그냥 ... 하지 말라는 앱임,2025-06-14 12:29:51,0.0,"안녕하세요 고객님, KB차차차입니다. 우선 KB차차차 이용에 불편을 드려 대단히 죄송합니다. 오류가 발생할 경우 KB차차차 대표번호 1670-4777로 연락주시면 최선을 다해 도와드리도록 하겠습니다. 다시 한 번 이용에 불편을 드려 대단히 죄송합니다. 감사합니다.",kr.co.kbc.cha.android,5.2.7
Android,uk kim,1,,로그인후 새 기기에서 등록 하라고 해서 등록하면 흰화면만뜨고 아무것도 안됨,2025-06-14 08:22:06,0.0,"안녕하세요 고객님, KB차차차입니다. 우선 KB차차차 이용에 불편을 드려 대단히 죄송합니다. 오류가 발생할 경우 KB차차차 대표번호 1670-4777로 연락주시면 최선을 다해 도와드리도록 하겠습니다. 다시 한 번 이용에 불편을 드려 대단히 죄송합니다. 감사합니다.",kr.co.kbc.cha.android,5.2.7
iOS,하얀구름이다,1,약관동의에서 멈추는 앱,"몇 번을 다시 깔아도 멈추네요.
약관동의에서……
아이폰15플러스",2025-06-14 00:13:00,,,1112366886,5.0.2
Android,s b,5,,KB차차차는 중고차 매매나 내 차 견적을 상세하게 알려주고 각종 이벤트에도 참여할 수 있어 좋아요.,2025-06-13 22:09:52,0.0,"안녕하세요 고객님, KB차차차입니다. 소중한 리뷰 남겨주셔서 감사합니다. 간편하지만 든든함까지 챙기는 KB차차차! 기능은 간편하게~ 서비스는 든든하게~ 언제나 고객님의 입장에서 고민하는 KB차차차입니다 :) 앞으로도 믿고 사용하실 수 있는 유일한 중고차 플랫폼이 될 수 있도록 노력을 아끼지 않겠습니다. 많은 이용 부탁드립니다. 감사합니다!",kr.co.kbc.cha.android,5.2.7
Android,Woojeong Song,5,,중고차에 대해 불확실한 정보가 너무 많은데 차종 등 상세한 조건으로 검색하고 비교해볼 수 있어 궁금한 점이 있을 때 자주 방문합니다. 다양한 이벤트도 하여 손길이 계속 가네요.,2025-06-13 21:19:58,0.0,"안녕하세요 고객님, KB차차차입니다. 소중한 리뷰 남겨주셔서 감사합니다. 간편하지만 든든함까지 챙기는 KB차차차! 기능은 간편하게~ 서비스는 든든하게~ 언제나 고객님의 입장에서 고민하는 KB차차차입니다 :) 앞으로도 믿고 사용하실 수 있는 유일한 중고차 플랫폼이 될 수 있도록 노력을 아끼지 않겠습니다. 많은 이용 부탁드립니다. 감사합니다!",kr.co.kbc.cha.android,5.2.7
Android,햐유야,5,,직관적이어서 좋아요 이벤트도 많아요!,2025-06-13 21:00:16,0.0,"안녕하세요 고객님, KB차차차입니다. 차차차는 고객님들에게 최적의 사용성과 편리함을 제공하기 위해 노력하고 있습니다.
복잡한 어플은 이제 그만! 차차차 홈화면에서 간편하게 차량 검색, 내차 시세 조회, 내차 관리 등 차차차에서만 만날 수 있는 기능을 최대로 이용해보세요! 감사합니다.",kr.co.kbc.cha.android,
Android,수희,5,,"중고차 알아보면서 어플 을 알게되었는데, 초보자인 저한테 너무 친절한 어플이네요 차량의 모든걸 알수 있습니다. 나중에 타던 차도 판매가 가능해서 유용한 어플이 될거같아요",2025-06-13 19:20:37,0.0,"안녕하세요 고객님, KB차차차입니다. 차차차는 고객님들에게 최적의 사용성과 편리함을 제공하기 위해 노력하고 있습니다.
복잡한 어플은 이제 그만! 차차차 홈화면에서 간편하게 차량 검색, 내차 시세 조회, 내차 관리 등 차차차에서만 만날 수 있는 기능을 최대로 이용해보세요! 감사합니다.",kr.co.kbc.cha.android,5.2.7
iOS,슈트리더,5,저도 약관동의 하라는 메시지 뜨네요,재접해도 계속뜨고 체크하고 확인 누르려해도 다음 페이지로 안 넘어 갑니다.. 다른걸 하고 싶어도 켜자마자 떠버리니까 아무것도 못하네요..ㅜ,2025-06-13 19:09:02,,,1112366886,5.0.2
Android,JERRY song,5,,중고차 시세조회부터 거래까지 절차가 쉽고 직관적이야서 편하네요,2025-06-13 19:08:04,0.0,"안녕하세요 고객님, KB차차차입니다. 차차차는 고객님들에게 최적의 사용성과 편리함을 제공하기 위해 노력하고 있습니다.
복잡한 어플은 이제 그만! 차차차 홈화면에서 간편하게 차량 검색, 내차 시세 조회, 내차 관리 등 차차차에서만 만날 수 있는 기능을 최대로 이용해보세요! 감사합니다.",kr.co.kbc.cha.android,5.2.7
Android,bliss,5,,"KB차차차 앱은 중고차 매물이 매우 풍부해 원하는 차종과 조건을 쉽게 찾을 수 있습니다. 시세 정보가 상세하고 투명하게 제공되어 가격 비교가 편리하고, 시장 동향 파악에도 큰 도움이 됐습니다. 특히 직거래 프로세스가 간단명료해서 초보자도 부담 없이 이용 가능합니다. 앱 인터페이스는 직관적이고 사용자 친화적이어서 매물 검색과 필터링이 매우 쉬웠습니다. 전반적으로 KB차차차는 중고차 구매를 고려하는 사람들에게 믿고 사용할 수 있는 훌륭한 플랫폼이라고 생각합니다.",2025-06-13 19:00:48,108.0,"안녕하세요 고객님, KB차차차입니다. 차차차는 고객님들에게 최적의 사용성과 편리함을 제공하기 위해 노력하고 있습니다.
복잡한 어플은 이제 그만! 차차차 홈화면에서 간편하게 차량 검색, 내차 시세 조회, 내차 관리 등 차차차에서만 만날 수 있는 기능을 최대로 이용해보세요! 감사합니다.",kr.co.kbc.cha.android,5.2.7
Android,아키트윈,5,,좋아요,2025-06-13 17:16:03,0.0,"안녕하세요 고객님, KB차차차입니다. 차차차는 고객님들에게 최적의 사용성과 편리함을 제공하기 위해 노력하고 있습니다.
복잡한 어플은 이제 그만! 차차차 홈화면에서 간편하게 차량 검색, 내차 시세 조회, 내차 관리 등 차차차에서만 만날 수 있는 기능을 최대로 이용해보세요! 감사합니다.",kr.co.kbc.cha.android,
Android,송재길,5,,중고차 매매 관련 앱으로 최고입니다.,2025-06-13 16:52:40,0.0,"안녕하세요 고객님, KB차차차입니다. 차차차는 고객님들에게 최적의 사용성과 편리함을 제공하기 위해 노력하고 있습니다.
복잡한 어플은 이제 그만! 차차차 홈화면에서 간편하게 차량 검색, 내차 시세 조회, 내차 관리 등 차차차에서만 만날 수 있는 기능을 최대로 이용해보세요! 감사합니다.",kr.co.kbc.cha.android,
Android,박준선,5,,중고차 관련해서 너무 유용해요! 보기 좋게 ui도 구성되어 있고 편해요. 추천드립니다!,2025-06-13 16:40:52,1.0,"안녕하세요 고객님, KB차차차입니다. 차차차는 고객님들에게 최적의 사용성과 편리함을 제공하기 위해 노력하고 있습니다.
복잡한 어플은 이제 그만! 차차차 홈화면에서 간편하게 차량 검색, 내차 시세 조회, 내차 관리 등 차차차에서만 만날 수 있는 기능을 최대로 이용해보세요! 감사합니다.",kr.co.kbc.cha.android,5.0.3
Android,허진,4,,포인트로 더 많은 혜택이 있었으면 합니다,2025-06-13 16:31:19,0.0,"안녕하세요 고객님, KB차차차입니다. 차차차는 고객님들에게 최적의 사용성과 편리함을 제공하기 위해 노력하고 있습니다.
복잡한 어플은 이제 그만! 차차차 홈화면에서 간편하게 차량 검색, 내차 시세 조회, 내차 관리 등 차차차에서만 만날 수 있는 기능을 최대로 이용해보세요! 감사합니다.",kr.co.kbc.cha.android,
Android,전예손,5,,편하고 여러 이벤트가 있어 좋아요,2025-06-13 16:25:30,0.0,"안녕하세요 고객님, KB차차차입니다. 차차차는 고객님들에게 최적의 사용성과 편리함을 제공하기 위해 노력하고 있습니다.
복잡한 어플은 이제 그만! 차차차 홈화면에서 간편하게 차량 검색, 내차 시세 조회, 내차 관리 등 차차차에서만 만날 수 있는 기능을 최대로 이용해보세요! 감사합니다.",kr.co.kbc.cha.android,5.2.4
Android,우서요(IT준),5,,차차차 중고차 검색 정확하고 빠르게 검색가능,2025-06-13 16:22:43,0.0,"안녕하세요 고객님, KB차차차입니다. 차차차는 고객님들에게 최적의 사용성과 편리함을 제공하기 위해 노력하고 있습니다.
복잡한 어플은 이제 그만! 차차차 홈화면에서 간편하게 차량 검색, 내차 시세 조회, 내차 관리 등 차차차에서만 만날 수 있는 기능을 최대로 이용해보세요! 감사합니다.",kr.co.kbc.cha.android,5.2.7
Android,일꿀,5,,여기서 자동차 온라인으로 샀는데 소개도 잘되어있고 친절하게 응대해주셨습니다. 믿음직한곳입니다.!!,2025-06-13 16:15:21,0.0,"안녕하세요 고객님, KB차차차입니다. 차차차는 고객님들에게 최적의 사용성과 편리함을 제공하기 위해 노력하고 있습니다.
복잡한 어플은 이제 그만! 차차차 홈화면에서 간편하게 차량 검색, 내차 시세 조회, 내차 관리 등 차차차에서만 만날 수 있는 기능을 최대로 이용해보세요! 감사합니다.",kr.co.kbc.cha.android,5.2.7
Android,콩보리,5,,중고차매매할때 편리하고 내차팔때 유용하네요 kb차차차 좋아요,2025-06-13 16:11:24,0.0,"안녕하세요 고객님, KB차차차입니다. 차차차는 고객님들에게 최적의 사용성과 편리함을 제공하기 위해 노력하고 있습니다.
복잡한 어플은 이제 그만! 차차차 홈화면에서 간편하게 차량 검색, 내차 시세 조회, 내차 관리 등 차차차에서만 만날 수 있는 기능을 최대로 이용해보세요! 감사합니다.",kr.co.kbc.cha.android,5.2.7
Android,sw k,3,,뭔가복잡해요.,2025-06-13 16:10:42,0.0,"안녕하세요 고객님, KB차차차입니다. 우선 KB차차차 이용에 불편을 드려 대단히 죄송합니다.
오류가 발생할 경우 KB차차차 대표번호 1670-4777로 연락주시면 최선을 다해 도와드리도록 하겠습니다. 다시 한 번 이용에 불편을 드려 대단히 죄송합니다. 감사합니다.",kr.co.kbc.cha.android,
Android,후하트,5,,중고차를 쉽게 알아보고 타던 내차 견적까지 알수있어서 편리하고 다양한 혜택과 이벤트도 많이 진행해서 유용한 어플중 하나가 되었습니당 !! 차차차 늘 응원해요,2025-06-13 16:06:31,0.0,"안녕하세요 고객님, KB차차차입니다. 차차차는 고객님들에게 최적의 사용성과 편리함을 제공하기 위해 노력하고 있습니다.
복잡한 어플은 이제 그만! 차차차 홈화면에서 간편하게 차량 검색, 내차 시세 조회, 내차 관리 등 차차차에서만 만날 수 있는 기능을 최대로 이용해보세요! 감사합니다.",kr.co.kbc.cha.android,5.2.7
Android,밍고의편의점,5,,KB에서 운영하는 KB차차차라서 믿음이 갑니다. 중고차를 알아보고 비교하는 입장에서 가장 중요한건 믿음입니다. 무엇보다 UI가 눈에 잘 들어와서 좋습니다.,2025-06-13 16:05:38,1.0,"안녕하세요 고객님, KB차차차입니다. 차차차는 고객님들에게 최적의 사용성과 편리함을 제공하기 위해 노력하고 있습니다.
복잡한 어플은 이제 그만! 차차차 홈화면에서 간편하게 차량 검색, 내차 시세 조회, 내차 관리 등 차차차에서만 만날 수 있는 기능을 최대로 이용해보세요! 감사합니다.",kr.co.kbc.cha.android,5.2.7
Android,유다솜 (다롱),5,,중고차 견적 비교가 잘 되어있어서 거래하기 좋아요!,2025-06-13 16:05:36,0.0,"안녕하세요 고객님, KB차차차입니다. 차차차는 고객님들에게 최적의 사용성과 편리함을 제공하기 위해 노력하고 있습니다.
복잡한 어플은 이제 그만! 차차차 홈화면에서 간편하게 차량 검색, 내차 시세 조회, 내차 관리 등 차차차에서만 만날 수 있는 기능을 최대로 이용해보세요! 감사합니다.",kr.co.kbc.cha.android,5.2.7
Android,도토리,5,,중고차에 대해 알아보려면 막막하고 믿음이 안가는데 kb차차차는 kb에서 운영하기도 하고 앱도 보기쉽게 되어있어서 초보자도 부담없이 접할 수 있어서 너무 좋아요.,2025-06-13 16:04:51,1.0,"안녕하세요 고객님, KB차차차입니다. 차차차는 고객님들에게 최적의 사용성과 편리함을 제공하기 위해 노력하고 있습니다.
복잡한 어플은 이제 그만! 차차차 홈화면에서 간편하게 차량 검색, 내차 시세 조회, 내차 관리 등 차차차에서만 만날 수 있는 기능을 최대로 이용해보세요! 감사합니다.",kr.co.kbc.cha.android,5.2.7
Android,SH B,5,,"자동차 시세 등 조회하기 편하고 비교하기도, 보기도 쉬워서 좋습니당ㅎㅎㅎ",2025-06-13 16:03:46,0.0,"안녕하세요 고객님, KB차차차입니다. 차차차는 고객님들에게 최적의 사용성과 편리함을 제공하기 위해 노력하고 있습니다.
복잡한 어플은 이제 그만! 차차차 홈화면에서 간편하게 차량 검색, 내차 시세 조회, 내차 관리 등 차차차에서만 만날 수 있는 기능을 최대로 이용해보세요! 감사합니다.",kr.co.kbc.cha.android,5.2.7
Android,홀룔롤,5,,정말 좋고 유용한 앱이네요. 추천합니다,2025-06-13 16:01:50,0.0,"안녕하세요 고객님, KB차차차입니다. 차차차는 고객님들에게 최적의 사용성과 편리함을 제공하기 위해 노력하고 있습니다.
복잡한 어플은 이제 그만! 차차차 홈화면에서 간편하게 차량 검색, 내차 시세 조회, 내차 관리 등 차차차에서만 만날 수 있는 기능을 최대로 이용해보세요! 감사합니다.",kr.co.kbc.cha.android,5.2.7
Android,정다운,5,,내차견적내는거 할수있어서 너무편해요,2025-06-13 16:01:14,0.0,"안녕하세요 고객님, KB차차차입니다. 차차차는 고객님들에게 최적의 사용성과 편리함을 제공하기 위해 노력하고 있습니다.
복잡한 어플은 이제 그만! 차차차 홈화면에서 간편하게 차량 검색, 내차 시세 조회, 내차 관리 등 차차차에서만 만날 수 있는 기능을 최대로 이용해보세요! 감사합니다.",kr.co.kbc.cha.android,5.2.6
Android,임혁,5,,딜러들 응답이 빨라요,2025-06-13 16:01:09,0.0,"안녕하세요 고객님, KB차차차입니다. 차차차는 고객님들에게 최적의 사용성과 편리함을 제공하기 위해 노력하고 있습니다.
복잡한 어플은 이제 그만! 차차차 홈화면에서 간편하게 차량 검색, 내차 시세 조회, 내차 관리 등 차차차에서만 만날 수 있는 기능을 최대로 이용해보세요! 감사합니다.",kr.co.kbc.cha.android,5.0.0
Android,신현실,1,,로그인하라고하지만 되지않음 약관동의에서 계속 멈춤,2025-06-12 19:00:46,0.0,"안녕하세요 고객님, KB차차차입니다. 우선 KB차차차 이용에 불편을 드려 대단히 죄송합니다.
오류가 발생할 경우 KB차차차 대표번호 1670-4777로 연락주시면 최선을 다해 도와드리도록 하겠습니다. 다시 한 번 이용에 불편을 드려 대단히 죄송합니다. 감사합니다.",kr.co.kbc.cha.android,5.2.7
iOS,가 람,1,약관동의에서 안넘어감,재설치도 당연히 해봄,2025-06-12 15:09:19,,,1112366886,5.0.2
iOS,호하호하호히하히,2,로그인 안되네요,아이디/비번 입력하고 약관동의 화면에서 확인눌러도 먹통입니다.,2025-06-12 02:53:07,,,1112366886,5.0.2
iOS,하오하호11,5,완전 유용해요,만족하며 사용하고 있고 도움이 많이 됩니다,2025-06-10 00:25:15,,,1112366886,5.0.2
Android,경돌이,1,,기기등록 오류에서 폰 인증까지 다 했는데 그 다음 넘어가질 않아요,2025-06-09 07:36:14,1.0,"안녕하세요 고객님, KB차차차입니다. 우선 KB차차차 이용에 불편을 드려 대단히 죄송합니다.
오류가 발생할 경우 KB차차차 대표번호 1670-4777로 연락주시면 최선을 다해 도와드리도록 하겠습니다. 다시 한 번 이용에 불편을 드려 대단히 죄송합니다. 감사합니다.",kr.co.kbc.cha.android,5.2.7
Android,구름구름해,1,,뭔 자꾸 소유자명이 누락됐다고 안넘어가져서 어플 삭제함,2025-06-08 21:34:57,0.0,"안녕하세요 고객님, KB차차차입니다. 우선 KB차차차 이용에 불편을 드려 대단히 죄송합니다.
오류가 발생할 경우 KB차차차 대표번호 1670-4777로 연락주시면 최선을 다해 도와드리도록 하겠습니다. 다시 한 번 이용에 불편을 드려 대단히 죄송합니다. 감사합니다.",kr.co.kbc.cha.android,
Android,정정남,1,,차 팔기에서 주소지 넣고 등록하면 왜 소유자명이 누락되었다고 나오나요? ㅡㅡ,2025-06-07 16:08:26,0.0,"안녕하세요 고객님, KB차차차입니다. 우선 KB차차차 이용에 불편을 드려 대단히 죄송합니다.
오류가 발생할 경우 KB차차차 대표번호 1670-4777로 연락주시면 최선을 다해 도와드리도록 하겠습니다. 다시 한 번 이용에 불편을 드려 대단히 죄송합니다. 감사합니다.",kr.co.kbc.cha.android,5.2.7
Android,chihoon kim,5,,사회초년생이 중고차 정보를 어디서 얻어야하나 막막했는데 kb차차차에 잘 정리되있어서 좋아요!,2025-06-06 23:28:52,0.0,"안녕하세요 고객님, KB차차차입니다. 소중한 리뷰 남겨주셔서 감사합니다.
간편하지만 든든함까지 챙기는 KB차차차!
기능은 간편하게~ 서비스는 든든하게~ 언제나 고객님의 입장에서 고민하는 KB차차차입니다 :)
앞으로도 믿고 사용하실 수 있는 유일한 중고차 플랫폼이 될 수 있도록 노력을 아끼지 않겠습니다. 많은 이용 부탁드립니다. 감사합니다!",kr.co.kbc.cha.android,
Android,정순기,5,,저렴한 가격의 품질좋은 차를 구매할 수있는것 같습니다. 다른 어플보다 시세도 저렴하고 믿음직해요,2025-06-06 21:16:49,0.0,"안녕하세요 고객님, KB차차차입니다. 소중한 리뷰 남겨주셔서 감사합니다.
간편하지만 든든함까지 챙기는 KB차차차!
기능은 간편하게~ 서비스는 든든하게~ 언제나 고객님의 입장에서 고민하는 KB차차차입니다 :)
앞으로도 믿고 사용하실 수 있는 유일한 중고차 플랫폼이 될 수 있도록 노력을 아끼지 않겠습니다. 많은 이용 부탁드립니다. 감사합니다!",kr.co.kbc.cha.android,5.2.7
Android,전성운,5,,"차를 사고팔때 매우 유용하다고 느끼고있습니다. 성능, 가격 등을 손쉽게 비교할 수 있고, 앱이 잘 관리되고 있는듯해서 신뢰감도 생깁니다.",2025-06-06 20:26:45,0.0,"안녕하세요 고객님, KB차차차입니다. 소중한 리뷰 남겨주셔서 감사합니다.
간편하지만 든든함까지 챙기는 KB차차차!
기능은 간편하게~ 서비스는 든든하게~ 언제나 고객님의 입장에서 고민하는 KB차차차입니다 :)
앞으로도 믿고 사용하실 수 있는 유일한 중고차 플랫폼이 될 수 있도록 노력을 아끼지 않겠습니다. 많은 이용 부탁드립니다. 감사합니다!",kr.co.kbc.cha.android,5.2.7
Android,만득이,5,,내차 팔때는 역시 kb차차차죠?ㅎㅎ 앱 사용 편하고 유용한 것 같아서 애용하고 있습니다용:),2025-06-06 18:45:52,0.0,"안녕하세요 고객님, KB차차차입니다. 소중한 리뷰 남겨주셔서 감사합니다.
간편하지만 든든함까지 챙기는 KB차차차!
기능은 간편하게~ 서비스는 든든하게~ 언제나 고객님의 입장에서 고민하는 KB차차차입니다 :)
앞으로도 믿고 사용하실 수 있는 유일한 중고차 플랫폼이 될 수 있도록 노력을 아끼지 않겠습니다. 많은 이용 부탁드립니다. 감사합니다!",kr.co.kbc.cha.android,5.2.4
Android,트랑옵다,5,,편리하게 구매판매를 할수있어서 좋은거같습니다,2025-06-06 18:07:25,0.0,"안녕하세요 고객님, KB차차차입니다. 소중한 리뷰 남겨주셔서 감사합니다.
간편하지만 든든함까지 챙기는 KB차차차!
기능은 간편하게~ 서비스는 든든하게~ 언제나 고객님의 입장에서 고민하는 KB차차차입니다 :)
앞으로도 믿고 사용하실 수 있는 유일한 중고차 플랫폼이 될 수 있도록 노력을 아끼지 않겠습니다. 많은 이용 부탁드립니다. 감사합니다!",kr.co.kbc.cha.android,5.2.0
Android,eun young seo (헛소리하면 짖어요),5,,"직관적인 차가격 비교, 보기 좋아서 쓰기 편합니다.",2025-06-06 17:56:10,0.0,"안녕하세요 고객님, KB차차차입니다. 소중한 리뷰 남겨주셔서 감사합니다.
간편하지만 든든함까지 챙기는 KB차차차!
기능은 간편하게~ 서비스는 든든하게~ 언제나 고객님의 입장에서 고민하는 KB차차차입니다 :)
앞으로도 믿고 사용하실 수 있는 유일한 중고차 플랫폼이 될 수 있도록 노력을 아끼지 않겠습니다. 많은 이용 부탁드립니다. 감사합니다!",kr.co.kbc.cha.android,
Android,박범철,5,,매일마다 접속하는 어플입니다 중고차 가격 비교 하기 편리하고 내 차 판매가격도 쉽게 알 수가 있습니다 무엇보다 중고 물건들도 믿을만한 매물이고 다양한 이벤트들도 많이하여 정말 최고입니다,2025-06-06 17:11:57,0.0,"안녕하세요 고객님, KB차차차입니다. 소중한 리뷰 남겨주셔서 감사합니다.
간편하지만 든든함까지 챙기는 KB차차차!
기능은 간편하게~ 서비스는 든든하게~ 언제나 고객님의 입장에서 고민하는 KB차차차입니다 :)
앞으로도 믿고 사용하실 수 있는 유일한 중고차 플랫폼이 될 수 있도록 노력을 아끼지 않겠습니다. 많은 이용 부탁드립니다. 감사합니다!",kr.co.kbc.cha.android,5.2.7
Android,김찬규,5,,"KB차차차 앱은 중고차 검색부터 견적 비교까지 한눈에 볼 수 있어 편리하고, 차량 정보도 상세해 신뢰가 갑니다. 추천해요!",2025-06-06 17:00:55,0.0,"안녕하세요 고객님, KB차차차입니다. 소중한 리뷰 남겨주셔서 감사합니다.
간편하지만 든든함까지 챙기는 KB차차차!
기능은 간편하게~ 서비스는 든든하게~ 언제나 고객님의 입장에서 고민하는 KB차차차입니다 :)
앞으로도 믿고 사용하실 수 있는 유일한 중고차 플랫폼이 될 수 있도록 노력을 아끼지 않겠습니다. 많은 이용 부탁드립니다. 감사합니다!",kr.co.kbc.cha.android,5.2.7
Android,준이,5,,정보 알기 좋아요,2025-06-06 16:48:23,0.0,"안녕하세요 고객님, KB차차차입니다. 소중한 리뷰 남겨주셔서 감사합니다.
간편하지만 든든함까지 챙기는 KB차차차!
기능은 간편하게~ 서비스는 든든하게~ 언제나 고객님의 입장에서 고민하는 KB차차차입니다 :)
앞으로도 믿고 사용하실 수 있는 유일한 중고차 플랫폼이 될 수 있도록 노력을 아끼지 않겠습니다. 많은 이용 부탁드립니다. 감사합니다!",kr.co.kbc.cha.android,5.2.7
Android,JW,5,,편리하게 조화하고 비교할 수 있었어요 매물수도 많아요,2025-06-06 16:39:02,0.0,"안녕하세요 고객님, KB차차차입니다. 소중한 리뷰 남겨주셔서 감사합니다.
간편하지만 든든함까지 챙기는 KB차차차!
기능은 간편하게~ 서비스는 든든하게~ 언제나 고객님의 입장에서 고민하는 KB차차차입니다 :)
앞으로도 믿고 사용하실 수 있는 유일한 중고차 플랫폼이 될 수 있도록 노력을 아끼지 않겠습니다. 많은 이용 부탁드립니다. 감사합니다!",kr.co.kbc.cha.android,5.0.3
Android,Jaehun Jeong,5,,적정가격선이 표시되는게 너무너무좋아요!,2025-06-06 16:27:00,0.0,"안녕하세요 고객님, KB차차차입니다. 소중한 리뷰 남겨주셔서 감사합니다.
간편하지만 든든함까지 챙기는 KB차차차!
기능은 간편하게~ 서비스는 든든하게~ 언제나 고객님의 입장에서 고민하는 KB차차차입니다 :)
앞으로도 믿고 사용하실 수 있는 유일한 중고차 플랫폼이 될 수 있도록 노력을 아끼지 않겠습니다. 많은 이용 부탁드립니다. 감사합니다!",kr.co.kbc.cha.android,5.2.7
Android,채승욱,5,,평소 애용하는 국민kb앱에서 중고차매매도 도와줘서 좋습니다^^ 정말 감사합니다!,2025-06-06 16:25:41,1.0,"안녕하세요 고객님, KB차차차입니다. 소중한 리뷰 남겨주셔서 감사합니다.
간편하지만 든든함까지 챙기는 KB차차차!
기능은 간편하게~ 서비스는 든든하게~ 언제나 고객님의 입장에서 고민하는 KB차차차입니다 :)
앞으로도 믿고 사용하실 수 있는 유일한 중고차 플랫폼이 될 수 있도록 노력을 아끼지 않겠습니다. 많은 이용 부탁드립니다. 감사합니다!",kr.co.kbc.cha.android,5.2.7
Android,김인직,5,,KB차차차 앱을 통해 중고차를 검색해봤는데 차량 정보가 아주 상세하게 나와 있어서 믿고 볼 수 있었어요. 성능점검기록부나 사고 이력 등 중요한 정보들이 한눈에 들어오고 매물 수도 많아서 선택의 폭이 넓어요. 무엇보다 KB라서 믿을 수 있네요.,2025-06-06 16:21:13,0.0,"안녕하세요 고객님, KB차차차입니다. 소중한 리뷰 남겨주셔서 감사합니다.
간편하지만 든든함까지 챙기는 KB차차차!
기능은 간편하게~ 서비스는 든든하게~ 언제나 고객님의 입장에서 고민하는 KB차차차입니다 :)
앞으로도 믿고 사용하실 수 있는 유일한 중고차 플랫폼이 될 수 있도록 노력을 아끼지 않겠습니다. 많은 이용 부탁드립니다. 감사합니다!",kr.co.kbc.cha.android,
Android,고고,5,,중고차 사고팔때 가장 직관적인 플랫폼입니다. 가격설정도 합리적이어서 자주 이용하게됩니다.,2025-06-06 16:20:22,0.0,"안녕하세요 고객님, KB차차차입니다. 소중한 리뷰 남겨주셔서 감사합니다.
간편하지만 든든함까지 챙기는 KB차차차!
기능은 간편하게~ 서비스는 든든하게~ 언제나 고객님의 입장에서 고민하는 KB차차차입니다 :)
앞으로도 믿고 사용하실 수 있는 유일한 중고차 플랫폼이 될 수 있도록 노력을 아끼지 않겠습니다. 많은 이용 부탁드립니다. 감사합니다!",kr.co.kbc.cha.android,5.2.7
Android,Yoonseo Oh,5,,궁금한점들이 보기좋게 나열되어있어 사용이 편리합니다. 시세가 궁금했는데 해결되었어요.,2025-06-06 16:17:45,0.0,"안녕하세요 고객님, KB차차차입니다. 소중한 리뷰 남겨주셔서 감사합니다.
간편하지만 든든함까지 챙기는 KB차차차!
기능은 간편하게~ 서비스는 든든하게~ 언제나 고객님의 입장에서 고민하는 KB차차차입니다 :)
앞으로도 믿고 사용하실 수 있는 유일한 중고차 플랫폼이 될 수 있도록 노력을 아끼지 않겠습니다. 많은 이용 부탁드립니다. 감사합니다!",kr.co.kbc.cha.android,5.2.7
Android,하양송이,5,,차차차 잘 이용하고있어요 중고차 거래앱중에 제일 보기도 편하고 이용하기 쉽게 메뉴가 되어있어요~매일 즉당 룰렛 돌리는 재미도 쏠쏠,2025-06-06 16:17:24,0.0,"안녕하세요 고객님, KB차차차입니다. 소중한 리뷰 남겨주셔서 감사합니다.
간편하지만 든든함까지 챙기는 KB차차차!
기능은 간편하게~ 서비스는 든든하게~ 언제나 고객님의 입장에서 고민하는 KB차차차입니다 :)
앞으로도 믿고 사용하실 수 있는 유일한 중고차 플랫폼이 될 수 있도록 노력을 아끼지 않겠습니다. 많은 이용 부탁드립니다. 감사합니다!",kr.co.kbc.cha.android,5.2.7
Android,acid lo,5,,차차차 앱 사용이 편리하고 검색하기도 쉽네요,2025-06-06 16:16:42,0.0,"안녕하세요 고객님, KB차차차입니다. 소중한 리뷰 남겨주셔서 감사합니다.
간편하지만 든든함까지 챙기는 KB차차차!
기능은 간편하게~ 서비스는 든든하게~ 언제나 고객님의 입장에서 고민하는 KB차차차입니다 :)
앞으로도 믿고 사용하실 수 있는 유일한 중고차 플랫폼이 될 수 있도록 노력을 아끼지 않겠습니다. 많은 이용 부탁드립니다. 감사합니다!",kr.co.kbc.cha.android,
Android,Songi Chae,5,,중고차 시세 보기도 좋고 내가 관심있어하는 매물대를 보기가 좋아요. 이벤트도 쏠쏠해서 자주 들여다보게 되는 앱입니다.,2025-06-06 16:08:42,0.0,"안녕하세요 고객님, KB차차차입니다. 소중한 리뷰 남겨주셔서 감사합니다.
간편하지만 든든함까지 챙기는 KB차차차!
기능은 간편하게~ 서비스는 든든하게~ 언제나 고객님의 입장에서 고민하는 KB차차차입니다 :)
앞으로도 믿고 사용하실 수 있는 유일한 중고차 플랫폼이 될 수 있도록 노력을 아끼지 않겠습니다. 많은 이용 부탁드립니다. 감사합니다!",kr.co.kbc.cha.android,
Android,우리집미니,5,,"Kb국민은행 어플에서 차차차 중고차 매매를 보고 괜찮은거 같아서 앱을 받았어요 은행에서 관리한다는 점과 보기 쉽게 차량 매매가 나와서 앞으로도 자주 이용할꺼 같네요! 그리고 이벤트도 자주하고, 선택할수 있는 차가 많아서 앞으로도 쭈욱 앱이 유지가 되었스면 좋겠습니다♡",2025-06-06 16:08:41,10.0,"안녕하세요 고객님, KB차차차입니다. 소중한 리뷰 남겨주셔서 감사합니다.
간편하지만 든든함까지 챙기는 KB차차차!
기능은 간편하게~ 서비스는 든든하게~ 언제나 고객님의 입장에서 고민하는 KB차차차입니다 :)
앞으로도 믿고 사용하실 수 있는 유일한 중고차 플랫폼이 될 수 있도록 노력을 아끼지 않겠습니다. 많은 이용 부탁드립니다. 감사합니다!",kr.co.kbc.cha.android,5.2.7
Android,오광택,5,,내차팔때 비교도할수있고 어플 이용하기 너무편리합니다.,2025-06-06 16:08:09,0.0,"안녕하세요 고객님, KB차차차입니다. 소중한 리뷰 남겨주셔서 감사합니다. KB차차차는 무엇보다도 고객님께서 어렵게 느껴지는
중고차를 쉽고 편하게 거래하실 수 있도록 도와드리는 것을 목표로 하고 있습니다 :) 미션 콤플릿 할 때까지 옆에
꼭 있어주실거죠~? 간편하지만 든든한! 중고차 플랫폼 KB차차차가 되기 위해 열일하겠습니다. 앞으로도 많은 이용 부탁드립니다.
감사합니다!!",kr.co.kbc.cha.android,
Android,한화현,5,,"어플 하나하나에 세심한 배려가 느껴지고, 사용자의 입장에서 얼마나 고민했는지가 느껴지는 앱이에요. 보기 편하고, 원하는 정보나 기능을 금방 찾을 수 있어서 정말 만족스럽습니다.",2025-06-06 16:06:13,0.0,"안녕하세요 고객님, KB차차차입니다. 소중한 리뷰 남겨주셔서 감사합니다. KB차차차는 무엇보다도 고객님께서 어렵게 느껴지는
중고차를 쉽고 편하게 거래하실 수 있도록 도와드리는 것을 목표로 하고 있습니다 :) 미션 콤플릿 할 때까지 옆에
꼭 있어주실거죠~? 간편하지만 든든한! 중고차 플랫폼 KB차차차가 되기 위해 열일하겠습니다. 앞으로도 많은 이용 부탁드립니다.
감사합니다!!",kr.co.kbc.cha.android,5.2.7
Android,Yeonkyeong Bae,5,,중고차 정보 한눈에 보기 좋고 차량비교기능이 편하네요!! 앱 속도도 빠르고 안정적이라 좋습니다,2025-06-06 16:05:46,1.0,"안녕하세요 고객님, KB차차차입니다. 소중한 리뷰 남겨주셔서 감사합니다. KB차차차는 무엇보다도 고객님께서 어렵게 느껴지는
중고차를 쉽고 편하게 거래하실 수 있도록 도와드리는 것을 목표로 하고 있습니다 :) 미션 콤플릿 할 때까지 옆에
꼭 있어주실거죠~? 간편하지만 든든한! 중고차 플랫폼 KB차차차가 되기 위해 열일하겠습니다. 앞으로도 많은 이용 부탁드립니다.
감사합니다!!",kr.co.kbc.cha.android,5.2.7
Android,쀼우,5,,내차 시세에 대해서도 알수있고 알아보고 싶은 중고차를 조건별로 검색해서 확인하기 편하게 되어있어요 직관적으로 사용하기에도 좋아서 중고차 알아볼때 적극적으로 활용해볼 생각입니다 중고차매매 어플로 추천해요!!!,2025-06-06 16:04:20,0.0,"안녕하세요 고객님, KB차차차입니다. 소중한 리뷰 남겨주셔서 감사합니다. KB차차차는 무엇보다도 고객님께서 어렵게 느껴지는
중고차를 쉽고 편하게 거래하실 수 있도록 도와드리는 것을 목표로 하고 있습니다 :) 미션 콤플릿 할 때까지 옆에
꼭 있어주실거죠~? 간편하지만 든든한! 중고차 플랫폼 KB차차차가 되기 위해 열일하겠습니다. 앞으로도 많은 이용 부탁드립니다.
감사합니다!!",kr.co.kbc.cha.android,5.2.7
Android,James Ko,5,,"내 차 사고 팔 때 UI가 편하게 되어있고, 차 매물도 많아서 좋습니다.",2025-06-06 16:03:59,0.0,"안녕하세요 고객님, KB차차차입니다. 소중한 리뷰 남겨주셔서 감사합니다. KB차차차는 무엇보다도 고객님께서 어렵게 느껴지는
중고차를 쉽고 편하게 거래하실 수 있도록 도와드리는 것을 목표로 하고 있습니다 :) 미션 콤플릿 할 때까지 옆에
꼭 있어주실거죠~? 간편하지만 든든한! 중고차 플랫폼 KB차차차가 되기 위해 열일하겠습니다. 앞으로도 많은 이용 부탁드립니다.
감사합니다!!",kr.co.kbc.cha.android,5.2.7
Android,Sujin Lee,5,,편합니다,2025-06-06 16:03:53,0.0,"안녕하세요 고객님, KB차차차입니다. 소중한 리뷰 남겨주셔서 감사합니다. KB차차차는 무엇보다도 고객님께서 어렵게 느껴지는
중고차를 쉽고 편하게 거래하실 수 있도록 도와드리는 것을 목표로 하고 있습니다 :) 미션 콤플릿 할 때까지 옆에
꼭 있어주실거죠~? 간편하지만 든든한! 중고차 플랫폼 KB차차차가 되기 위해 열일하겠습니다. 앞으로도 많은 이용 부탁드립니다.
감사합니다!!",kr.co.kbc.cha.android,
Android,뗑니,5,,내 차 사고 팔 때 비교하기 쉽게 만들어져서 편해요 앱 사용할 때 불편함이 없어서 좋아요,2025-06-06 16:01:51,0.0,"안녕하세요 고객님, KB차차차입니다. 소중한 리뷰 남겨주셔서 감사합니다. KB차차차는 무엇보다도 고객님께서 어렵게 느껴지는
중고차를 쉽고 편하게 거래하실 수 있도록 도와드리는 것을 목표로 하고 있습니다 :) 미션 콤플릿 할 때까지 옆에
꼭 있어주실거죠~? 간편하지만 든든한! 중고차 플랫폼 KB차차차가 되기 위해 열일하겠습니다. 앞으로도 많은 이용 부탁드립니다.
감사합니다!!",kr.co.kbc.cha.android,5.2.7
Android,최민지,5,,중고차 매매 알아볼때는 KB차차차가 최고예요 앱도 편리하게 잘 되어있어서 이용하기 좋아요 다른곳도 좋지만 kb차차차가 최고입니다 ㅎㅎ,2025-06-06 16:01:44,0.0,"안녕하세요 고객님, KB차차차입니다. 소중한 리뷰 남겨주셔서 감사합니다. KB차차차는 무엇보다도 고객님께서 어렵게 느껴지는
중고차를 쉽고 편하게 거래하실 수 있도록 도와드리는 것을 목표로 하고 있습니다 :) 미션 콤플릿 할 때까지 옆에
꼭 있어주실거죠~? 간편하지만 든든한! 중고차 플랫폼 KB차차차가 되기 위해 열일하겠습니다. 앞으로도 많은 이용 부탁드립니다.
감사합니다!!",kr.co.kbc.cha.android,5.2.7
Android,44,5,,완전조아요 완전간편해용,2025-06-06 16:01:02,0.0,"안녕하세요 고객님, KB차차차입니다. 소중한 리뷰 남겨주셔서 감사합니다. KB차차차는 무엇보다도 고객님께서 어렵게 느껴지는
중고차를 쉽고 편하게 거래하실 수 있도록 도와드리는 것을 목표로 하고 있습니다 :) 미션 콤플릿 할 때까지 옆에
꼭 있어주실거죠~? 간편하지만 든든한! 중고차 플랫폼 KB차차차가 되기 위해 열일하겠습니다. 앞으로도 많은 이용 부탁드립니다.
감사합니다!!",kr.co.kbc.cha.android,4.0.1
iOS,롱구리리,5,중고차 알아보기,좋아요ㅎㅎ간편해요,2025-06-06 06:21:56,,,1112366886,5.0.2
Android,fkhl rptmg,1,,로그인 유지도 안되고 메뉴 하나 이용하면 터치도 안돼서 앱 나가게 만들고 이딴식으로 만들거면 왜 이용하라고 만든건지 심지어 회원탈퇴도 못하게 막네 쓰레기같은 어플은 광고나 홍보도 못하게 막아야돼,2025-05-31 06:54:40,0.0,"안녕하세요 고객님, KB차차차입니다. 우선 KB차차차 이용에 불편을 드려 대단히 죄송합니다.
오류가 발생할 경우 KB차차차 대표번호 1670-4777로 연락주시면 최선을 다해 도와드리도록 하겠습니다. 다시 한 번 이용에 불편을 드려 대단히 죄송합니다. 감사합니다.",kr.co.kbc.cha.android,
Android,카리스마,1,,핸드폰 바꾸고 로그인이 안되요 리뷰 보니 저만 그런거도 아닌거 같은데요 새로운폰이라고 인증해야 된다고 해서 인증하면 다음 화면으로 넘어가질 않습니다 좀 고쳐주세요,2025-05-29 14:21:19,2.0,"안녕하세요 고객님, KB차차차입니다. 우선 KB차차차 이용에 불편을 드려 대단히 죄송합니다.
오류가 발생할 경우 KB차차차 대표번호 1670-4777로 연락주시면 최선을 다해 도와드리도록 하겠습니다. 다시 한 번 이용에 불편을 드려 대단히 죄송합니다. 감사합니다.",kr.co.kbc.cha.android,5.2.7
Android,이은길,1,,비회원 내차팔기 핸드폰인증후에 다음버튼을 눌러도 페이지 이동하지않는 오류 뜨고있음 앱개발을 날로 해쳐드셨나..,2025-05-22 09:51:40,1.0,"안녕하세요 고객님, KB차차차입니다. 우선 KB차차차 이용에 불편을 드려 대단히 죄송합니다.
오류가 발생할 경우 KB차차차 대표번호 1670-4777로 연락주시면 최선을 다해 도와드리도록 하겠습니다. 다시 한 번 이용에 불편을 드려 대단히 죄송합니다. 감사합니다.",kr.co.kbc.cha.android,5.2.6
iOS,선릉호랑이,1,메인 디자인이 뭐죠?,중고차 구매하기 위해 접속했는데 엔카 메인과 너무 흡사해서 놀랬습니다. 엔카에 들어온줄~~~ 신경좀 쓰십시오. 표절인줄~~,2025-05-20 08:15:54,,,1112366886,5.0.1
iOS,dzleezb,4,로그인,네이버로그인이 안되요,2025-05-18 04:04:07,,,1112366886,5.0.0
iOS,새우탕맛있어,2,로그인 불가,네이버 계정 로그인이 안되고 있음 버그인가,2025-05-17 03:29:41,,,1112366886,5.0.0
iOS,스마일 맨,3,어플,상세조건검색 배기량없네요 아쉼,2025-05-12 03:33:00,,,1112366886,4.7.8
iOS,인천증구첨잠,5,차차차,"국민자동차앱으로 등록되기 3일전!ㅎ ㅎ ㅎ
승승장구하십쇼다!ㅎ ㅎ ㅎ 팅이화! ㅎ ㅎ ㅎ",2025-05-09 06:18:25,,,1112366886,4.7.8
iOS,garden:),5,비교하기 편하고 좋아요,중고차 편하게 폰으로 알아볼 수 있어서 좋아요!,2025-05-09 03:05:58,,,1112366886,4.7.8
Android,최영규,5,,이벤트도 많고 좋아용 안귀찮게해요,2025-05-07 11:59:09,0.0,"안녕하세요 고객님, KB차차차입니다. 차차차는 고객님들에게 최적의 사용성과 편리함을 제공하기 위해 노력하고 있습니다.
복잡한 어플은 이제 그만! 차차차 홈화면에서 간편하게 차량 검색, 내차 시세 조회, 내차 관리 등 차차차에서만 만날 수 있는 기능을 최대로 이용해보세요! 감사합니다.",kr.co.kbc.cha.android,5.2.4
iOS,지현다은아빠,3,극악의 당첨률,그래도 소소해도 뭐하나 주네요.,2025-05-04 20:10:15,,,1112366886,4.7.7
Android,포비쭈니,5,,중고차에 대해 알아보다 우연히 알게된 앱인데 한 눈에 쉽게 알아볼 수 있어 편하고 좋네요 관심있는 차종을 중심으로 매일 검색중인데 시간 가는줄도 몰라요 이곳 저곳 보다보니 이벤트도 있고 (물론 당첨이 되진 않습니다만) 암튼 믿고 보는 KB차차차 좋아요 👍,2025-04-25 22:20:14,0.0,"안녕하세요 고객님, KB차차차입니다. 차차차는 고객님들에게 최적의 사용성과 편리함을 제공하기 위해 노력하고 있습니다.
복잡한 어플은 이제 그만! 차차차 홈화면에서 간편하게 차량 검색, 내차 시세 조회, 내차 관리 등 차차차에서만 만날 수 있는 기능을 최대로 이용해보세요! 감사합니다.",kr.co.kbc.cha.android,
Android,이도도,5,,앱.차차차~좋아요. 검색도 용이하고 비교하고 컨택할 수 있게 잘 배열되어 있습니다.믿고 맡겨도 후회 없을 듯 하네요,2025-04-25 18:38:01,0.0,"안녕하세요 고객님, KB차차차입니다. 차차차는 고객님들에게 최적의 사용성과 편리함을 제공하기 위해 노력하고 있습니다.
복잡한 어플은 이제 그만! 차차차 홈화면에서 간편하게 차량 검색, 내차 시세 조회, 내차 관리 등 차차차에서만 만날 수 있는 기능을 최대로 이용해보세요! 감사합니다.",kr.co.kbc.cha.android,5.2.4
Android,김미연,5,,자주이용하는중입니다.이벤트도 이벤트지먀...지금타고있는차량팔때금액을앐수있고 내가 관심있어하는차량시세나 나의예산에서 가능한차량등을 한눈에 쏙 볼수있어 자주이용하며 확인하는중이예요,2025-04-25 18:05:00,0.0,"안녕하세요 고객님, KB차차차입니다. 차차차는 고객님들에게 최적의 사용성과 편리함을 제공하기 위해 노력하고 있습니다.
복잡한 어플은 이제 그만! 차차차 홈화면에서 간편하게 차량 검색, 내차 시세 조회, 내차 관리 등 차차차에서만 만날 수 있는 기능을 최대로 이용해보세요! 감사합니다.",kr.co.kbc.cha.android,5.2.4
Android,김미라,5,,중고차 플랫폼 정말좋아요 ~~리뷰도 평도 다좋고 정보 도움 많이 됩니다~~~~항상 감사합니다 앞으로도 좋은정보 잘 부탁드립니다 ~~,2025-04-25 17:51:18,0.0,"안녕하세요 고객님, KB차차차입니다. 차차차는 고객님들에게 최적의 사용성과 편리함을 제공하기 위해 노력하고 있습니다.
복잡한 어플은 이제 그만! 차차차 홈화면에서 간편하게 차량 검색, 내차 시세 조회, 내차 관리 등 차차차에서만 만날 수 있는 기능을 최대로 이용해보세요! 감사합니다.",kr.co.kbc.cha.android,5.2.4
Android,천호선,5,,"유용하게 잘 사용하고 있습니다. 원하는 정보 찾기도 편하고, KB에서 운영하니 정보도 믿을 수 있어서 실제 중고차 구입할 때도 도움을 많이 받았습니다.",2025-04-25 16:47:42,0.0,"안녕하세요 고객님, KB차차차입니다. 차차차는 고객님들에게 최적의 사용성과 편리함을 제공하기 위해 노력하고 있습니다.
복잡한 어플은 이제 그만! 차차차 홈화면에서 간편하게 차량 검색, 내차 시세 조회, 내차 관리 등 차차차에서만 만날 수 있는 기능을 최대로 이용해보세요! 감사합니다.",kr.co.kbc.cha.android,5.2.4
Android,최준규,5,,보기좋게 잘나와서 만족하면서 사용중입니다 편리합니다 👍,2025-04-25 16:35:40,0.0,"안녕하세요 고객님, KB차차차입니다. 차차차는 고객님들에게 최적의 사용성과 편리함을 제공하기 위해 노력하고 있습니다.
복잡한 어플은 이제 그만! 차차차 홈화면에서 간편하게 차량 검색, 내차 시세 조회, 내차 관리 등 차차차에서만 만날 수 있는 기능을 최대로 이용해보세요! 감사합니다.",kr.co.kbc.cha.android,5.2.4
Android,나민들레영토,5,,정말훌륭한 어플입니다,2025-04-25 16:27:13,0.0,"안녕하세요 고객님, KB차차차입니다. 차차차는 고객님들에게 최적의 사용성과 편리함을 제공하기 위해 노력하고 있습니다.
복잡한 어플은 이제 그만! 차차차 홈화면에서 간편하게 차량 검색, 내차 시세 조회, 내차 관리 등 차차차에서만 만날 수 있는 기능을 최대로 이용해보세요! 감사합니다.",kr.co.kbc.cha.android,
Android,조범석,5,,정말 편리하게 정보를 알 수 있어서 좋아요. kb시스템도 좋구요 윈하는 차량 조회도 쉽게 가능합니다.,2025-04-25 16:22:22,0.0,"안녕하세요 고객님, KB차차차입니다. 차차차는 고객님들에게 최적의 사용성과 편리함을 제공하기 위해 노력하고 있습니다.
복잡한 어플은 이제 그만! 차차차 홈화면에서 간편하게 차량 검색, 내차 시세 조회, 내차 관리 등 차차차에서만 만날 수 있는 기능을 최대로 이용해보세요! 감사합니다.",kr.co.kbc.cha.android,5.0.7
Android,백기사,5,,많은 종류의 차종을 간편하게 검색하고 비교할수 있어서 좋아요!,2025-04-25 16:20:36,1.0,"안녕하세요 고객님, KB차차차입니다. 차차차는 고객님들에게 최적의 사용성과 편리함을 제공하기 위해 노력하고 있습니다.
복잡한 어플은 이제 그만! 차차차 홈화면에서 간편하게 차량 검색, 내차 시세 조회, 내차 관리 등 차차차에서만 만날 수 있는 기능을 최대로 이용해보세요! 감사합니다.",kr.co.kbc.cha.android,5.2.4
Android,임정남,4,,내차 시세 알아보기 좋아요. 중고차 팔때 유용할듯 해요,2025-04-25 16:07:56,0.0,"안녕하세요 고객님, KB차차차입니다. 차차차는 고객님들에게 최적의 사용성과 편리함을 제공하기 위해 노력하고 있습니다.
복잡한 어플은 이제 그만! 차차차 홈화면에서 간편하게 차량 검색, 내차 시세 조회, 내차 관리 등 차차차에서만 만날 수 있는 기능을 최대로 이용해보세요! 감사합니다.",kr.co.kbc.cha.android,5.2.4
Android,yun han,5,,편리해서 좋아요,2025-04-25 16:03:37,0.0,"안녕하세요 고객님, KB차차차입니다. 차차차는 고객님들에게 최적의 사용성과 편리함을 제공하기 위해 노력하고 있습니다.
복잡한 어플은 이제 그만! 차차차 홈화면에서 간편하게 차량 검색, 내차 시세 조회, 내차 관리 등 차차차에서만 만날 수 있는 기능을 최대로 이용해보세요! 감사합니다.",kr.co.kbc.cha.android,5.2.4
Android,황보수,5,,차량 관련 필요한 정보들이 알아보기 쉽게 구성되어있습니다. 타 어플 대비 차량 대수가 좀 부족하지만 알찬 매물로 구성되어있는것 같습니다. 추천 👍👍,2025-04-25 16:02:23,0.0,"안녕하세요 고객님, KB차차차입니다. 차차차는 고객님들에게 최적의 사용성과 편리함을 제공하기 위해 노력하고 있습니다.
복잡한 어플은 이제 그만! 차차차 홈화면에서 간편하게 차량 검색, 내차 시세 조회, 내차 관리 등 차차차에서만 만날 수 있는 기능을 최대로 이용해보세요! 감사합니다.",kr.co.kbc.cha.android,5.2.4
iOS,ijawa218,5,좋아용~~,차팔고 사기에는 최고의 앱입니다~~~,2025-04-25 00:03:42,,,1112366886,4.7.7
iOS,akdingun,5,좋아여,매일 매일 정보체크 도움이 됩니다,2025-04-24 03:53:04,,,1112366886,4.7.7
Android,WooJeong Choi,5,,좋아요,2025-04-20 11:29:51,0.0,"안녕하세요 고객님, KB차차차입니다. 소중한 리뷰 남겨주셔서 감사합니다. KB차차차는 무엇보다도 고객님께서 어렵게 느껴지는
중고차를 쉽고 편하게 거래하실 수 있도록 도와드리는 것을 목표로 하고 있습니다 :) 미션 콤플릿 할 때까지 옆에
꼭 있어주실거죠~? 간편하지만 든든한! 중고차 플랫폼 KB차차차가 되기 위해 열일하겠습니다. 앞으로도 많은 이용 부탁드립니다.
감사합니다!!",kr.co.kbc.cha.android,
Android,김성봉,5,,엔카보다 물량도 많고 세부정보가 많아서 제대로 알아보기 편한거같아요,2025-04-19 14:03:16,0.0,"안녕하세요 고객님, KB차차차입니다. 소중한 리뷰 남겨주셔서 감사합니다. KB차차차는 무엇보다도 고객님께서 어렵게 느껴지는
중고차를 쉽고 편하게 거래하실 수 있도록 도와드리는 것을 목표로 하고 있습니다 :) 미션 콤플릿 할 때까지 옆에
꼭 있어주실거죠~? 간편하지만 든든한! 중고차 플랫폼 KB차차차가 되기 위해 열일하겠습니다. 앞으로도 많은 이용 부탁드립니다.
감사합니다!!",kr.co.kbc.cha.android,5.2.2
Android,맹렬전차,5,,메뉴가 직관적이고 사용하기 편하게 되어 있어요. 중고차 시세 검색 및 비교가 편해서 관심있는 차종 있을 때 자주 검색하게 되네요.,2025-04-18 23:47:22,0.0,"안녕하세요 고객님, KB차차차입니다. 소중한 리뷰 남겨주셔서 감사합니다. KB차차차는 무엇보다도 고객님께서 어렵게 느껴지는
중고차를 쉽고 편하게 거래하실 수 있도록 도와드리는 것을 목표로 하고 있습니다 :) 미션 콤플릿 할 때까지 옆에
꼭 있어주실거죠~? 간편하지만 든든한! 중고차 플랫폼 KB차차차가 되기 위해 열일하겠습니다. 앞으로도 많은 이용 부탁드립니다.
감사합니다!!",kr.co.kbc.cha.android,5.2.4
Android,Mi Lim Song,5,,중고차 정보도 많고 알아보기 너무 편해서 좋아요~도움이 많이 됐어요^^,2025-04-18 22:37:51,0.0,"안녕하세요 고객님, KB차차차입니다. 소중한 리뷰 남겨주셔서 감사합니다. KB차차차는 무엇보다도 고객님께서 어렵게 느껴지는
중고차를 쉽고 편하게 거래하실 수 있도록 도와드리는 것을 목표로 하고 있습니다 :) 미션 콤플릿 할 때까지 옆에
꼭 있어주실거죠~? 간편하지만 든든한! 중고차 플랫폼 KB차차차가 되기 위해 열일하겠습니다. 앞으로도 많은 이용 부탁드립니다.
감사합니다!!",kr.co.kbc.cha.android,5.2.4
Android,봉성훈,5,,자동차 정보도 보기편하고 이래저래 잘 애용하고 있습니다.,2025-04-18 22:33:51,0.0,"안녕하세요 고객님, KB차차차입니다. 소중한 리뷰 남겨주셔서 감사합니다. KB차차차는 무엇보다도 고객님께서 어렵게 느껴지는
중고차를 쉽고 편하게 거래하실 수 있도록 도와드리는 것을 목표로 하고 있습니다 :) 미션 콤플릿 할 때까지 옆에
꼭 있어주실거죠~? 간편하지만 든든한! 중고차 플랫폼 KB차차차가 되기 위해 열일하겠습니다. 앞으로도 많은 이용 부탁드립니다.
감사합니다!!",kr.co.kbc.cha.android,5.2.0
Android,sh lily,5,,"중고차 시세에 대해 잘 몰랐는데, 차차차 앱을 이용하면서 많은 도움을 얻었어요. 앱이 보기 편리하고, 여러가지 이벤트도 많아서 좋아요.",2025-04-18 21:23:16,0.0,"안녕하세요 고객님, KB차차차입니다. 소중한 리뷰 남겨주셔서 감사합니다. KB차차차는 무엇보다도 고객님께서 어렵게 느껴지는
중고차를 쉽고 편하게 거래하실 수 있도록 도와드리는 것을 목표로 하고 있습니다 :) 미션 콤플릿 할 때까지 옆에
꼭 있어주실거죠~? 간편하지만 든든한! 중고차 플랫폼 KB차차차가 되기 위해 열일하겠습니다. 앞으로도 많은 이용 부탁드립니다.
감사합니다!!",kr.co.kbc.cha.android,5.2.4
Android,석현영,5,,KB차차차 앱 매일 로그인하고 있어요~~~ 접속도 잘되고 로그인도 잘됩니다~~ 행운의 룰렛 이벤트도 매일 참여하고 있습니다 그 외 다른 이벤트도 있어요 앞으로도 발전하는 KB차차차 앱 됐으면 좋겠습니다^^,2025-04-18 19:32:56,1.0,"안녕하세요 고객님, KB차차차입니다. 소중한 리뷰 남겨주셔서 감사합니다. KB차차차는 무엇보다도 고객님께서 어렵게 느껴지는
중고차를 쉽고 편하게 거래하실 수 있도록 도와드리는 것을 목표로 하고 있습니다 :) 미션 콤플릿 할 때까지 옆에
꼭 있어주실거죠~? 간편하지만 든든한! 중고차 플랫폼 KB차차차가 되기 위해 열일하겠습니다. 앞으로도 많은 이용 부탁드립니다.
감사합니다!!",kr.co.kbc.cha.android,5.2.4
Android,김ᄒᄒ,5,,중고차 매물을 알아보는 중인데 KB라 믿음이 갑니다 인증 중고차도 있어 더욱 좋아요^^,2025-04-18 18:59:54,0.0,"안녕하세요 고객님, KB차차차입니다. 소중한 리뷰 남겨주셔서 감사합니다. KB차차차는 무엇보다도 고객님께서 어렵게 느껴지는
중고차를 쉽고 편하게 거래하실 수 있도록 도와드리는 것을 목표로 하고 있습니다 :) 미션 콤플릿 할 때까지 옆에
꼭 있어주실거죠~? 간편하지만 든든한! 중고차 플랫폼 KB차차차가 되기 위해 열일하겠습니다. 앞으로도 많은 이용 부탁드립니다.
감사합니다!!",kr.co.kbc.cha.android,5.0.3
Android,율봉이,5,,맘에드는 차 예약하고 가서 샀습니다. 책임져주겠지~ 하는 믿음~~!!!!!,2025-04-18 17:50:19,0.0,"안녕하세요 고객님, KB차차차입니다. 소중한 리뷰 남겨주셔서 감사합니다. KB차차차는 무엇보다도 고객님께서 어렵게 느껴지는
중고차를 쉽고 편하게 거래하실 수 있도록 도와드리는 것을 목표로 하고 있습니다 :) 미션 콤플릿 할 때까지 옆에
꼭 있어주실거죠~? 간편하지만 든든한! 중고차 플랫폼 KB차차차가 되기 위해 열일하겠습니다. 앞으로도 많은 이용 부탁드립니다.
감사합니다!!",kr.co.kbc.cha.android,
Android,김현민,5,,중고차 매물 빨리 찾을수 있어서 편하다,2025-04-18 17:12:44,0.0,"안녕하세요 고객님, KB차차차입니다. 소중한 리뷰 남겨주셔서 감사합니다. KB차차차는 무엇보다도 고객님께서 어렵게 느껴지는
중고차를 쉽고 편하게 거래하실 수 있도록 도와드리는 것을 목표로 하고 있습니다 :) 미션 콤플릿 할 때까지 옆에
꼭 있어주실거죠~? 간편하지만 든든한! 중고차 플랫폼 KB차차차가 되기 위해 열일하겠습니다. 앞으로도 많은 이용 부탁드립니다.
감사합니다!!",kr.co.kbc.cha.android,5.2.2
Android,Jin Ho Jueng,5,,차를 바꿀때가 되어간다 싶어서 kb차차차 깔아봤어요. kb관련 어플들과 친숙한 느낌이라서 쓰는데 거부감이 없어서 너무 좋네요. 그리고 차량관련 유익한 정보가 많아서 활용하기 괜찮은것 같아요.,2025-04-18 16:53:57,1.0,"안녕하세요 고객님, KB차차차입니다. 소중한 리뷰 남겨주셔서 감사합니다. KB차차차는 무엇보다도 고객님께서 어렵게 느껴지는
중고차를 쉽고 편하게 거래하실 수 있도록 도와드리는 것을 목표로 하고 있습니다 :) 미션 콤플릿 할 때까지 옆에
꼭 있어주실거죠~? 간편하지만 든든한! 중고차 플랫폼 KB차차차가 되기 위해 열일하겠습니다. 앞으로도 많은 이용 부탁드립니다.
감사합니다!!",kr.co.kbc.cha.android,
Android,김병호,5,,한번씩 중고차 비교하기 좋은듯,2025-04-18 16:47:37,0.0,"안녕하세요 고객님, KB차차차입니다. 소중한 리뷰 남겨주셔서 감사합니다. KB차차차는 무엇보다도 고객님께서 어렵게 느껴지는
중고차를 쉽고 편하게 거래하실 수 있도록 도와드리는 것을 목표로 하고 있습니다 :) 미션 콤플릿 할 때까지 옆에
꼭 있어주실거죠~? 간편하지만 든든한! 중고차 플랫폼 KB차차차가 되기 위해 열일하겠습니다. 앞으로도 많은 이용 부탁드립니다.
감사합니다!!",kr.co.kbc.cha.android,5.2.4
Android,강명희,5,,KB차차차 편리하고 좋네요~,2025-04-18 16:40:36,0.0,"안녕하세요 고객님, KB차차차입니다. 소중한 리뷰 남겨주셔서 감사합니다. KB차차차는 무엇보다도 고객님께서 어렵게 느껴지는
중고차를 쉽고 편하게 거래하실 수 있도록 도와드리는 것을 목표로 하고 있습니다 :) 미션 콤플릿 할 때까지 옆에
꼭 있어주실거죠~? 간편하지만 든든한! 중고차 플랫폼 KB차차차가 되기 위해 열일하겠습니다. 앞으로도 많은 이용 부탁드립니다.
감사합니다!!",kr.co.kbc.cha.android,5.2.4
Android,Kyukeun Lee,5,,볼수있는 차량도 많고 여러가지 설정해서 내가 원하는차량 볼수있어서 좋음,2025-04-18 16:39:48,0.0,"안녕하세요 고객님, KB차차차입니다. 소중한 리뷰 남겨주셔서 감사합니다. KB차차차는 무엇보다도 고객님께서 어렵게 느껴지는
중고차를 쉽고 편하게 거래하실 수 있도록 도와드리는 것을 목표로 하고 있습니다 :) 미션 콤플릿 할 때까지 옆에
꼭 있어주실거죠~? 간편하지만 든든한! 중고차 플랫폼 KB차차차가 되기 위해 열일하겠습니다. 앞으로도 많은 이용 부탁드립니다.
감사합니다!!",kr.co.kbc.cha.android,5.0.0
Android,행복한육아천국,5,,"중고차 어플 중에 차가 제일 많은 듯. 직영 중고차 어플은 아니므로 허위매물, 침수차 등 섞여있을 수 있음.",2025-04-18 16:34:49,0.0,"안녕하세요 고객님, KB차차차입니다. 소중한 리뷰 남겨주셔서 감사합니다. KB차차차는 무엇보다도 고객님께서 어렵게 느껴지는
중고차를 쉽고 편하게 거래하실 수 있도록 도와드리는 것을 목표로 하고 있습니다 :) 미션 콤플릿 할 때까지 옆에
꼭 있어주실거죠~? 간편하지만 든든한! 중고차 플랫폼 KB차차차가 되기 위해 열일하겠습니다. 앞으로도 많은 이용 부탁드립니다.
감사합니다!!",kr.co.kbc.cha.android,4.9.9
Android,art man,5,,kb라서 신뢰가 가는군요,2025-04-18 16:30:15,0.0,"안녕하세요 고객님, KB차차차입니다. 소중한 리뷰 남겨주셔서 감사합니다. KB차차차는 무엇보다도 고객님께서 어렵게 느껴지는
중고차를 쉽고 편하게 거래하실 수 있도록 도와드리는 것을 목표로 하고 있습니다 :) 미션 콤플릿 할 때까지 옆에
꼭 있어주실거죠~? 간편하지만 든든한! 중고차 플랫폼 KB차차차가 되기 위해 열일하겠습니다. 앞으로도 많은 이용 부탁드립니다.
감사합니다!!",kr.co.kbc.cha.android,5.2.4
Android,뿔테,5,,메뉴가 직관적이고 내 예산에 맞는 매물들이 빠르게 검색되는 것이 가장 큰 장점입니다.,2025-04-18 16:22:37,0.0,"안녕하세요 고객님, KB차차차입니다. 소중한 리뷰 남겨주셔서 감사합니다. KB차차차는 무엇보다도 고객님께서 어렵게 느껴지는
중고차를 쉽고 편하게 거래하실 수 있도록 도와드리는 것을 목표로 하고 있습니다 :) 미션 콤플릿 할 때까지 옆에
꼭 있어주실거죠~? 간편하지만 든든한! 중고차 플랫폼 KB차차차가 되기 위해 열일하겠습니다. 앞으로도 많은 이용 부탁드립니다.
감사합니다!!",kr.co.kbc.cha.android,5.2.4
Android,SH P (Pual),5,,내 예산으로 맞는 자동차도 찾을 수 있고 인증중고차도 볼 수 있어서 편하네요. 다양한 매물이 있어서 비교하고 선택할 수 있어 좋아요. 무엇보다 허위매물 걱정없이 거래할 수 있어 추천합니다.,2025-04-18 16:22:06,8.0,"안녕하세요 고객님, KB차차차입니다. 소중한 리뷰 남겨주셔서 감사합니다. KB차차차는 무엇보다도 고객님께서 어렵게 느껴지는
중고차를 쉽고 편하게 거래하실 수 있도록 도와드리는 것을 목표로 하고 있습니다 :) 미션 콤플릿 할 때까지 옆에
꼭 있어주실거죠~? 간편하지만 든든한! 중고차 플랫폼 KB차차차가 되기 위해 열일하겠습니다. 앞으로도 많은 이용 부탁드립니다.
감사합니다!!",kr.co.kbc.cha.android,5.2.4
Android,황원영,5,,사용하기 편하고 좋아요. 덕분에 타던 차 잘 처분했어요. 상답해주신분도 일처리 빠르고 깔끔했어요.,2025-04-18 16:19:35,0.0,"안녕하세요 고객님, KB차차차입니다. 소중한 리뷰 남겨주셔서 감사합니다. KB차차차는 무엇보다도 고객님께서 어렵게 느껴지는
중고차를 쉽고 편하게 거래하실 수 있도록 도와드리는 것을 목표로 하고 있습니다 :) 미션 콤플릿 할 때까지 옆에
꼭 있어주실거죠~? 간편하지만 든든한! 중고차 플랫폼 KB차차차가 되기 위해 열일하겠습니다. 앞으로도 많은 이용 부탁드립니다.
감사합니다!!",kr.co.kbc.cha.android,5.2.4
Android,권인순,5,,필요한 메뉴로만 되어 있어 원하는걸 찾기가 쉽고 편하네요. 내 차 시세 확인도 바로 알 수 있는 유용한 기능도 있네요. 타 업체에 비해 중고차 매물도 많은데 여러 분류에 따라 확인도 가능해서 좋네요. 자동차에 관해 여러 정보도 많아서 처음 중고차 구입시에 많은 도움이 되겠어요.,2025-04-18 16:14:01,42.0,"안녕하세요 고객님, KB차차차입니다. 소중한 리뷰 남겨주셔서 감사합니다. KB차차차는 무엇보다도 고객님께서 어렵게 느껴지는
중고차를 쉽고 편하게 거래하실 수 있도록 도와드리는 것을 목표로 하고 있습니다 :) 미션 콤플릿 할 때까지 옆에
꼭 있어주실거죠~? 간편하지만 든든한! 중고차 플랫폼 KB차차차가 되기 위해 열일하겠습니다. 앞으로도 많은 이용 부탁드립니다.
감사합니다!!",kr.co.kbc.cha.android,5.2.4
Android,Tiger.c K,5,,중고차앱중 단연코 넘버원! 일목요연하게 정리된 인터페이스로 한눈에 확 들어오네요. 내 조건에 맞는 차량검색에 금융지원까지 세세한 정보가 이해하기 쉬워요.커뮤니티에서 소소한 정보까지 알 수 있으니 앱 사용하다보면 재미가 느껴집니다.다양한 이벤트 및 프로모션 앞으로 기대됩니다. 믿음직한 KB브랜드로 다른 앱 찾으시지 말고 KB차차차 이용하시기를 추천드립니다.,2025-04-18 16:10:15,3.0,"안녕하세요 고객님, KB차차차입니다. 소중한 리뷰 남겨주셔서 감사합니다. KB차차차는 무엇보다도 고객님께서 어렵게 느껴지는
중고차를 쉽고 편하게 거래하실 수 있도록 도와드리는 것을 목표로 하고 있습니다 :) 미션 콤플릿 할 때까지 옆에
꼭 있어주실거죠~? 간편하지만 든든한! 중고차 플랫폼 KB차차차가 되기 위해 열일하겠습니다. 앞으로도 많은 이용 부탁드립니다.
감사합니다!!",kr.co.kbc.cha.android,5.2.4
Android,장초코초코,5,,"중고차물량도 많고, 검색이 편리해서 좋습니다. 이벤트도 자주 해 주셔서 감사합니다.",2025-04-18 16:09:46,0.0,"안녕하세요 고객님, KB차차차입니다. 소중한 리뷰 남겨주셔서 감사합니다. KB차차차는 무엇보다도 고객님께서 어렵게 느껴지는
중고차를 쉽고 편하게 거래하실 수 있도록 도와드리는 것을 목표로 하고 있습니다 :) 미션 콤플릿 할 때까지 옆에
꼭 있어주실거죠~? 간편하지만 든든한! 중고차 플랫폼 KB차차차가 되기 위해 열일하겠습니다. 앞으로도 많은 이용 부탁드립니다.
감사합니다!!",kr.co.kbc.cha.android,5.2.2
Android,이상우,5,,다른 플랫폼과 비교해서 내차시세 견적가도 중간이상 되는것 같아요 유용하게 활용할수 있을것 같습니다,2025-04-18 16:09:40,0.0,"안녕하세요 고객님, KB차차차입니다. 소중한 리뷰 남겨주셔서 감사합니다. KB차차차는 무엇보다도 고객님께서 어렵게 느껴지는
중고차를 쉽고 편하게 거래하실 수 있도록 도와드리는 것을 목표로 하고 있습니다 :) 미션 콤플릿 할 때까지 옆에
꼭 있어주실거죠~? 간편하지만 든든한! 중고차 플랫폼 KB차차차가 되기 위해 열일하겠습니다. 앞으로도 많은 이용 부탁드립니다.
감사합니다!!",kr.co.kbc.cha.android,5.2.4
Android,이경순,5,,차시세를 실시간대 알 수 있어요,2025-04-18 16:08:35,0.0,"안녕하세요 고객님, KB차차차입니다. 소중한 리뷰 남겨주셔서 감사합니다. KB차차차는 무엇보다도 고객님께서 어렵게 느껴지는
중고차를 쉽고 편하게 거래하실 수 있도록 도와드리는 것을 목표로 하고 있습니다 :) 미션 콤플릿 할 때까지 옆에
꼭 있어주실거죠~? 간편하지만 든든한! 중고차 플랫폼 KB차차차가 되기 위해 열일하겠습니다. 앞으로도 많은 이용 부탁드립니다.
감사합니다!!",kr.co.kbc.cha.android,5.2.0
Android,박효림,5,,"가독성 좋고, 편리하고, 필요한 정보만 모아놓아 내 차 사고, 내 차 팔때~ 꼭 필요한 유용한 어플인것같습니다. 👍👍",2025-04-18 16:08:12,0.0,"안녕하세요 고객님, KB차차차입니다. 소중한 리뷰 남겨주셔서 감사합니다. KB차차차는 무엇보다도 고객님께서 어렵게 느껴지는
중고차를 쉽고 편하게 거래하실 수 있도록 도와드리는 것을 목표로 하고 있습니다 :) 미션 콤플릿 할 때까지 옆에
꼭 있어주실거죠~? 간편하지만 든든한! 중고차 플랫폼 KB차차차가 되기 위해 열일하겠습니다. 앞으로도 많은 이용 부탁드립니다.
감사합니다!!",kr.co.kbc.cha.android,5.2.2
Android,Young Ha,5,,중고차시세 획인할때 좋아요,2025-04-18 16:07:26,0.0,"안녕하세요 고객님, KB차차차입니다. 소중한 리뷰 남겨주셔서 감사합니다. KB차차차는 무엇보다도 고객님께서 어렵게 느껴지는
중고차를 쉽고 편하게 거래하실 수 있도록 도와드리는 것을 목표로 하고 있습니다 :) 미션 콤플릿 할 때까지 옆에
꼭 있어주실거죠~? 간편하지만 든든한! 중고차 플랫폼 KB차차차가 되기 위해 열일하겠습니다. 앞으로도 많은 이용 부탁드립니다.
감사합니다!!",kr.co.kbc.cha.android,5.2.4
Android,Sun Jea KIm (Oddyse99),4,,좋아요 간편하게 볼 수있어요,2025-04-18 16:06:21,0.0,"안녕하세요 고객님, KB차차차입니다. 소중한 리뷰 남겨주셔서 감사합니다. KB차차차는 무엇보다도 고객님께서 어렵게 느껴지는
중고차를 쉽고 편하게 거래하실 수 있도록 도와드리는 것을 목표로 하고 있습니다 :) 미션 콤플릿 할 때까지 옆에
꼭 있어주실거죠~? 간편하지만 든든한! 중고차 플랫폼 KB차차차가 되기 위해 열일하겠습니다. 앞으로도 많은 이용 부탁드립니다.
감사합니다!!",kr.co.kbc.cha.android,5.2.4
Android,유근홍,5,,이용하기 편리하고 정보도 쉽게 볼수 있는 구성이 참 좋아요~~^^,2025-04-18 16:05:06,0.0,"안녕하세요 고객님, KB차차차입니다. 소중한 리뷰 남겨주셔서 감사합니다. KB차차차는 무엇보다도 고객님께서 어렵게 느껴지는
중고차를 쉽고 편하게 거래하실 수 있도록 도와드리는 것을 목표로 하고 있습니다 :) 미션 콤플릿 할 때까지 옆에
꼭 있어주실거죠~? 간편하지만 든든한! 중고차 플랫폼 KB차차차가 되기 위해 열일하겠습니다. 앞으로도 많은 이용 부탁드립니다.
감사합니다!!",kr.co.kbc.cha.android,5.2.4
Android,준이야,5,,처음접속하니 디자인부터 맘에들고요 편안한 ui 로 쉽게.내가.원하는 항목을 검색할수잇으니 그게 가장 저한테는 이끌렷네요 이앱의 목적은 중고차를 사고파는거라 쉽고 정확하게 정보를 확인할수잇어서 맘에듭니다.아주좋아요,2025-04-18 16:04:20,1.0,"안녕하세요 고객님, KB차차차입니다. 소중한 리뷰 남겨주셔서 감사합니다. KB차차차는 무엇보다도 고객님께서 어렵게 느껴지는
중고차를 쉽고 편하게 거래하실 수 있도록 도와드리는 것을 목표로 하고 있습니다 :) 미션 콤플릿 할 때까지 옆에
꼭 있어주실거죠~? 간편하지만 든든한! 중고차 플랫폼 KB차차차가 되기 위해 열일하겠습니다. 앞으로도 많은 이용 부탁드립니다.
감사합니다!!",kr.co.kbc.cha.android,5.2.2
Android,조예리,5,,진짜 편하네요.한눈에 다 볼수있고 원하는 차종도 다있어요. 정말 좋은 시스템입니딘,2025-04-18 16:02:05,0.0,"안녕하세요 고객님, KB차차차입니다. 소중한 리뷰 남겨주셔서 감사합니다. KB차차차는 무엇보다도 고객님께서 어렵게 느껴지는
중고차를 쉽고 편하게 거래하실 수 있도록 도와드리는 것을 목표로 하고 있습니다 :) 미션 콤플릿 할 때까지 옆에
꼭 있어주실거죠~? 간편하지만 든든한! 중고차 플랫폼 KB차차차가 되기 위해 열일하겠습니다. 앞으로도 많은 이용 부탁드립니다.
감사합니다!!",kr.co.kbc.cha.android,
Android,장영훈,5,,타사이트보다 더받고 팔았습니다. 좋아요.,2025-04-18 16:01:09,0.0,"안녕하세요 고객님, KB차차차입니다. 소중한 리뷰 남겨주셔서 감사합니다. KB차차차는 무엇보다도 고객님께서 어렵게 느껴지는
중고차를 쉽고 편하게 거래하실 수 있도록 도와드리는 것을 목표로 하고 있습니다 :) 미션 콤플릿 할 때까지 옆에
꼭 있어주실거죠~? 간편하지만 든든한! 중고차 플랫폼 KB차차차가 되기 위해 열일하겠습니다. 앞으로도 많은 이용 부탁드립니다.
감사합니다!!",kr.co.kbc.cha.android,5.2.2
iOS,쏘나타👍🏻👍🏻,5,쏘나타 구입했어요,아주 기분좋은 거래했습니다,2025-04-16 18:44:29,,,1112366886,4.7.7
Android,블루실버,5,,아주 아주 유용하네요,2025-04-15 16:22:35,0.0,"안녕하세요 고객님, KB차차차입니다. 소중한 리뷰 남겨주셔서 감사합니다.
간편하지만 든든함까지 챙기는 KB차차차!
기능은 간편하게~ 서비스는 든든하게~ 언제나 고객님의 입장에서 고민하는 KB차차차입니다 :)
앞으로도 믿고 사용하실 수 있는 유일한 중고차 플랫폼이 될 수 있도록 노력을 아끼지 않겠습니다. 많은 이용 부탁드립니다. 감사합니다!",kr.co.kbc.cha.android,5.2.2
Android,사자고,5,,사용하기 편리하고 신뢰가는 어플입니다.,2025-04-11 23:47:20,0.0,"안녕하세요 고객님, KB차차차입니다. 소중한 리뷰 남겨주셔서 감사합니다.
간편하지만 든든함까지 챙기는 KB차차차!
기능은 간편하게~ 서비스는 든든하게~ 언제나 고객님의 입장에서 고민하는 KB차차차입니다 :)
앞으로도 믿고 사용하실 수 있는 유일한 중고차 플랫폼이 될 수 있도록 노력을 아끼지 않겠습니다. 많은 이용 부탁드립니다. 감사합니다!",kr.co.kbc.cha.android,5.2.2
Android,king ha,5,,구매시 도움이 많이 될 것 같아요,2025-04-11 22:31:29,0.0,"안녕하세요 고객님, KB차차차입니다. 소중한 리뷰 남겨주셔서 감사합니다.
간편하지만 든든함까지 챙기는 KB차차차!
기능은 간편하게~ 서비스는 든든하게~ 언제나 고객님의 입장에서 고민하는 KB차차차입니다 :)
앞으로도 믿고 사용하실 수 있는 유일한 중고차 플랫폼이 될 수 있도록 노력을 아끼지 않겠습니다. 많은 이용 부탁드립니다. 감사합니다!",kr.co.kbc.cha.android,
Android,Hyoseok Kim,4,,합리적인 가격 책정과 친절한 중개가 강점인 플랫폼,2025-04-11 20:33:37,0.0,"안녕하세요 고객님, KB차차차입니다. 소중한 리뷰 남겨주셔서 감사합니다.
간편하지만 든든함까지 챙기는 KB차차차!
기능은 간편하게~ 서비스는 든든하게~ 언제나 고객님의 입장에서 고민하는 KB차차차입니다 :)
앞으로도 믿고 사용하실 수 있는 유일한 중고차 플랫폼이 될 수 있도록 노력을 아끼지 않겠습니다. 많은 이용 부탁드립니다. 감사합니다!",kr.co.kbc.cha.android,5.2.2
Android,dhp dhp,5,,"앱이 좋네요. 앱이 사용자가 편하게 쓸 수 있게 만들어 졌네요. 중고차 매물도 많고, 다양한 서비스가 있어서 좋네요. 딜러도 꽤 있는 것 같고,딜러수도 많고, 싸고 저렴한 가성비 갑의 매물들이 많네요.",2025-04-11 19:59:41,1.0,"안녕하세요 고객님, KB차차차입니다. KB라 믿을 수 있는 안심 중고차! 보시는 차량에 'KB캐피탈 인증중고차' 마크가 달려있다면 유튜브 #KB캐피탈인증중고차 채널에서 실매물 영상을 확인하실 수 있습니다~^^ KB캐피탈 직영차로 자동차 정비 및 전문가가 직접 엄선한 고품질 차량만을 취급하고 있으며 집 앞으로 배송까지! 구매 후 100% 책임 보증 해드리니 소중한 내 차, 안전한 매물, 지금 인증중고차를 통해 만나보시는 건 어떠신가요?",kr.co.kbc.cha.android,5.2.2
Android,김슈기,5,,더 사용해봐야알겠지만 지금까지는 만족합니다,2025-04-11 19:43:12,0.0,"안녕하세요 고객님, KB차차차입니다. 소중한 리뷰 남겨주셔서 감사합니다.
간편하지만 든든함까지 챙기는 KB차차차!
기능은 간편하게~ 서비스는 든든하게~ 언제나 고객님의 입장에서 고민하는 KB차차차입니다 :)
앞으로도 믿고 사용하실 수 있는 유일한 중고차 플랫폼이 될 수 있도록 노력을 아끼지 않겠습니다. 많은 이용 부탁드립니다. 감사합니다!",kr.co.kbc.cha.android,5.2.2
Android,다시찌니,5,,차차차에서 나의 차 시세도 알 수 있고 사용하기 편한 구성으로 되어있어서 차를 소유하고 있다면 필수로 깔아야 하는 앱입니다. 이벤트도 있어 너무나 만족하면서 이용하고 있습니다,2025-04-11 19:13:34,0.0,"안녕하세요 고객님, KB차차차입니다. 소중한 리뷰 남겨주셔서 감사합니다.
간편하지만 든든함까지 챙기는 KB차차차!
기능은 간편하게~ 서비스는 든든하게~ 언제나 고객님의 입장에서 고민하는 KB차차차입니다 :)
앞으로도 믿고 사용하실 수 있는 유일한 중고차 플랫폼이 될 수 있도록 노력을 아끼지 않겠습니다. 많은 이용 부탁드립니다. 감사합니다!",kr.co.kbc.cha.android,5.2.2
Android,Style H,5,,사실 중고차에 대해 아는게 없었던 내게 KB차차차에서 여러가지 유용한 정보를 알려주고 내 기존 차량의 가액도 정확히 알려줘서 큰 도움이 되었다.,2025-04-11 17:37:25,0.0,"안녕하세요 고객님, KB차차차입니다. 소중한 리뷰 남겨주셔서 감사합니다.
간편하지만 든든함까지 챙기는 KB차차차!
기능은 간편하게~ 서비스는 든든하게~ 언제나 고객님의 입장에서 고민하는 KB차차차입니다 :)
앞으로도 믿고 사용하실 수 있는 유일한 중고차 플랫폼이 될 수 있도록 노력을 아끼지 않겠습니다. 많은 이용 부탁드립니다. 감사합니다!",kr.co.kbc.cha.android,5.2.2
Android,박승준,5,,믿을수 있는 kb라서 더 믿고 이용할 수 있고 관심 등록한 차종에 대해서 알람도 해주니까 좋네요. 이벤트도 있어서 잘 이용하고 있습니다,2025-04-11 17:03:05,0.0,"안녕하세요 고객님, KB차차차입니다. 소중한 리뷰 남겨주셔서 감사합니다.
간편하지만 든든함까지 챙기는 KB차차차!
기능은 간편하게~ 서비스는 든든하게~ 언제나 고객님의 입장에서 고민하는 KB차차차입니다 :)
앞으로도 믿고 사용하실 수 있는 유일한 중고차 플랫폼이 될 수 있도록 노력을 아끼지 않겠습니다. 많은 이용 부탁드립니다. 감사합니다!",kr.co.kbc.cha.android,5.2.2
Android,이정은,5,,메뉴얼이 쉽게 정리되어 있어서 잘 모르는 사람도 이용하기 편하게 되어 있어요 사고 싶은 차 옵션별로 검색하기 쉬워서 좋구요 매번 꽝이지만 출석 체크이벤트 룰렛돌리기도 재미있습니다!^^,2025-04-11 16:50:57,1.0,"안녕하세요 고객님, KB차차차입니다. 소중한 리뷰 남겨주셔서 감사합니다.
간편하지만 든든함까지 챙기는 KB차차차!
기능은 간편하게~ 서비스는 든든하게~ 언제나 고객님의 입장에서 고민하는 KB차차차입니다 :)
앞으로도 믿고 사용하실 수 있는 유일한 중고차 플랫폼이 될 수 있도록 노력을 아끼지 않겠습니다. 많은 이용 부탁드립니다. 감사합니다!",kr.co.kbc.cha.android,5.2.2
Android,박효정,5,,내차 중고 견적도 바로 낼 수 있고 신차 가격 정보도 알수있고 차테크 정보도 넘넘 좋아요.,2025-04-11 16:47:51,0.0,"안녕하세요 고객님, KB차차차입니다.
국내 최다 매물을 보유한 KB차차차에서는 편리한 검색기능도 함께 갖추어 원하시는 차량을 보다 쉽고 편리하게 찾아보실 수 있습니다!!
소중한 의견 감사드리고 보다 나은 서비스 제공을 위해 더욱 노력하는 KB차차차 될 것을 약속드립니다. 감사합니다. :)",kr.co.kbc.cha.android,5.2.2
Android,김영광,5,,재미있어요,2025-04-11 16:36:18,0.0,"안녕하세요 고객님, KB차차차입니다.
국내 최다 매물을 보유한 KB차차차에서는 편리한 검색기능도 함께 갖추어 원하시는 차량을 보다 쉽고 편리하게 찾아보실 수 있습니다!!
소중한 의견 감사드리고 보다 나은 서비스 제공을 위해 더욱 노력하는 KB차차차 될 것을 약속드립니다. 감사합니다. :)",kr.co.kbc.cha.android,5.2.2
Android,R H,5,,중고 차량의 시세 매매를 믿고 이용가능하고 쉽게 비교 사용 할수 있어서 좋습니다 앱 사용도 편리해서 좋습니다,2025-04-11 16:34:57,0.0,"안녕하세요 고객님, KB차차차입니다.
국내 최다 매물을 보유한 KB차차차에서는 편리한 검색기능도 함께 갖추어 원하시는 차량을 보다 쉽고 편리하게 찾아보실 수 있습니다!!
소중한 의견 감사드리고 보다 나은 서비스 제공을 위해 더욱 노력하는 KB차차차 될 것을 약속드립니다. 감사합니다. :)",kr.co.kbc.cha.android,5.2.2
Android,최인승,4,,"직접경험해본바, 차량의 시세정보가 비교적 투명하고 출장평가와 경쟁입찰 등의 서비스를 제공하여 매도하는 사람은 높은가격을 받을 수 있고 매수하는 사람은 상태가 좋은 차량을 구할 수 있는 장점이 있습니다. 단, 어플에 오류가 자주 있어 불편했고 이벤트 등이 부족해 아쉬웠습니다.",2025-04-11 16:34:23,3.0,"안녕하세요 고객님, KB차차차입니다.
국내 최다 매물을 보유한 KB차차차에서는 편리한 검색기능도 함께 갖추어 원하시는 차량을 보다 쉽고 편리하게 찾아보실 수 있습니다!!
소중한 의견 감사드리고 보다 나은 서비스 제공을 위해 더욱 노력하는 KB차차차 될 것을 약속드립니다. 감사합니다. :)",kr.co.kbc.cha.android,5.2.2
Android,No54,4,,가격대는 살짝 높아 보이는데 차량 상태는 괜찮아 보이네요,2025-04-11 16:34:02,0.0,"안녕하세요 고객님, KB차차차입니다.
국내 최다 매물을 보유한 KB차차차에서는 편리한 검색기능도 함께 갖추어 원하시는 차량을 보다 쉽고 편리하게 찾아보실 수 있습니다!!
소중한 의견 감사드리고 보다 나은 서비스 제공을 위해 더욱 노력하는 KB차차차 될 것을 약속드립니다. 감사합니다. :)",kr.co.kbc.cha.android,
Android,박수희,5,,판매자나 소비자 서로 믿고 안심거래 할 수 있는 중고차 어플인거 같아요 어플내 메뉴구성도 간결하고 가끔 이벤트도 열어줘서 잘 이용하고 있어요,2025-04-11 16:24:58,0.0,"안녕하세요 고객님, KB차차차입니다.
국내 최다 매물을 보유한 KB차차차에서는 편리한 검색기능도 함께 갖추어 원하시는 차량을 보다 쉽고 편리하게 찾아보실 수 있습니다!!
소중한 의견 감사드리고 보다 나은 서비스 제공을 위해 더욱 노력하는 KB차차차 될 것을 약속드립니다. 감사합니다. :)",kr.co.kbc.cha.android,5.2.2
Android,ᄋᄒᄋ,5,,편하고 좋아요 정보도 빨라요,2025-04-11 16:21:22,0.0,안녕하세요 고객님 KB차차차입니다. KB차차차에서 제공해드리는 중고차 시세는 실제로 거래된 수 많은 중고차 거래가격을 수집한 빅데이터를 기반으로 KB차차차 분석 전문가들이 AI(인공지능)기법을활용하여 시세 알고리즘을 통해 분석하여 산정한답니다. 다양한 매물과 정교한 시세를 눈으로 비교해보시고 차차차에서 안전한 중고차 거래하시길 바랍니다^^,kr.co.kbc.cha.android,5.2.2
Android,정영란,4,,차량번호를 올려 중고차가격이 헤이딜러보다 더 잘나옵니다. 그런데 현장에 막상 딜러분이 오시면 막 후려쳐서 제마음이 아프네요. 이래서 헤이딜러가 제일 잘쳐준다는 말이 나오는군요,2025-04-11 16:19:06,1.0,"안녕하세요 고객님, KB차차차입니다.
국내 최다 매물을 보유한 KB차차차에서는 편리한 검색기능도 함께 갖추어 원하시는 차량을 보다 쉽고 편리하게 찾아보실 수 있습니다!!
소중한 의견 감사드리고 보다 나은 서비스 제공을 위해 더욱 노력하는 KB차차차 될 것을 약속드립니다. 감사합니다. :)",kr.co.kbc.cha.android,5.2.2
Android,박정선,5,,신랑이 중고차 알아보고 있는데 KB차차차가 비교도 편하고 믿을 수 있다고 좋다면서 제꺼보고는 자기도 앱깔았어요 ㅎㅎ,2025-04-11 16:16:32,0.0,"안녕하세요 고객님, KB차차차입니다. 소중한 리뷰 남겨주셔서 감사합니다.
간편하지만 든든함까지 챙기는 KB차차차!
기능은 간편하게~ 서비스는 든든하게~ 언제나 고객님의 입장에서 고민하는 KB차차차입니다 :)
앞으로도 믿고 사용하실 수 있는 유일한 중고차 플랫폼이 될 수 있도록 노력을 아끼지 않겠습니다. 많은 이용 부탁드립니다. 감사합니다!",kr.co.kbc.cha.android,5.2.2
Android,김깐돌,5,,"앱 로딩이 엔카,케이카 등에 비해 많이 느립니다. 개선해 주시면 좋겠습니다.",2025-04-11 16:14:49,0.0,"안녕하세요 고객님, KB차차차입니다. 우선 KB차차차 이용에 불편을 드려 대단히 죄송합니다.
오류가 발생할 경우 KB차차차 대표번호 1670-4777로 연락주시면 최선을 다해 도와드리도록 하겠습니다. 다시 한 번 이용에 불편을 드려 대단히 죄송합니다. 감사합니다.",kr.co.kbc.cha.android,5.2.2
Android,Keonjae Park,5,,차량번호만 등록하면 손쉽게 차량 판매 견적을 받을 수 있고 앱자체에서 이벤트도 자주 합니다. 중고차량 구입할 때도 손쉽게 조건에 맞는 차량들의 시세를 조회할 수 있어 좋아요,2025-04-11 16:14:43,0.0,"안녕하세요 고객님, KB차차차입니다. 차차차는 고객님들에게 최적의 사용성과 편리함을 제공하기 위해 노력하고 있습니다.
복잡한 어플은 이제 그만! 차차차 홈화면에서 간편하게 차량 검색, 내차 시세 조회, 내차 관리 등 차차차에서만 만날 수 있는 기능을 최대로 이용해보세요! 감사합니다.",kr.co.kbc.cha.android,5.2.2
Android,김수나,5,,앱설치및 앱상 서치도 편리하고 버벅거리지않아 편리하게 사용한 앱입니다. 내차등록도 가능하고 시세도 알수있고 이벤트도 다양하니 주변에 많이 추천하고 있어요. 앞으로도 건승하길 바래요~~,2025-04-11 16:14:19,4.0,"안녕하세요 고객님, KB차차차입니다. 차차차는 고객님들에게 최적의 사용성과 편리함을 제공하기 위해 노력하고 있습니다.
복잡한 어플은 이제 그만! 차차차 홈화면에서 간편하게 차량 검색, 내차 시세 조회, 내차 관리 등 차차차에서만 만날 수 있는 기능을 최대로 이용해보세요! 감사합니다.",kr.co.kbc.cha.android,
Android,이승희,5,,자동차매매할때 비교하려고 다운받았는데 앱 깔끔하고 빠르네요 KB라 믿을수 있어서 좋아요,2025-04-11 16:12:54,0.0,"안녕하세요 고객님, KB차차차입니다. 차차차는 고객님들에게 최적의 사용성과 편리함을 제공하기 위해 노력하고 있습니다.
복잡한 어플은 이제 그만! 차차차 홈화면에서 간편하게 차량 검색, 내차 시세 조회, 내차 관리 등 차차차에서만 만날 수 있는 기능을 최대로 이용해보세요! 감사합니다.",kr.co.kbc.cha.android,5.2.2
Android,김소영,5,,신차 견적이나 내차 중고값도 조회 할 수 있어서 좋아요~^^,2025-04-11 16:09:21,0.0,"안녕하세요 고객님, KB차차차입니다. 차차차는 고객님들에게 최적의 사용성과 편리함을 제공하기 위해 노력하고 있습니다.
복잡한 어플은 이제 그만! 차차차 홈화면에서 간편하게 차량 검색, 내차 시세 조회, 내차 관리 등 차차차에서만 만날 수 있는 기능을 최대로 이용해보세요! 감사합니다.",kr.co.kbc.cha.android,5.2.2
Android,임재우,4,,유익한정보 좋아요,2025-04-11 16:09:03,0.0,"안녕하세요 고객님, KB차차차입니다. 차차차는 고객님들에게 최적의 사용성과 편리함을 제공하기 위해 노력하고 있습니다.
복잡한 어플은 이제 그만! 차차차 홈화면에서 간편하게 차량 검색, 내차 시세 조회, 내차 관리 등 차차차에서만 만날 수 있는 기능을 최대로 이용해보세요! 감사합니다.",kr.co.kbc.cha.android,5.2.2
Android,Oscar K,5,,사용하기 좋게 UI가 쉽고 편리합니다.,2025-04-11 16:07:46,0.0,"안녕하세요 고객님, KB차차차입니다. 차차차는 고객님들에게 최적의 사용성과 편리함을 제공하기 위해 노력하고 있습니다.
복잡한 어플은 이제 그만! 차차차 홈화면에서 간편하게 차량 검색, 내차 시세 조회, 내차 관리 등 차차차에서만 만날 수 있는 기능을 최대로 이용해보세요! 감사합니다.",kr.co.kbc.cha.android,5.2.2
Android,김썬,4,,중고차 구입하려고 많이들어와보는데 검색하기도 편하고 차종류도 많은거같아 kb차차차 추천합니다,2025-04-11 16:05:47,0.0,"안녕하세요 고객님, KB차차차입니다. 차차차는 고객님들에게 최적의 사용성과 편리함을 제공하기 위해 노력하고 있습니다.
복잡한 어플은 이제 그만! 차차차 홈화면에서 간편하게 차량 검색, 내차 시세 조회, 내차 관리 등 차차차에서만 만날 수 있는 기능을 최대로 이용해보세요! 감사합니다.",kr.co.kbc.cha.android,5.2.2
Android,JUNE,5,,차차차 굿굿굿,2025-04-11 16:04:13,0.0,"안녕하세요 고객님, KB차차차입니다. 차차차는 고객님들에게 최적의 사용성과 편리함을 제공하기 위해 노력하고 있습니다.
복잡한 어플은 이제 그만! 차차차 홈화면에서 간편하게 차량 검색, 내차 시세 조회, 내차 관리 등 차차차에서만 만날 수 있는 기능을 최대로 이용해보세요! 감사합니다.",kr.co.kbc.cha.android,5.0.4
Android,쎄미쎄미ᅳ책 읽어주는 아이,5,,차량 찾고 검색하는데 매우편리하고 중고차하면 역시 신뢰가 가장중요한데 믿을수있는 KB 차차차,2025-04-11 16:04:06,0.0,"안녕하세요 고객님, KB차차차입니다. 차차차는 고객님들에게 최적의 사용성과 편리함을 제공하기 위해 노력하고 있습니다.
복잡한 어플은 이제 그만! 차차차 홈화면에서 간편하게 차량 검색, 내차 시세 조회, 내차 관리 등 차차차에서만 만날 수 있는 기능을 최대로 이용해보세요! 감사합니다.",kr.co.kbc.cha.android,
Android,김태훈,5,,엔카보다 여기기가 더대박입니다,2025-04-11 16:03:57,1.0,"안녕하세요 고객님, KB차차차입니다. 차차차는 고객님들에게 최적의 사용성과 편리함을 제공하기 위해 노력하고 있습니다.
복잡한 어플은 이제 그만! 차차차 홈화면에서 간편하게 차량 검색, 내차 시세 조회, 내차 관리 등 차차차에서만 만날 수 있는 기능을 최대로 이용해보세요! 감사합니다.",kr.co.kbc.cha.android,5.2.2
Android,흥용오,5,,앱이 너무 잘되어있네요,2025-04-11 16:02:55,0.0,"안녕하세요 고객님, KB차차차입니다. 차차차는 고객님들에게 최적의 사용성과 편리함을 제공하기 위해 노력하고 있습니다.
복잡한 어플은 이제 그만! 차차차 홈화면에서 간편하게 차량 검색, 내차 시세 조회, 내차 관리 등 차차차에서만 만날 수 있는 기능을 최대로 이용해보세요! 감사합니다.",kr.co.kbc.cha.android,5.0.0
Android,장영문,5,,사용하기 편리해서 자주 이용하게 됩니다,2025-04-11 16:01:51,0.0,"안녕하세요 고객님, KB차차차입니다. 차차차는 고객님들에게 최적의 사용성과 편리함을 제공하기 위해 노력하고 있습니다.
복잡한 어플은 이제 그만! 차차차 홈화면에서 간편하게 차량 검색, 내차 시세 조회, 내차 관리 등 차차차에서만 만날 수 있는 기능을 최대로 이용해보세요! 감사합니다.",kr.co.kbc.cha.android,5.2.2
Android,100미미버킷,5,,좋아요,2025-04-11 08:00:22,0.0,"안녕하세요 고객님, KB차차차입니다. 차차차는 고객님들에게 최적의 사용성과 편리함을 제공하기 위해 노력하고 있습니다.
복잡한 어플은 이제 그만! 차차차 홈화면에서 간편하게 차량 검색, 내차 시세 조회, 내차 관리 등 차차차에서만 만날 수 있는 기능을 최대로 이용해보세요! 감사합니다.",kr.co.kbc.cha.android,
Android,강해경,5,,넘쉴하게 잘되어있읍니다,2025-04-10 08:53:44,0.0,"안녕하세요 고객님, KB차차차입니다. 차차차는 고객님들에게 최적의 사용성과 편리함을 제공하기 위해 노력하고 있습니다.
복잡한 어플은 이제 그만! 차차차 홈화면에서 간편하게 차량 검색, 내차 시세 조회, 내차 관리 등 차차차에서만 만날 수 있는 기능을 최대로 이용해보세요! 감사합니다.",kr.co.kbc.cha.android,5.2.2
Android,서플,1,,로그인이 안되노 쯧,2025-04-09 12:35:00,0.0,"안녕하세요 고객님, KB차차차입니다. 우선 KB차차차 이용에 불편을 드려 대단히 죄송합니다.
오류가 발생할 경우 KB차차차 대표번호 1670-4777로 연락주시면 최선을 다해 도와드리도록 하겠습니다.
다시 한 번 이용에 불편을 드려 대단히 죄송합니다. 감사합니다.",kr.co.kbc.cha.android,5.2.2
Android,Jaehong Go,5,,중고 차량의 비교와 시세를 비교적 쉽게 접근할 수 있는 것 같습니다.,2025-04-04 23:31:04,2.0,"안녕하세요 Jaehong Go고객님, 저희 KB차차차에 간편 회원가입 후 차량번호를 입력해주시면 내 차 시세 조회 및 내 차의 보험, 사고이력을 무료로 조회할 수 있으며, 스타벅스 커피쿠폰도 덤으로 챙겨가실 수 있답니다 ; ) 다양한 차량정보와 함께 이벤트 놓치지 마시구요~ 앞으로도 KB차차차 많은 관심과 성원 부탁 드립니다. 감사합니다!",kr.co.kbc.cha.android,5.2.2
Android,Lotus,5,,KB라 신뢰가고 검색조건에서 판매구분이 잘나눠져있는 점이 좋은거 같습니다,2025-04-04 22:09:27,0.0,"안녕하세요 고객님, KB차차차입니다. 소중한 리뷰 남겨주셔서 감사합니다. KB차차차는 무엇보다도 고객님께서 어렵게 느껴지는
중고차를 쉽고 편하게 거래하실 수 있도록 도와드리는 것을 목표로 하고 있습니다 :) 미션 콤플릿 할 때까지 옆에
꼭 있어주실거죠~? 간편하지만 든든한! 중고차 플랫폼 KB차차차가 되기 위해 열일하겠습니다. 앞으로도 많은 이용 부탁드립니다.
감사합니다!!",kr.co.kbc.cha.android,5.2.2
Android,연꿀,5,,Kb차차차 에서 중고차 폐차 알아봣어요 완죤 굳~~~~^^,2025-04-04 21:41:15,0.0,"안녕하세요 고객님, KB차차차입니다. 소중한 리뷰 남겨주셔서 감사합니다. KB차차차는 무엇보다도 고객님께서 어렵게 느껴지는
중고차를 쉽고 편하게 거래하실 수 있도록 도와드리는 것을 목표로 하고 있습니다 :) 미션 콤플릿 할 때까지 옆에
꼭 있어주실거죠~? 간편하지만 든든한! 중고차 플랫폼 KB차차차가 되기 위해 열일하겠습니다. 앞으로도 많은 이용 부탁드립니다.
감사합니다!!",kr.co.kbc.cha.android,5.2.2
Android,김성호,5,,이번에차차차를 통해 중고차를 구입했습니다. kb라는 믿음직한 금융기관에서 하는곳이라 믿음이가고요 현금영수증도 딱딱해주고 진짜 제근무처까지 차가 딱 와주었네요 정말강추합니다,2025-04-04 21:26:13,0.0,"안녕하세요 고객님, KB차차차입니다. 소중한 리뷰 남겨주셔서 감사합니다. KB차차차는 무엇보다도 고객님께서 어렵게 느껴지는
중고차를 쉽고 편하게 거래하실 수 있도록 도와드리는 것을 목표로 하고 있습니다 :) 미션 콤플릿 할 때까지 옆에
꼭 있어주실거죠~? 간편하지만 든든한! 중고차 플랫폼 KB차차차가 되기 위해 열일하겠습니다. 앞으로도 많은 이용 부탁드립니다.
감사합니다!!",kr.co.kbc.cha.android,5.2.2
Android,박보현,5,,"찜해놓은 차를 보고, 예산으로 계산해보고 행복한 고민 중입니다..매물을 많이 봐두는것도 큰 도움이 됩니다. 저한테는 많이 유용한 앱입니다.",2025-04-04 21:01:39,0.0,"안녕하세요 고객님, KB차차차입니다. 소중한 리뷰 남겨주셔서 감사합니다. KB차차차는 무엇보다도 고객님께서 어렵게 느껴지는
중고차를 쉽고 편하게 거래하실 수 있도록 도와드리는 것을 목표로 하고 있습니다 :) 미션 콤플릿 할 때까지 옆에
꼭 있어주실거죠~? 간편하지만 든든한! 중고차 플랫폼 KB차차차가 되기 위해 열일하겠습니다. 앞으로도 많은 이용 부탁드립니다.
감사합니다!!",kr.co.kbc.cha.android,5.2.2
Android,박대희,5,,가독성이 좋아서 사용하기 편했어요 사용자편의성도 개선되었습니다 차 사고팔기 편하네요,2025-04-04 20:51:41,0.0,"안녕하세요 고객님, KB차차차입니다. 소중한 리뷰 남겨주셔서 감사합니다. KB차차차는 무엇보다도 고객님께서 어렵게 느껴지는
중고차를 쉽고 편하게 거래하실 수 있도록 도와드리는 것을 목표로 하고 있습니다 :) 미션 콤플릿 할 때까지 옆에
꼭 있어주실거죠~? 간편하지만 든든한! 중고차 플랫폼 KB차차차가 되기 위해 열일하겠습니다. 앞으로도 많은 이용 부탁드립니다.
감사합니다!!",kr.co.kbc.cha.android,5.2.2
Android,신민식,5,,내 차 시세 조회부터 직거래로 거래도 가능하고 중고차 홈배송 서비스로 며칠동안 타보고 결정할 수 있어서 중고차 구매할 때 도움이 많이 됩니다,2025-04-04 20:06:52,0.0,"안녕하세요 고객님, KB차차차입니다. 소중한 리뷰 남겨주셔서 감사합니다. KB차차차는 무엇보다도 고객님께서 어렵게 느껴지는
중고차를 쉽고 편하게 거래하실 수 있도록 도와드리는 것을 목표로 하고 있습니다 :) 미션 콤플릿 할 때까지 옆에
꼭 있어주실거죠~? 간편하지만 든든한! 중고차 플랫폼 KB차차차가 되기 위해 열일하겠습니다. 앞으로도 많은 이용 부탁드립니다.
감사합니다!!",kr.co.kbc.cha.android,5.2.2
Android,이주은,5,,내 차량의 현재 가치를 바로 알수 있어 좋아요 감가상각 반영되어 신뢰가 갑니다,2025-04-04 19:37:23,0.0,"안녕하세요 고객님, KB차차차입니다. 소중한 리뷰 남겨주셔서 감사합니다. KB차차차는 무엇보다도 고객님께서 어렵게 느껴지는
중고차를 쉽고 편하게 거래하실 수 있도록 도와드리는 것을 목표로 하고 있습니다 :) 미션 콤플릿 할 때까지 옆에
꼭 있어주실거죠~? 간편하지만 든든한! 중고차 플랫폼 KB차차차가 되기 위해 열일하겠습니다. 앞으로도 많은 이용 부탁드립니다.
감사합니다!!",kr.co.kbc.cha.android,
Android,메이,5,,유용합니다. 정보도 많아서 자주 이용해요.,2025-04-04 19:23:05,0.0,"안녕하세요 고객님, KB차차차입니다. 소중한 리뷰 남겨주셔서 감사합니다. KB차차차는 무엇보다도 고객님께서 어렵게 느껴지는
중고차를 쉽고 편하게 거래하실 수 있도록 도와드리는 것을 목표로 하고 있습니다 :) 미션 콤플릿 할 때까지 옆에
꼭 있어주실거죠~? 간편하지만 든든한! 중고차 플랫폼 KB차차차가 되기 위해 열일하겠습니다. 앞으로도 많은 이용 부탁드립니다. 감사합니다!!
",kr.co.kbc.cha.android,5.2.2
Android,김경민,5,,항목별로 보기 쉽게 나눠져 있어서 좋아요 특히 예산으로 계산해보는 챕터가 아주 맘에 듭니다,2025-04-04 19:08:10,0.0,"안녕하세요 고객님, KB차차차입니다. 소중한 리뷰 남겨주셔서 감사합니다. KB차차차는 무엇보다도 고객님께서 어렵게 느껴지는
중고차를 쉽고 편하게 거래하실 수 있도록 도와드리는 것을 목표로 하고 있습니다 :) 미션 콤플릿 할 때까지 옆에
꼭 있어주실거죠~? 간편하지만 든든한! 중고차 플랫폼 KB차차차가 되기 위해 열일하겠습니다. 앞으로도 많은 이용 부탁드립니다.
감사합니다!!",kr.co.kbc.cha.android,5.2.2
Android,조수연,5,,"테마추천에서 다양한 전문가들이 추천하는 차에 대해 자세하고 이해하기 쉽게 알 수 있어서 차를 알아보는데 도움이 되고 특히 KB국민시세를 통해서 관심 있는 차량의 정보와 시세를 미리 알아볼 수 있어서 좋아요. 커뮤니티의 CAR톡에서 여러 차에 대한 경험이나 정보, 재밌는 글 볼 수 있어서 유익함과 동시에 재미도 있고요. 아무래도 KB라는 기업에 대한 신뢰가 있다보니 좀더 믿을 수 있는 정보를 알 수 있게 되어 차량 구입이나 유지에 도움이 많이 되어 좋아요!!",2025-04-04 18:51:20,0.0,"안녕하세요 고객님, KB차차차입니다. 소중한 리뷰 남겨주셔서 감사합니다. KB차차차는 무엇보다도 고객님께서 어렵게 느껴지는
중고차를 쉽고 편하게 거래하실 수 있도록 도와드리는 것을 목표로 하고 있습니다 :) 미션 콤플릿 할 때까지 옆에
꼭 있어주실거죠~? 간편하지만 든든한! 중고차 플랫폼 KB차차차가 되기 위해 열일하겠습니다. 앞으로도 많은 이용 부탁드립니다.
감사합니다!!",kr.co.kbc.cha.android,5.2.2
Android,재호,4,,중고차매매는 KB차차자,2025-04-04 18:35:10,0.0,"안녕하세요 고객님, KB차차차입니다. 소중한 리뷰 남겨주셔서 감사합니다. KB차차차는 무엇보다도 고객님께서 어렵게 느껴지는
중고차를 쉽고 편하게 거래하실 수 있도록 도와드리는 것을 목표로 하고 있습니다 :) 미션 콤플릿 할 때까지 옆에
꼭 있어주실거죠~? 간편하지만 든든한! 중고차 플랫폼 KB차차차가 되기 위해 열일하겠습니다. 앞으로도 많은 이용 부탁드립니다.
감사합니다!!",kr.co.kbc.cha.android,5.0.4
Android,전희강,5,,여러가디 이용하기 좋은앱이에요,2025-04-04 18:32:36,0.0,"안녕하세요 고객님, KB차차차입니다. 소중한 리뷰 남겨주셔서 감사합니다. KB차차차는 무엇보다도 고객님께서 어렵게 느껴지는
중고차를 쉽고 편하게 거래하실 수 있도록 도와드리는 것을 목표로 하고 있습니다 :) 미션 콤플릿 할 때까지 옆에
꼭 있어주실거죠~? 간편하지만 든든한! 중고차 플랫폼 KB차차차가 되기 위해 열일하겠습니다. 앞으로도 많은 이용 부탁드립니다.
감사합니다!!",kr.co.kbc.cha.android,5.2.0
Android,김현정,5,,이용하기 편리하게 되어있어 좋아요,2025-04-04 18:27:07,0.0,"안녕하세요 고객님, KB차차차입니다. 소중한 리뷰 남겨주셔서 감사합니다. KB차차차는 무엇보다도 고객님께서 어렵게 느껴지는
중고차를 쉽고 편하게 거래하실 수 있도록 도와드리는 것을 목표로 하고 있습니다 :) 미션 콤플릿 할 때까지 옆에
꼭 있어주실거죠~? 간편하지만 든든한! 중고차 플랫폼 KB차차차가 되기 위해 열일하겠습니다. 앞으로도 많은 이용 부탁드립니다.
감사합니다!!",kr.co.kbc.cha.android,5.2.0
Android,이영근,5,,정말 유용하게 사용하고 있습니다!,2025-04-04 18:22:27,0.0,"안녕하세요 고객님, KB차차차입니다. 소중한 리뷰 남겨주셔서 감사합니다. KB차차차는 무엇보다도 고객님께서 어렵게 느껴지는
중고차를 쉽고 편하게 거래하실 수 있도록 도와드리는 것을 목표로 하고 있습니다 :) 미션 콤플릿 할 때까지 옆에
꼭 있어주실거죠~? 간편하지만 든든한! 중고차 플랫폼 KB차차차가 되기 위해 열일하겠습니다. 앞으로도 많은 이용 부탁드립니다.
감사합니다!!",kr.co.kbc.cha.android,5.2.0
Android,이진숙,5,,한눈에 볼수있으니 좋네요 중고차시세부터 차량관리도 한번에 할수있으니 맘에 듭니다,2025-04-04 18:20:16,0.0,"안녕하세요 고객님, KB차차차입니다. 소중한 리뷰 남겨주셔서 감사합니다. KB차차차는 무엇보다도 고객님께서 어렵게 느껴지는
중고차를 쉽고 편하게 거래하실 수 있도록 도와드리는 것을 목표로 하고 있습니다 :) 미션 콤플릿 할 때까지 옆에
꼭 있어주실거죠~? 간편하지만 든든한! 중고차 플랫폼 KB차차차가 되기 위해 열일하겠습니다. 앞으로도 많은 이용 부탁드립니다.
감사합니다!!",kr.co.kbc.cha.android,
Android,michelemorrone_lovelyfan _,5,,다양한 차종이 많이 등록되어 비교해보기 편해서 좋아요~~ 잘 쓰고 있습니다^^,2025-04-04 18:11:07,0.0,"안녕하세요 고객님, KB차차차입니다. 소중한 리뷰 남겨주셔서 감사합니다. KB차차차는 무엇보다도 고객님께서 어렵게 느껴지는
중고차를 쉽고 편하게 거래하실 수 있도록 도와드리는 것을 목표로 하고 있습니다 :) 미션 콤플릿 할 때까지 옆에
꼭 있어주실거죠~? 간편하지만 든든한! 중고차 플랫폼 KB차차차가 되기 위해 열일하겠습니다. 앞으로도 많은 이용 부탁드립니다.
감사합니다!!",kr.co.kbc.cha.android,5.0.4
Android,최근형,5,,중고차 플랫폼 중에서도 가장 많이 신뢰하는 곳이 KB차차차입니다. 믿음이 가도 매물이 부족한 곳이 대부분이고 신뢰가 떨어지는 곳이 많은데 KB차차차는 두 마리 토끼른 다잡은 유일한 플랫폼이다.,2025-04-04 17:59:18,1.0,"안녕하세요 고객님, KB차차차입니다. 소중한 리뷰 남겨주셔서 감사합니다. KB차차차는 무엇보다도 고객님께서 어렵게 느껴지는
중고차를 쉽고 편하게 거래하실 수 있도록 도와드리는 것을 목표로 하고 있습니다 :) 미션 콤플릿 할 때까지 옆에
꼭 있어주실거죠~? 간편하지만 든든한! 중고차 플랫폼 KB차차차가 되기 위해 열일하겠습니다. 앞으로도 많은 이용 부탁드립니다.
감사합니다!!",kr.co.kbc.cha.android,5.2.2
Android,임기배,5,,좋아요 쓸만합니다. 굿이에요,2025-04-04 17:54:26,0.0,"안녕하세요 고객님, KB차차차입니다. 소중한 리뷰 남겨주셔서 감사합니다. KB차차차는 무엇보다도 고객님께서 어렵게 느껴지는
중고차를 쉽고 편하게 거래하실 수 있도록 도와드리는 것을 목표로 하고 있습니다 :) 미션 콤플릿 할 때까지 옆에
꼭 있어주실거죠~? 간편하지만 든든한! 중고차 플랫폼 KB차차차가 되기 위해 열일하겠습니다. 앞으로도 많은 이용 부탁드립니다.
감사합니다!!",kr.co.kbc.cha.android,
Android,남현수,4,,"앱 사용이 정말 간편하고 직관적이에요. 중고차 매물도 다양하고 필터 기능이 잘 되어 있어서 원하는 차량을 빠르게 찾을 수 있었어요. 실매물 위주로 구성되어 있어서 믿음도 갔고, 가격 비교하기도 편리했습니다. 특히, 자동차 시세 조회 기능이 유용했어요. 중고차 처음 알아보는 사람에게도 추천합니다!",2025-04-04 17:52:21,108.0,"안녕하세요 고객님, KB차차차입니다. 소중한 리뷰 남겨주셔서 감사합니다. KB차차차는 무엇보다도 고객님께서 어렵게 느껴지는
중고차를 쉽고 편하게 거래하실 수 있도록 도와드리는 것을 목표로 하고 있습니다 :) 미션 콤플릿 할 때까지 옆에
꼭 있어주실거죠~? 간편하지만 든든한! 중고차 플랫폼 KB차차차가 되기 위해 열일하겠습니다. 앞으로도 많은 이용 부탁드립니다.
감사합니다!!",kr.co.kbc.cha.android,5.2.2
Android,Oh Kwon,5,,다양한 차종을 비교할 수 있어서 좋아요,2025-04-04 17:23:54,0.0,"안녕하세요 고객님, KB차차차입니다. 소중한 리뷰 남겨주셔서 감사합니다. KB차차차는 무엇보다도 고객님께서 어렵게 느껴지는
중고차를 쉽고 편하게 거래하실 수 있도록 도와드리는 것을 목표로 하고 있습니다 :) 미션 콤플릿 할 때까지 옆에
꼭 있어주실거죠~? 간편하지만 든든한! 중고차 플랫폼 KB차차차가 되기 위해 열일하겠습니다. 앞으로도 많은 이용 부탁드립니다.
감사합니다!!",kr.co.kbc.cha.android,5.2.2
Android,박순욱,5,,사용하기 편해서 좋아요 ㅎㅎ,2025-04-04 17:18:11,0.0,"안녕하세요 고객님, KB차차차입니다. 소중한 리뷰 남겨주셔서 감사합니다. KB차차차는 무엇보다도 고객님께서 어렵게 느껴지는
중고차를 쉽고 편하게 거래하실 수 있도록 도와드리는 것을 목표로 하고 있습니다 :) 미션 콤플릿 할 때까지 옆에
꼭 있어주실거죠~? 간편하지만 든든한! 중고차 플랫폼 KB차차차가 되기 위해 열일하겠습니다. 앞으로도 많은 이용 부탁드립니다.
감사합니다!!",kr.co.kbc.cha.android,5.2.2
Android,채널bella,5,,조만간 차량 구입 예정이라 눈팅하고 있는데 대부분 만족도도 높은 거 같고 kb에서 한다니까 믿음이 갑니다.,2025-04-04 17:14:27,0.0,"안녕하세요 고객님, KB차차차입니다. 소중한 리뷰 남겨주셔서 감사합니다. KB차차차는 무엇보다도 고객님께서 어렵게 느껴지는
중고차를 쉽고 편하게 거래하실 수 있도록 도와드리는 것을 목표로 하고 있습니다 :) 미션 콤플릿 할 때까지 옆에
꼭 있어주실거죠~? 간편하지만 든든한! 중고차 플랫폼 KB차차차가 되기 위해 열일하겠습니다. 앞으로도 많은 이용 부탁드립니다.
감사합니다!!",kr.co.kbc.cha.android,5.2.0
Android,점심,5,,"KB차차차 앱은 중고차 거래할때 편리한 앱입니다. 차량 검색과 비교가 간편하고, 차량 정보에 대해 상세하고 리뷰로 신뢰가 가는 선택을 할 수가 있습니다. 사용하기도 어렵지 않고 간편하게 되어 있어 중고차 검색할때 항상 잘 이용하고 있습니다.",2025-04-04 17:07:22,10.0,"안녕하세요 고객님, KB차차차입니다. 소중한 리뷰 남겨주셔서 감사합니다. KB차차차는 무엇보다도 고객님께서 어렵게 느껴지는
중고차를 쉽고 편하게 거래하실 수 있도록 도와드리는 것을 목표로 하고 있습니다 :) 미션 콤플릿 할 때까지 옆에
꼭 있어주실거죠~? 간편하지만 든든한! 중고차 플랫폼 KB차차차가 되기 위해 열일하겠습니다. 앞으로도 많은 이용 부탁드립니다.
감사합니다!",kr.co.kbc.cha.android,5.2.2
Android,강범석,5,,중고차 플랫폼 중에서는 KB차차차가 단연코 최고로 좋은어플인것 같아요. 지인소개로 알게됐는데 혜자스러운 이벤트도 많고 무엇보다 기본에 충실한 어플이에요~ 강추합니다!,2025-04-04 17:06:44,0.0,"안녕하세요 고객님, KB차차차입니다. 소중한 리뷰 남겨주셔서 감사합니다. KB차차차는 무엇보다도 고객님께서 어렵게 느껴지는
중고차를 쉽고 편하게 거래하실 수 있도록 도와드리는 것을 목표로 하고 있습니다 :) 미션 콤플릿 할 때까지 옆에
꼭 있어주실거죠~? 간편하지만 든든한! 중고차 플랫폼 KB차차차가 되기 위해 열일하겠습니다. 앞으로도 많은 이용 부탁드립니다.
감사합니다!",kr.co.kbc.cha.android,5.0.1
Android,정찬민,5,,너무 좋아요 강추,2025-04-04 16:56:53,0.0,"안녕하세요 고객님, KB차차차입니다. 소중한 리뷰 남겨주셔서 감사합니다. KB차차차는 무엇보다도 고객님께서 어렵게 느껴지는
중고차를 쉽고 편하게 거래하실 수 있도록 도와드리는 것을 목표로 하고 있습니다 :) 미션 콤플릿 할 때까지 옆에
꼭 있어주실거죠~? 간편하지만 든든한! 중고차 플랫폼 KB차차차가 되기 위해 열일하겠습니다. 앞으로도 많은 이용 부탁드립니다.
감사합니다!",kr.co.kbc.cha.android,
Android,브라이언박,5,,차량에 관한 유용한 정보들로 가득합니다,2025-04-04 16:50:54,0.0,"안녕하세요 고객님, KB차차차입니다. 소중한 리뷰 남겨주셔서 감사합니다. KB차차차는 무엇보다도 고객님께서 어렵게 느껴지는
중고차를 쉽고 편하게 거래하실 수 있도록 도와드리는 것을 목표로 하고 있습니다 :) 미션 콤플릿 할 때까지 옆에
꼭 있어주실거죠~? 간편하지만 든든한! 중고차 플랫폼 KB차차차가 되기 위해 열일하겠습니다. 앞으로도 많은 이용 부탁드립니다.
감사합니다!",kr.co.kbc.cha.android,5.2.2
Android,방정숙,5,,중고차에 대해 정보를 비교해볼수 있고 어플구성이 재밌게 되어있어서 자주 찾아보게 되네요.,2025-04-04 16:50:14,0.0,"안녕하세요 고객님, KB차차차입니다. 소중한 리뷰 남겨주셔서 감사합니다. KB차차차는 무엇보다도 고객님께서 어렵게 느껴지는
중고차를 쉽고 편하게 거래하실 수 있도록 도와드리는 것을 목표로 하고 있습니다 :) 미션 콤플릿 할 때까지 옆에
꼭 있어주실거죠~? 간편하지만 든든한! 중고차 플랫폼 KB차차차가 되기 위해 열일하겠습니다. 앞으로도 많은 이용 부탁드립니다.
감사합니다!",kr.co.kbc.cha.android,5.2.2
Android,nya ong,4,,KB차차차 룰렛 이벤트 참여 겸 매일 접속하고 있어요. 중고차 매매 정보 때문에 가입했는데 최신 정보와 빠른 업뎃 기대할게요~,2025-04-04 16:39:47,0.0,"안녕하세요 고객님, KB차차차입니다. 소중한 리뷰 남겨주셔서 감사합니다. KB차차차는 무엇보다도 고객님께서 어렵게 느껴지는
중고차를 쉽고 편하게 거래하실 수 있도록 도와드리는 것을 목표로 하고 있습니다 :) 미션 콤플릿 할 때까지 옆에
꼭 있어주실거죠~? 간편하지만 든든한! 중고차 플랫폼 KB차차차가 되기 위해 열일하겠습니다. 앞으로도 많은 이용 부탁드립니다.
감사합니다!",kr.co.kbc.cha.android,5.2.2
Android,JongHyun Kim,5,,차량에 대한 시세조회 및 차량에 대한 정보까지 얻을 수있어 매우 신뢰도가 높아 자주 이용하고있습니다.,2025-04-04 16:36:12,0.0,"안녕하세요 고객님, KB차차차입니다. 소중한 리뷰 남겨주셔서 감사합니다. KB차차차는 무엇보다도 고객님께서 어렵게 느껴지는
중고차를 쉽고 편하게 거래하실 수 있도록 도와드리는 것을 목표로 하고 있습니다 :) 미션 콤플릿 할 때까지 옆에
꼭 있어주실거죠~? 간편하지만 든든한! 중고차 플랫폼 KB차차차가 되기 위해 열일하겠습니다. 앞으로도 많은 이용 부탁드립니다.
감사합니다!",kr.co.kbc.cha.android,5.2.2
Android,이이윤정,5,,중고차는 역시 차차차가 최고 보기도 편하고 찾기도 좋아요 사는것도 파는것도 차차차가 최공,2025-04-04 16:33:58,0.0,"안녕하세요 고객님, KB차차차입니다. 소중한 리뷰 남겨주셔서 감사합니다. KB차차차는 무엇보다도 고객님께서 어렵게 느껴지는
중고차를 쉽고 편하게 거래하실 수 있도록 도와드리는 것을 목표로 하고 있습니다 :) 미션 콤플릿 할 때까지 옆에
꼭 있어주실거죠~? 간편하지만 든든한! 중고차 플랫폼 KB차차차가 되기 위해 열일하겠습니다. 앞으로도 많은 이용 부탁드립니다.
감사합니다!",kr.co.kbc.cha.android,5.0.3
Android,이민경,5,,복잡하지않고 원하는정보를 한번에 관리하기 편리해서 자주 이용하고 있어요.내차 관리에 유용하고 작년에 중고차 시세알아보느라 가입했는데 강추합니다.,2025-04-04 16:32:03,0.0,"안녕하세요 고객님, KB차차차입니다. 차차차는 고객님들에게 최적의 사용성과 최대의 편리함을 제공하기 위해 노력하고 있습니다.
복잡한 어플은 이제 그만! 차차차 홈화면에서 간편하게 차량 검색, 내차 시세 조회, 내차 관리 등 차차차에서만 만날 수 있는 기능을
최대로 이용해보세요! 감사합니다.",kr.co.kbc.cha.android,5.2.2
Android,sid,5,,앱이 전체적으로 깔끔하고 아직까진 버벅거리는것도 없네요,2025-04-04 16:30:46,0.0,"안녕하세요 고객님, KB차차차입니다. 차차차는 고객님들에게 최적의 사용성과 최대의 편리함을 제공하기 위해 노력하고 있습니다.
복잡한 어플은 이제 그만! 차차차 홈화면에서 간편하게 차량 검색, 내차 시세 조회, 내차 관리 등 차차차에서만 만날 수 있는 기능을
최대로 이용해보세요! 감사합니다.",kr.co.kbc.cha.android,5.2.2
Android,이연주,5,,"다양한 차량의 가격, 모델, 연식 등을 쉽고 빠르게 비교할 수 있어 실용적이고, 필터링도 직관적이라 매우 유용합니다. 중고차 구매를 고려하시는 분들에게 추천하는 앱입니다.",2025-04-04 16:29:48,144.0,"안녕하세요 고객님, KB차차차입니다. 차차차는 고객님들에게 최적의 사용성과 최대의 편리함을 제공하기 위해 노력하고 있습니다.
복잡한 어플은 이제 그만! 차차차 홈화면에서 간편하게 차량 검색, 내차 시세 조회, 내차 관리 등 차차차에서만 만날 수 있는 기능을
최대로 이용해보세요! 감사합니다.",kr.co.kbc.cha.android,5.2.2
Android,최상욱,4,,UI가 사용하기 편해요~다른 어플보다 차량이 많았으면 더 좋겠어요~,2025-04-04 16:28:12,0.0,"안녕하세요 고객님, KB차차차입니다. 차차차는 고객님들에게 최적의 사용성과 최대의 편리함을 제공하기 위해 노력하고 있습니다.
복잡한 어플은 이제 그만! 차차차 홈화면에서 간편하게 차량 검색, 내차 시세 조회, 내차 관리 등 차차차에서만 만날 수 있는 기능을
최대로 이용해보세요! 감사합니다.",kr.co.kbc.cha.android,5.0.4
Android,미리내mirine,5,,작년에 알게되었는데 이 앱 진짜 좋아요!! 중고차 팔기도 쉽고 중고가격시세도 즉시 확인 되요. 저희 신랑과 저는 차차차만 이용합니다. 항상 애정해요.,2025-04-04 16:27:01,0.0,"안녕하세요 고객님, KB차차차입니다. 차차차는 고객님들에게 최적의 사용성과 최대의 편리함을 제공하기 위해 노력하고 있습니다.
복잡한 어플은 이제 그만! 차차차 홈화면에서 간편하게 차량 검색, 내차 시세 조회, 내차 관리 등 차차차에서만 만날 수 있는 기능을
최대로 이용해보세요! 감사합니다.",kr.co.kbc.cha.android,5.2.2
Android,ps3535,5,,"KB차차차 앱에는 매물이 많아서 마음에 들어요. 매물도 많고 가격도 합리적인거 같고, 또 KB차차차라서 믿음이 가니까 중고차 살때는 KB차차차가 최고인것 같습니다. 주변에 차 찾는 사람이 있을때 저는 종종 KB차차차에서 찾아보라고 추천하곤 합니다.",2025-04-04 16:26:30,5.0,"안녕하세요 고객님, KB차차차입니다. 국내 최다 매물을 보유한 KB차차차에서는 편리한 검색기능도 함께 갖추어 원하시는 차량을 보다 쉽고 편리하게 찾아보실 수 있습니다!! 소중한 의견 감사드리고 보다 나은 서비스 제공을 위해 더욱 노력하는 KB차차차 될 것을 약속드립니다. 감사합니다. :)",kr.co.kbc.cha.android,5.2.2
Android,이정은,4,,kb에서 중고차 관리하는거라 먼가 더 믿음이 가고 옵션을 자세하게 선택할 수 있어서 도움이 됩니다,2025-04-04 16:26:10,0.0,"안녕하세요 고객님, KB차차차입니다. 차차차는 고객님들에게 최적의 사용성과 편리함을 제공하기 위해 노력하고 있습니다. 복잡한 어플은 이제 그만! 차차차 홈화면에서 간편하게 차량 검색, 내차 시세 조회, 내차 관리 등 차차차에서만 만날 수 있는 기능을 최대로 이용해보세요! 감사합니다.",kr.co.kbc.cha.android,5.2.2
Android,minsu cho,5,,매우 유익한 정보가 많습니다,2025-04-04 16:25:37,0.0,"안녕하세요 고객님, KB차차차입니다. 국내 최다 매물을 보유한 KB차차차에서는 편리한 검색기능도 함께 갖추어 원하시는 차량을 보다 쉽고 편리하게 찾아보실 수 있습니다!! 소중한 의견 감사드리고 보다 나은 서비스 제공을 위해 더욱 노력하는 KB차차차 될 것을 약속드립니다. 감사합니다. :)",kr.co.kbc.cha.android,5.2.2
Android,H K,5,,잘 쓰고 있습니다.,2025-04-04 16:24:09,0.0,"안녕하세요 고객님, KB차차차입니다. 차차차는 고객님들에게 최적의 사용성과 편리함을 제공하기 위해 노력하고 있습니다. 복잡한 어플은 이제 그만! 차차차 홈화면에서 간편하게 차량 검색, 내차 시세 조회, 내차 관리 등 차차차에서만 만날 수 있는 기능을 최대로 이용해보세요! 감사합니다.",kr.co.kbc.cha.android,5.2.2
Android,이길복,5,,편하고 좋네요,2025-04-04 16:17:58,0.0,"안녕하세요 고객님, KB차차차입니다. 국내 최다 매물을 보유한 KB차차차에서는 편리한 검색기능도 함께 갖추어 원하시는 차량을
보다 쉽고 편리하게 찾아보실 수 있습니다!! 소중한 의견 감사드리고 보다 나은 서비스 제공을 위해
더욱 노력하는 KB차차차 될 것을 약속드립니다. 감사합니다. :)",kr.co.kbc.cha.android,5.2.2
Android,한석수,5,,내 차를 팔때 힘들게 중고차 상사를 다니며 견적을 뽑고 판매까지 하는데 너무 시간도 많이 들고 힘들었었는데 덕분에 쉽게 견적도 받아보고 판매까지 가능하니 너무 좋은것 같습니다.,2025-04-04 16:15:56,0.0,"안녕하세요 고객님, KB차차차입니다. 국내 최다 매물을 보유한 KB차차차에서는 편리한 검색기능도 함께 갖추어 원하시는 차량을
보다 쉽고 편리하게 찾아보실 수 있습니다!! 소중한 의견 감사드리고 보다 나은 서비스 제공을 위해
더욱 노력하는 KB차차차 될 것을 약속드립니다. 감사합니다. :)",kr.co.kbc.cha.android,5.2.2
Android,MC KK,5,,원하는 차에 대해 상세히 알 수 있어서 좋아요.,2025-04-04 16:15:27,1.0,"안녕하세요 고객님, KB차차차입니다. 국내 최다 매물을 보유한 KB차차차에서는 편리한 검색기능도 함께 갖추어 원하시는 차량을
보다 쉽고 편리하게 찾아보실 수 있습니다!! 소중한 의견 감사드리고 보다 나은 서비스 제공을 위해
더욱 노력하는 KB차차차 될 것을 약속드립니다. 감사합니다. :)",kr.co.kbc.cha.android,5.2.2
Android,차경일,5,,잘사용하고 있습니다 중고차는 여기가 좋네요 합리적인가격 최고입니다,2025-04-04 16:14:48,0.0,"안녕하세요 고객님, KB차차차입니다. 국내 최다 매물을 보유한 KB차차차에서는 편리한 검색기능도 함께 갖추어 원하시는 차량을
보다 쉽고 편리하게 찾아보실 수 있습니다!! 소중한 의견 감사드리고 보다 나은 서비스 제공을 위해
더욱 노력하는 KB차차차 될 것을 약속드립니다. 감사합니다. :)",kr.co.kbc.cha.android,5.2.2
Android,노성기,5,,중고차 종류가 다양하고 시세로 쉽게 알수 있고 KB의 진단 및 인증 등 데이터라서 믿고 신뢰할수 있는것 같아서 자주 이용하고 있습니다.,2025-04-04 16:14:20,0.0,"안녕하세요 고객님, KB차차차입니다. 국내 최다 매물을 보유한 KB차차차에서는 편리한 검색기능도 함께 갖추어 원하시는 차량을
보다 쉽고 편리하게 찾아보실 수 있습니다!! 소중한 의견 감사드리고 보다 나은 서비스 제공을 위해
더욱 노력하는 KB차차차 될 것을 약속드립니다. 감사합니다. :)",kr.co.kbc.cha.android,5.2.2
Android,뱅갈로즈,5,,"내 차 팔때 비교분석 맡길수도 있고, 직접 등록 거래도 가능하고, 후기들도 보니 매우 신뢰가는 앱입니다. 원하는 차종, 연식, 주행거리, 가격 등의 조건을 상세하게 검색하고 필터링할 수 있고, 고화질 사진이나 동영상으로 꼼꼼하게 확인할 수 있으니 매우 편리합니다. 차량의 기본 정보인 모델, 등급, 연식, 주행거리 등은 물론, 옵션, 사고 이력, 정비 이력 등 상세 정보는 기본이라 저는 차테크 및 중고차매매는 믿음가는 KB차차차 적극 추천합니다~ ^^",2025-04-04 16:14:01,54.0,"안녕하세요 고객님, KB차차차입니다. 국내 최다 매물을 보유한 KB차차차에서는 편리한 검색기능도 함께 갖추어 원하시는 차량을
보다 쉽고 편리하게 찾아보실 수 있습니다!! 소중한 의견 감사드리고 보다 나은 서비스 제공을 위해
더욱 노력하는 KB차차차 될 것을 약속드립니다. 감사합니다. :)",kr.co.kbc.cha.android,5.2.2
Android,조형진,5,,"다양한 중고차와 시세, 연계 금융 등 유익한 정보도 많고 이벤트도 많아서 너~무 좋아요",2025-04-04 16:13:22,0.0,"안녕하세요 고객님, KB차차차입니다. 국내 최다 매물을 보유한 KB차차차에서는 편리한 검색기능도 함께 갖추어 원하시는 차량을
보다 쉽고 편리하게 찾아보실 수 있습니다!! 소중한 의견 감사드리고 보다 나은 서비스 제공을 위해
더욱 노력하는 KB차차차 될 것을 약속드립니다. 감사합니다. :)",kr.co.kbc.cha.android,5.2.2
Android,Eunjeong Lee,5,,곧 차 팔고 신차 구매 예정이라 중고 가격 도움받고 있어요,2025-04-04 16:09:57,0.0,"안녕하세요 고객님, KB차차차입니다. 국내 최다 매물을 보유한 KB차차차에서는 편리한 검색기능도 함께 갖추어 원하시는 차량을
보다 쉽고 편리하게 찾아보실 수 있습니다!! 소중한 의견 감사드리고 보다 나은 서비스 제공을 위해
더욱 노력하는 KB차차차 될 것을 약속드립니다. 감사합니다. :)",kr.co.kbc.cha.android,
Android,승호,5,,적정한 가격에 거래가 가능해요^^,2025-04-04 16:09:24,0.0,"안녕하세요 박승호의 게임 세상 고객님, KB차차차입니다. 고객님들께서 보내주시는 사랑과 성원이 저희에게 가장 큰 힘이 된다는 거 아시죠? 국내 최다 매물을 보유한 KB차차차에서는 매물 보는 재미도 쏠쏠, 다양한 거래서비스도 제공해드리고 있어 보다 쉽고 편리하게 중고차를 거래하실 수 있어요. 또한 고객님들의 사랑과 성원에 보답하고자 다양한 이벤트를 통해 푸짐한 경품도 드리고 있으니 KB차차차에서 모두 누려보세요!",kr.co.kbc.cha.android,5.2.2
Android,허동우,5,,차차차 안전하고 신뢰할수 있는 물건들이 많아서 너무 좋았어요^^,2025-04-04 16:09:21,0.0,"안녕하세요 고객님, KB차차차입니다. 국내 최다 매물을 보유한 KB차차차에서는 편리한 검색기능도 함께 갖추어 원하시는 차량을
보다 쉽고 편리하게 찾아보실 수 있습니다!! 소중한 의견 감사드리고 보다 나은 서비스 제공을 위해
더욱 노력하는 KB차차차 될 것을 약속드립니다. 감사합니다. :)",kr.co.kbc.cha.android,5.0.0
Android,김태래,5,,어플 깔끔하고 정보도 찾기쉽게 배열이잘되어있습니다. 믿고 거래할수있는 플래폼이라는것도 장점!,2025-04-04 16:07:55,0.0,"안녕하세요 고객님, KB차차차입니다. 국내 최다 매물을 보유한 KB차차차에서는 편리한 검색기능도 함께 갖추어 원하시는 차량을
보다 쉽고 편리하게 찾아보실 수 있습니다!! 소중한 의견 감사드리고 보다 나은 서비스 제공을 위해
더욱 노력하는 KB차차차 될 것을 약속드립니다. 감사합니다. :)",kr.co.kbc.cha.android,5.0.2
Android,이재규,5,,좋아요ㅎㅎ,2025-04-04 16:07:28,0.0,"안녕하세요 고객님, KB차차차입니다. 국내 최다 매물을 보유한 KB차차차에서는 편리한 검색기능도 함께 갖추어 원하시는 차량을
보다 쉽고 편리하게 찾아보실 수 있습니다!! 소중한 의견 감사드리고 보다 나은 서비스 제공을 위해
더욱 노력하는 KB차차차 될 것을 약속드립니다. 감사합니다. :)",kr.co.kbc.cha.android,5.2.0
Android,이동엽[개르파이],5,,화면 디자인도 세련되고 매물중인 자동차를 한눈에 보기 쉽게 되어있어서 좋았어요 ~^^,2025-04-04 16:06:52,0.0,"안녕하세요 고객님, KB차차차입니다. 국내 최다 매물을 보유한 KB차차차에서는 편리한 검색기능도 함께 갖추어 원하시는 차량을
보다 쉽고 편리하게 찾아보실 수 있습니다!! 소중한 의견 감사드리고 보다 나은 서비스 제공을 위해
더욱 노력하는 KB차차차 될 것을 약속드립니다. 감사합니다. :)",kr.co.kbc.cha.android,
Android,정헌준,5,,중고차 선택은 여기가 정답이다 -끝-,2025-04-04 16:06:19,0.0,"안녕하세요 고객님, KB차차차입니다. 국내 최다 매물을 보유한 KB차차차에서는 편리한 검색기능도 함께 갖추어 원하시는 차량을
보다 쉽고 편리하게 찾아보실 수 있습니다!! 소중한 의견 감사드리고 보다 나은 서비스 제공을 위해
더욱 노력하는 KB차차차 될 것을 약속드립니다. 감사합니다. :)",kr.co.kbc.cha.android,
Android,비만씨,5,,아주 잘 사용중입니다.,2025-04-04 16:06:12,0.0,"안녕하세요 고객님, KB차차차입니다. 국내 최다 매물을 보유한 KB차차차에서는 편리한 검색기능도 함께 갖추어 원하시는 차량을
보다 쉽고 편리하게 찾아보실 수 있습니다!! 소중한 의견 감사드리고 보다 나은 서비스 제공을 위해
더욱 노력하는 KB차차차 될 것을 약속드립니다. 감사합니다. :)",kr.co.kbc.cha.android,5.2.2
Android,구미경,5,,중고차 알아볼때 사용하기 좋은 앱이고 이벤트도 자주해서 너무 좋네요 앞으로도 자주 이용할게요,2025-04-04 16:06:05,0.0,"안녕하세요 고객님, KB차차차입니다. 국내 최다 매물을 보유한 KB차차차에서는 편리한 검색기능도 함께 갖추어 원하시는 차량을
보다 쉽고 편리하게 찾아보실 수 있습니다!! 소중한 의견 감사드리고 보다 나은 서비스 제공을 위해
더욱 노력하는 KB차차차 될 것을 약속드립니다. 감사합니다. :)",kr.co.kbc.cha.android,5.2.2
Android,이영남,5,,중고차 살때는 필히 KB차차차 필수죠^^,2025-04-04 16:05:49,0.0,"안녕하세요 고객님, KB차차차입니다. 고객님은 전생에 사슴이셨나요?........... 리뷰가 제 마음을 녹용...........♡ KB차차차에 보내주시는 신뢰가 저희에게 가장 큰 힘이 된다는 거 아시죠? KB차차차에서는 실차주마크를 통해 실제 차량 소유주의 매물을 투명하게 밝혀 믿고 구매하실 수 있으시답니다. 소중한 리뷰 감사드리고 앞으로도 종종 제 마음을 녹이러 와주세요 꺄 :D",kr.co.kbc.cha.android,5.2.2
Android,DK P,5,,사용자 편의성이 높아보이고 깔끔한 화면이 보기 좋습니다. kb 차차차 를 통해 좋은 매물 선택하면 좋겠습니다.,2025-04-04 16:04:49,0.0,"안녕하세요 고객님, KB차차차입니다. 국내 최다 매물을 보유한 KB차차차에서는 편리한 검색기능도 함께 갖추어 원하시는 차량을
보다 쉽고 편리하게 찾아보실 수 있습니다!! 소중한 의견 감사드리고 보다 나은 서비스 제공을 위해
더욱 노력하는 KB차차차 될 것을 약속드립니다. 감사합니다. :)",kr.co.kbc.cha.android,5.2.2
Android,조미애,5,,같은 중고차 플랫폼이라도 차차차는 먼가 잘 몰라도 보기 어렵지 않게 깔끔하고 정돈되보여서 보기 쉽고 찾기 쉬워요 이런저런 이벤트들도 해서 이용하기 재미있어요,2025-04-04 16:04:04,0.0,"안녕하세요 고객님, KB차차차입니다. 국내 최다 매물을 보유한 KB차차차에서는 편리한 검색기능도 함께 갖추어 원하시는 차량을
보다 쉽고 편리하게 찾아보실 수 있습니다!! 소중한 의견 감사드리고 보다 나은 서비스 제공을 위해
더욱 노력하는 KB차차차 될 것을 약속드립니다. 감사합니다. :)",kr.co.kbc.cha.android,5.2.2
Android,차영호,5,,차 팔때 편리하고 간단하네요 굿,2025-04-04 16:03:41,0.0,"안녕하세요 고객님, KB차차차입니다. 국내 최다 매물을 보유한 KB차차차에서는 편리한 검색기능도 함께 갖추어 원하시는 차량을
보다 쉽고 편리하게 찾아보실 수 있습니다!! 소중한 의견 감사드리고 보다 나은 서비스 제공을 위해
더욱 노력하는 KB차차차 될 것을 약속드립니다. 감사합니다. :)",kr.co.kbc.cha.android,
Android,윤동조,5,,좋습니다. 중고차 어플중에 제일 좋아요,2025-04-04 16:03:27,0.0,"안녕하세요 고객님, KB차차차입니다. KB차차차 이용이 편리하셨나요? KB차차차에서는 직관적인 화면구성으로 남녀노소 누구나 편리하게 사용가능, 실차주마크로 안심은 기본, 마음에 드는 매물에서 바로 금융한도조회까지 제공해드려 편리함도 함께 업! 보내주신 의견은 개발팀에 전달하여 보다 안정적으로 서비스 이용하실 수 있도록 노력하겠습니다. 감사합니다.",kr.co.kbc.cha.android,
Android,kyungwoo kang,5,,편리해서 좋아요,2025-04-04 16:03:10,0.0,"안녕하세요 고객님, KB차차차입니다. 국내 최다 매물을 보유한 KB차차차에서는 편리한 검색기능도 함께 갖추어 원하시는 차량을
보다 쉽고 편리하게 찾아보실 수 있습니다!! 소중한 의견 감사드리고 보다 나은 서비스 제공을 위해
더욱 노력하는 KB차차차 될 것을 약속드립니다. 감사합니다. :)",kr.co.kbc.cha.android,5.2.2
Android,금럽럽,4,,처음 사용자인데 더 지켜보며 잘 사용해보려고 합니다. 승승장구하세요^^,2025-04-04 16:03:05,0.0,"안녕하세요 고객님, KB차차차입니다. 국내 최다 매물을 보유한 KB차차차에서는 편리한 검색기능도 함께 갖추어 원하시는 차량을
보다 쉽고 편리하게 찾아보실 수 있습니다!! 소중한 의견 감사드리고 보다 나은 서비스 제공을 위해
더욱 노력하는 KB차차차 될 것을 약속드립니다. 감사합니다. :)",kr.co.kbc.cha.android,5.2.2
Android,박성우,5,,내차 가격을 실시간으로 볼 수 있고 차량 관리를 할 수 있어서 좋아요.,2025-04-04 16:02:59,0.0,"안녕하세요 고객님, KB차차차입니다. 국내 최다 매물을 보유한 KB차차차에서는 편리한 검색기능도 함께 갖추어 원하시는 차량을
보다 쉽고 편리하게 찾아보실 수 있습니다!! 소중한 의견 감사드리고 보다 나은 서비스 제공을 위해
더욱 노력하는 KB차차차 될 것을 약속드립니다. 감사합니다. :)",kr.co.kbc.cha.android,5.2.2
Android,na rin,4,,보기편하고 옵션이 편리합니다.,2025-04-04 16:02:56,0.0,"안녕하세요 고객님, KB차차차입니다. 국내 최다 매물을 보유한 KB차차차에서는 편리한 검색기능도 함께 갖추어 원하시는 차량을
보다 쉽고 편리하게 찾아보실 수 있습니다!! 소중한 의견 감사드리고 보다 나은 서비스 제공을 위해
더욱 노력하는 KB차차차 될 것을 약속드립니다. 감사합니다. :)",kr.co.kbc.cha.android,
Android,김태준,5,,"이용하기 깔끔한 메뉴구성과 예전보다는 줄었지만 이벤트도 있고, 디자인도 kb특유의 매력을 살린 산뜻함이 좋아요. 가끔 로그인이 풀리는 단점도 있지만, 앞으로도 꾸준히 이용하겠습니다.",2025-04-04 16:02:54,23.0,"안녕하세요 고객님, KB차차차입니다. 국내 최다 매물을 보유한 KB차차차에서는 편리한 검색기능도 함께 갖추어 원하시는 차량을
보다 쉽고 편리하게 찾아보실 수 있습니다!! 소중한 의견 감사드리고 보다 나은 서비스 제공을 위해
더욱 노력하는 KB차차차 될 것을 약속드립니다. 감사합니다. :)",kr.co.kbc.cha.android,5.2.2
Android,민혜원,5,,다른앱도 사용했는데 제일빠르고 좋았어요,2025-04-04 16:02:33,0.0,"안녕하세요 고객님, KB차차차입니다. 국내 최다 매물을 보유한 KB차차차에서는 편리한 검색기능도 함께 갖추어 원하시는 차량을
보다 쉽고 편리하게 찾아보실 수 있습니다!! 소중한 의견 감사드리고 보다 나은 서비스 제공을 위해
더욱 노력하는 KB차차차 될 것을 약속드립니다. 감사합니다. :)",kr.co.kbc.cha.android,5.0.4
Android,김동수 (범내려온다),5,,대기업 중고차 어플 믿고 거래할수있어서 좋아요,2025-04-04 16:02:24,0.0,"안녕하세요 고객님, KB차차차입니다. 국내 최다 매물을 보유한 KB차차차에서는 편리한 검색기능도 함께 갖추어 원하시는 차량을
보다 쉽고 편리하게 찾아보실 수 있습니다!! 소중한 의견 감사드리고 보다 나은 서비스 제공을 위해
더욱 노력하는 KB차차차 될 것을 약속드립니다. 감사합니다. :)",kr.co.kbc.cha.android,5.2.2
Android,조신영,5,,내차를 사거나 팔때 안심하고 거래가 가능할것 같다.,2025-04-04 16:02:15,0.0,"안녕하세요 고객님, KB차차차입니다. 국내 최다 매물을 보유한 KB차차차에서는 편리한 검색기능도 함께 갖추어 원하시는 차량을
보다 쉽고 편리하게 찾아보실 수 있습니다!! 소중한 의견 감사드리고 보다 나은 서비스 제공을 위해
더욱 노력하는 KB차차차 될 것을 약속드립니다. 감사합니다. :)",kr.co.kbc.cha.android,5.2.2
Android,SUNJUNE LEE,5,,사용이 편리합니다,2025-04-04 16:02:11,0.0,"안녕하세요 고객님, KB차차차입니다. 국내 최다 매물을 보유한 KB차차차에서는 편리한 검색기능도 함께 갖추어 원하시는 차량을
보다 쉽고 편리하게 찾아보실 수 있습니다!! 소중한 의견 감사드리고 보다 나은 서비스 제공을 위해
더욱 노력하는 KB차차차 될 것을 약속드립니다. 감사합니다. :)",kr.co.kbc.cha.android,5.0.9
Android,박경학,5,,차 가격등 쉽게 접근하고 알수있어 편한앱입니다,2025-04-04 16:01:53,0.0,"안녕하세요 고객님, KB차차차입니다. 소중한 리뷰 남겨주셔서 감사합니다. KB차차차가 제공하는 시세는 믿을 수 있는 AI 기반의
국민시세로 고객님께서 든든하게 이용하실 수 있습니다 :) 또한 실차주 마크 차량은 허위매물 걱정 없는 매물로 더욱 믿고
이용하실 수 있겠죠? 앞으로도 많은 관심 부탁드립니다. 감사합니다!",kr.co.kbc.cha.android,5.2.2
Android,세미정,5,,굿굿 잘 만들었네요,2025-04-04 16:01:40,0.0,"안녕하세요 고객님, KB차차차입니다. 소중한 리뷰 남겨주셔서 감사합니다. KB차차차가 제공하는 시세는 믿을 수 있는 AI 기반의
국민시세로 고객님께서 든든하게 이용하실 수 있습니다 :) 또한 실차주 마크 차량은 허위매물 걱정 없는 매물로 더욱 믿고
이용하실 수 있겠죠? 앞으로도 많은 관심 부탁드립니다. 감사합니다!",kr.co.kbc.cha.android,4.9.4
Android,온케이,5,,사용하기 편리하고 다양한 정보를 얻을 수 있어서 너무 잘 쓰고 있어요. 항상 고맙습니다.,2025-04-04 16:01:35,0.0,"안녕하세요 고객님, KB차차차입니다. 소중한 리뷰 남겨주셔서 감사합니다. KB차차차가 제공하는 시세는 믿을 수 있는 AI 기반의
국민시세로 고객님께서 든든하게 이용하실 수 있습니다 :) 또한 실차주 마크 차량은 허위매물 걱정 없는 매물로 더욱 믿고
이용하실 수 있겠죠? 앞으로도 많은 관심 부탁드립니다. 감사합니다!",kr.co.kbc.cha.android,5.0.3
iOS,아이스woojin,5,Good,좋아요.,2025-04-03 07:14:25,,,1112366886,4.7.7
Android,박희랑,5,,금채굴기~ 야금야금 모으는 재미ㅋㅋ,2025-04-01 14:39:05,0.0,"안녕하세요 고객님, KB차차차입니다. 소중한 리뷰 남겨주셔서 감사합니다. KB차차차가 제공하는 시세는 믿을 수 있는 AI 기반의
국민시세로 고객님께서 든든하게 이용하실 수 있습니다 :) 또한 실차주 마크 차량은 허위매물 걱정 없는 매물로 더욱 믿고
이용하실 수 있겠죠? 앞으로도 많은 관심 부탁드립니다. 감사합니다!",kr.co.kbc.cha.android,5.2.0
Android,김성열,5,,열심히 캐보겠습니다요오!!!,2025-03-23 22:56:13,0.0,"안녕하세요 고객님, KB차차차입니다. 소중한 리뷰 남겨주셔서 감사합니다. KB차차차가 제공하는 시세는 믿을 수 있는 AI 기반의
국민시세로 고객님께서 든든하게 이용하실 수 있습니다 :) 또한 실차주 마크 차량은 허위매물 걱정 없는 매물로 더욱 믿고
이용하실 수 있겠죠? 앞으로도 많은 관심 부탁드립니다. 감사합니다!",kr.co.kbc.cha.android,5.2.0
iOS,Friend052231,1,로그인창 무한반복,비밀번호 옳게입력해도 다시회원가입 창으로 무한반복되서 짜증나네요 고쳐주세요,2025-03-23 04:45:28,,,1112366886,4.7.6
iOS,걷달,5,KB차차차! 으라차차차!,차량 유지에서 부터 관리 그리고 처분까지 아주 유용한 어플입니다 익일 번창하세요 KB차차차! 으라차차차!!,2025-03-22 05:23:07,,,1112366886,4.7.6
iOS,138;₩,5,ㅓㅠ,",,",2025-03-13 17:55:47,,,1112366886,4.7.6
iOS,미키미우스,5,좋아요,아주 좋아요,2025-03-12 02:19:03,,,1112366886,4.7.6
Android,박홍규,1,,지난주 토요일 차 진단 완료. 화요일 저녁까지 아무 연락없음.. 전화해서 따져보니 타 경쟁사들 비해 너무 천하태평이네요.,2025-03-11 20:16:23,0.0,"안녕하세요 고객님, KB차차차입니다. 우선 KB차차차 이용에 불편을 드려 대단히 죄송합니다. 오류가 발생할 경우 KB차차차
대표번호 1670-4777로 연락주시면 최선을 다해 도와드리도록 하겠습니다. 다시 한 번 이용에 불편을 드려 대단히 죄송합니다.
감사합니다.",kr.co.kbc.cha.android,5.0.8
iOS,유니워니맘83,5,KB차차차 최고,"중고차 시세도 알기쉽게 볼수있어서 
앱이 편하고 좋아요^^",2025-03-11 06:35:51,,,1112366886,4.7.6
Android,나락으로,5,,좋습니다 👍,2025-03-10 11:57:38,0.0,"안녕하세요 고객님, KB차차차입니다. KB차차차는 비대면 거래를 전폭적으로 지원해드리고 있습니다.
집에서 차량을 구매할 수 있는 홈배송 서비스, 딜러가 직접 방문하여 고객님의 차량을 판매할 수 있는 팔아줘 차차차 등
고객님의 입장에서 편리함을 제공하고 있는거 맞죠?
다양한 이벤트도 진행하고 있으니 계속 차차차에 많은 관심과 이용 부탁드립니다! 감사합니다 :)",kr.co.kbc.cha.android,5.0.8
iOS,애교쪽,5,차차차,차차차 굿굿,2025-03-04 05:01:54,,,1112366886,4.7.6
iOS,Arkimedes's,1,홈페이지,PC로 접속할 때 애플로 접속하는 칸을 찾을 수 없음 ㅡㅡ,2025-03-04 00:01:50,,,1112366886,4.7.6
iOS,Jjgogo,5,최고에요^^,매번 선물을 주는 선물앱이네여^^ 선물 감사합니다.,2025-03-01 04:36:05,,,1112366886,4.7.6
Android,김진주,5,,KB라서 믿음이 감. 여러부분에 대해 자세히 써놓았고 무엇보다 딜러도 검색해볼수 있는 부분이 마음에 듭니다.,2025-02-24 17:14:00,0.0,"안녕하세요 고객님, KB차차차입니다. KB차차차는 비대면 거래를 전폭적으로 지원해드리고 있습니다.
집에서 차량을 구매할 수 있는 홈배송 서비스, 딜러가 직접 방문하여 고객님의 차량을 판매할 수 있는 팔아줘 차차차 등
고객님의 입장에서 편리함을 제공하고 있는거 맞죠?
다양한 이벤트도 진행하고 있으니 계속 차차차에 많은 관심과 이용 부탁드립니다! 감사합니다 :)",kr.co.kbc.cha.android,5.0.0
Android,김무준,5,,좋습니다,2025-02-24 16:35:52,0.0,"안녕하세요 고객님, KB차차차입니다. 차차차는 고객님들에게 최적의 사용성과 최대의 편리함을 제공하기 위해 노력하고 있습니다.
복잡한 어플은 이제 그만! 차차차 홈화면에서 간편하게 차량 검색, 내차 시세 조회, 내차 관리 등 차차차에서만 만날 수 있는 기능을
최대로 이용해보세요! 감사합니다.",kr.co.kbc.cha.android,5.0.7
Android,신경현,5,,너무 편하고 좋네요 UI도 깔끔하고 시인성이 좋게 잘 만들어졌고 잘 사용허고 있습니더,2025-02-24 16:25:13,0.0,"안녕하세요 고객님, KB차차차입니다. 차차차는 고객님들에게 최적의 사용성과 최대의 편리함을 제공하기 위해 노력하고 있습니다.
복잡한 어플은 이제 그만! 차차차 홈화면에서 간편하게 차량 검색, 내차 시세 조회, 내차 관리 등 차차차에서만 만날 수 있는 기능을
최대로 이용해보세요! 감사합니다.",kr.co.kbc.cha.android,
Android,jy j,5,,KB차차차 이용하면서 다양한 이벤트도 많고 중고차 구매할때 도움이 많이 됬습니다 직접 중고차 매장에 가지않고 구매할수있어서 편했습니다,2025-02-24 16:21:24,0.0,"안녕하세요 고객님, KB차차차입니다. 차차차는 고객님들에게 최적의 사용성과 최대의 편리함을 제공하기 위해 노력하고 있습니다.
복잡한 어플은 이제 그만! 차차차 홈화면에서 간편하게 차량 검색, 내차 시세 조회, 내차 관리 등 차차차에서만 만날 수 있는 기능을
최대로 이용해보세요! 감사합니다.",kr.co.kbc.cha.android,
Android,황웅재,5,,"어플 속도가 빠르고 배열이 깔끔해서 보기도 편리합니다. 원하는 옵션을 구체적으로 선택하여 검색할 수 있구 신뢰가 가득한 kb잖아요 차는 신뢰가 기본인데 그게 뒷받침되니 다른건 마음편합니다. 중고차 처음 구매하는 분들한테 유독 더 편할거같아요 가족, 지인도 중고차 물어보면 kb차차차 추천해줍니다",2025-02-24 16:09:02,26.0,"안녕하세요 고객님, KB차차차입니다. 소중한 리뷰 남겨주셔서 감사합니다. KB차차차가 제공하는 시세는 믿을 수 있는 AI 기반의
국민시세로 고객님께서 든든하게 이용하실 수 있습니다 :) 또한 실차주 마크 차량은 허위매물 걱정 없는 매물로 더욱 믿고
이용하실 수 있겠죠? 앞으로도 많은 관심 부탁드립니다. 감사합니다!",kr.co.kbc.cha.android,5.0.8
Android,102,5,,중고차 검색에 유용하네요,2025-02-24 16:07:39,0.0,"안녕하세요 고객님, KB차차차입니다. 소중한 리뷰 남겨주셔서 감사합니다. KB차차차가 제공하는 시세는 믿을 수 있는 AI 기반의
국민시세로 고객님께서 든든하게 이용하실 수 있습니다 :) 또한 실차주 마크 차량은 허위매물 걱정 없는 매물로 더욱 믿고
이용하실 수 있겠죠? 앞으로도 많은 관심 부탁드립니다. 감사합니다!",kr.co.kbc.cha.android,5.0.8
Android,Kyung Jin,5,,시세를 정확하게 알수있고 후기도 다양해서 참고할때 너무 좋아요~,2025-02-24 16:06:35,0.0,"안녕하세요 고객님, KB차차차입니다. 소중한 리뷰 남겨주셔서 감사합니다. KB차차차가 제공하는 시세는 믿을 수 있는 AI 기반의
국민시세로 고객님께서 든든하게 이용하실 수 있습니다 :) 또한 실차주 마크 차량은 허위매물 걱정 없는 매물로 더욱 믿고
이용하실 수 있겠죠? 앞으로도 많은 관심 부탁드립니다. 감사합니다!",kr.co.kbc.cha.android,5.0.7
Android,최인성,5,,KB차차차 어플을 통하여 내가 원하는 차량의 정보를 쉽고 빠르게 찾을수 있어 좋았고 UI도 좋아서 이용하는데 편리했어요,2025-02-24 16:06:07,1.0,"안녕하세요 고객님, KB차차차입니다. 소중한 리뷰 남겨주셔서 감사합니다. KB차차차가 제공하는 시세는 믿을 수 있는 AI 기반의
국민시세로 고객님께서 든든하게 이용하실 수 있습니다 :) 또한 실차주 마크 차량은 허위매물 걱정 없는 매물로 더욱 믿고
이용하실 수 있겠죠? 앞으로도 많은 관심 부탁드립니다. 감사합니다!",kr.co.kbc.cha.android,
Android,또오하영,5,,차 중고차매매 내차 팔기 할때는 KB차차차만 씁니다.,2025-02-24 16:05:58,0.0,"안녕하세요 고객님, KB차차차입니다. 소중한 리뷰 남겨주셔서 감사합니다. KB차차차가 제공하는 시세는 믿을 수 있는 AI 기반의
국민시세로 고객님께서 든든하게 이용하실 수 있습니다 :) 또한 실차주 마크 차량은 허위매물 걱정 없는 매물로 더욱 믿고
이용하실 수 있겠죠? 앞으로도 많은 관심 부탁드립니다. 감사합니다!",kr.co.kbc.cha.android,5.0.8
Android,민섭,5,,중고차 매매 등 강추앱입니다 더 자주이용할께요!!!,2025-02-24 16:01:56,0.0,"안녕하세요 고객님, KB차차차입니다. 소중한 리뷰 남겨주셔서 감사합니다. KB차차차가 제공하는 시세는 믿을 수 있는 AI 기반의
국민시세로 고객님께서 든든하게 이용하실 수 있습니다 :) 또한 실차주 마크 차량은 허위매물 걱정 없는 매물로 더욱 믿고
이용하실 수 있겠죠? 앞으로도 많은 관심 부탁드립니다. 감사합니다!",kr.co.kbc.cha.android,5.0.8
Android,양 형철,1,,"정보유용하게잘쓰고있어요^^,",2025-02-24 11:03:04,0.0,"안녕하세요 고객님, KB차차차입니다. 소중한 리뷰 남겨주셔서 감사합니다. KB차차차가 제공하는 시세는 믿을 수 있는 AI 기반의
국민시세로 고객님께서 든든하게 이용하실 수 있습니다 :) 또한 실차주 마크 차량은 허위매물 걱정 없는 매물로 더욱 믿고
이용하실 수 있겠죠? 앞으로도 많은 관심 부탁드립니다. 감사합니다!",kr.co.kbc.cha.android,5.0.7
iOS,차차구,5,믿음 가는 KB,이 어플을 통해 두번 구입했는데 품질과 가격 모두 만족스럽습니다. 중고차 구매 계획이 있으시다면 무조건 여기입니다.,2025-02-23 23:37:33,,,1112366886,4.7.6
iOS,Feel받은산Er,5,차차차 최고!!,차차차 너무 좋아요~!!,2025-02-23 05:49:50,,,1112366886,4.7.6
Android,하랄호롤 (호y),1,,진짜 속 터져 죽음 이렇게 스크롤이 안되고 버퍼링 걸려 느려터진 앱 첨 봄 웹 앱 동일 스타트 기업도 이 정도는 아닐 텐데 kb가? 투자금 횡령인가,2025-02-23 02:13:17,0.0,"안녕하세요 고객님, KB차차차입니다. 우선 KB차차차 이용에 불편을 드려 대단히 죄송합니다. 오류가 발생할 경우 KB차차차
대표번호 1670-4777로 연락주시면 최선을 다해 도와드리도록 하겠습니다. 다시 한 번 이용에 불편을 드려 대단히 죄송합니다.
감사합니다.",kr.co.kbc.cha.android,5.0.7
Android,SUSU7,5,,좋아요,2025-02-20 23:56:24,1.0,"안녕하세요 고객님, KB차차차입니다. KB차차차 이용이 편리하셨나요? KB차차차에서는 내 차 팔기도! 사기도!
완전 편리하게 이용하실 수 있다구요! 앞으로도 KB차차차와 함께, 슬기로운 중고차생활을 영위해보세요~!",kr.co.kbc.cha.android,5.0.7
Android,이선욱,5,,중고매물볼때유용합니다,2025-02-20 21:16:31,0.0,"안녕하세요 고객님, KB차차차입니다. KB차차차 이용이 편리하셨나요? KB차차차에서는 내 차 팔기도! 사기도!
완전 편리하게 이용하실 수 있다구요! 앞으로도 KB차차차와 함께, 슬기로운 중고차생활을 영위해보세요~!",kr.co.kbc.cha.android,5.0.7
Android,무무,5,,중고차매매 시 유용하게 활용할 수 있는 어플입니다. 메뉴구성도 직관적이고 이벤트도 은근 많아요~^^,2025-02-20 20:40:19,0.0,"안녕하세요 고객님, KB차차차입니다. 국내 최다 매물을 보유한 KB차차차에서는 편리한 검색기능도 함께 갖추어 원하시는 차량을
보다 쉽고 편리하게 찾아보실 수 있습니다!! 소중한 의견 감사드리고 보다 나은 서비스 제공을 위해
더욱 노력하는 KB차차차 될 것을 약속드립니다. 감사합니다. :)",kr.co.kbc.cha.android,5.0.7
Android,연영주,5,,최근에 홈배송 서비스 눈여겨 보고있어요 몇 년째 꾸준히 잘 이용중입니다!,2025-02-20 16:35:09,1.0,"안녕하세요 고객님, KB차차차입니다. 국내 최다 매물을 보유한 KB차차차에서는 편리한 검색기능도 함께 갖추어 원하시는 차량을
보다 쉽고 편리하게 찾아보실 수 있습니다!! 소중한 의견 감사드리고 보다 나은 서비스 제공을 위해
더욱 노력하는 KB차차차 될 것을 약속드립니다. 감사합니다. :)",kr.co.kbc.cha.android,
Android,신준교,5,,아이콘같은것도 아기자기하고 적당한 코인?시스템으로 이거저거할수있어서 둘러보는재미도있어요 차관리하기 편해서좋아요,2025-02-20 16:28:50,0.0,"안녕하세요 고객님, KB차차차입니다. 국내 최다 매물을 보유한 KB차차차에서는 편리한 검색기능도 함께 갖추어 원하시는 차량을
보다 쉽고 편리하게 찾아보실 수 있습니다!! 소중한 의견 감사드리고 보다 나은 서비스 제공을 위해
더욱 노력하는 KB차차차 될 것을 약속드립니다. 감사합니다. :)",kr.co.kbc.cha.android,
Android,송송,5,,차관리 하기 좋은어플인거같아요,2025-02-20 16:22:32,0.0,"안녕하세요 고객님, KB차차차입니다. 국내 최다 매물을 보유한 KB차차차에서는 편리한 검색기능도 함께 갖추어 원하시는 차량을
보다 쉽고 편리하게 찾아보실 수 있습니다!! 소중한 의견 감사드리고 보다 나은 서비스 제공을 위해
더욱 노력하는 KB차차차 될 것을 약속드립니다. 감사합니다. :)",kr.co.kbc.cha.android,5.0.2
Android,m k,5,,중고차매매 어플 보다 KB차차차 알게되어서 수월하게 정보를 얻을 수 있었어요 !! ui도 깔끔하고 잔렉도없고 너무 편해서 타앱보다 월등히 좋습니다:),2025-02-20 16:21:16,2.0,"안녕하세요 고객님, KB차차차입니다. 국내 최다 매물을 보유한 KB차차차에서는 편리한 검색기능도 함께 갖추어 원하시는 차량을
보다 쉽고 편리하게 찾아보실 수 있습니다!! 소중한 의견 감사드리고 보다 나은 서비스 제공을 위해
더욱 노력하는 KB차차차 될 것을 약속드립니다. 감사합니다. :)",kr.co.kbc.cha.android,5.0.7
Android,sh kim,5,,앱이 사용자 편의성을 엄청 고려하였습니다. 더군다나 많은 중고차 매물과 내 차 관리 서비스는 발군이네요! 중고차를 팔 때 정말 도움이 많이 되는 것 같습니다. 차량 관리 앱으로서는 반드시 이용해야 합니다!,2025-02-20 16:18:00,0.0,"안녕하세요 고객님, KB차차차입니다. 소중한 의견 감사 드리며 KB차차차에서는 다양한 차량정보 뿐 아니라 고객님들께서
보내주신 성원에 보답하고자 다양한 이벤트를 통해 푸짐한 경품을 드리고 있습니다. 소소하지만 확실한 행복을 드리는
룰렛이벤트부터 차차차 이용만으로 차곡차곡 쌓이는 코인을 이용하여 부스터를 넣고 달리는 레이싱 이벤트까지!
이외에도 다양한 서비스가 마련되어 있으니 KB차차차에서 차량정보도 보시고 이벤트도 즐겨보세요! 앞으로도 더 나은 서비스
제공을 위해 노력하는 KB차차차 되겠습니다. 감사합니다 : )",kr.co.kbc.cha.android,
Android,연두부찌,5,,중고차 검색에 최고인 앱입니다. 다양한 필터 기능 덕분에 원하는 매물을 검색할 수 있어 만족하며 사용하고 있습니다.,2025-02-20 16:13:46,0.0,"안녕하세요 고객님, KB차차차입니다. 국내 최다 매물을 보유한 KB차차차에서는 편리한 검색기능도 함께 갖추어 원하시는 차량을
보다 쉽고 편리하게 찾아보실 수 있습니다!! 소중한 의견 감사드리고 보다 나은 서비스 제공을 위해
더욱 노력하는 KB차차차 될 것을 약속드립니다. 감사합니다. :)",kr.co.kbc.cha.android,5.0.7
Android,andcl rh,5,,앱 디자인이 깔끔하고 사용하기 쉬움,2025-02-20 16:08:38,0.0,"안녕하세요 고객님, KB차차차입니다. 국내 최다 매물을 보유한 KB차차차에서는 편리한 검색기능도 함께 갖추어 원하시는 차량을
보다 쉽고 편리하게 찾아보실 수 있습니다!! 소중한 의견 감사드리고 보다 나은 서비스 제공을 위해
더욱 노력하는 KB차차차 될 것을 약속드립니다. 감사합니다. :)",kr.co.kbc.cha.android,5.0.2
Android,free,5,,"차를 살때나 팔때나 모두 유용한 KB차차차 전 차를 구매하고 싶어서 KB차차차를 찾게 됐는데 KB진단, KB인증으로 믿고 이용할 수 있고 홈배송 서비스까지 있어서 첫차 구매할때도 굉장히 편리한 시스템을 가지고 있네요.",2025-02-20 16:05:39,0.0,"안녕하세요 고객님, KB차차차입니다. 국내 최다 매물을 보유한 KB차차차에서는 편리한 검색기능도 함께 갖추어 원하시는 차량을
보다 쉽고 편리하게 찾아보실 수 있습니다!! 소중한 의견 감사드리고 보다 나은 서비스 제공을 위해
더욱 노력하는 KB차차차 될 것을 약속드립니다. 감사합니다. :)",kr.co.kbc.cha.android,5.0.7
Android,코지,5,,접근성이 용이하고 원하는 정보를 쉽고 간단하게 습득할 수 있어서 정망 좋아요,2025-02-20 16:04:55,0.0,"안녕하세요 고객님, KB차차차입니다. 국내 최다 매물을 보유한 KB차차차에서는 편리한 검색기능도 함께 갖추어 원하시는 차량을
보다 쉽고 편리하게 찾아보실 수 있습니다!! 소중한 의견 감사드리고 보다 나은 서비스 제공을 위해
더욱 노력하는 KB차차차 될 것을 약속드립니다. 감사합니다. :)",kr.co.kbc.cha.android,
Android,심승희,5,,내차 시세를 알수있어 좋아요,2025-02-20 16:02:31,0.0,"안녕하세요 고객님, KB차차차입니다. KB차차차에서는 고객님들께서 안심하고 차량을 거래하실 수 있도록 다양한 서비스를
제공해 드리고 있습니다. 고객님들이 안심하고 편리한 차량 거래를 할 수 있도록 노력하겠습니다!
소중한 의견 감사 드리며 앞으로도 KB차차차 많은 이용과 관심 부탁 드립니다.",kr.co.kbc.cha.android,5.0.7
Android,Arnold Lee,5,,지금 구매 고민중인데 차 시세 파악 & 커뮤니티 의견이 참 도움되요 ㅎㅎ 시중 앱중에선 그래도 젤 나은듯,2025-02-20 16:01:19,0.0,,kr.co.kbc.cha.android,5.0.7
Android,H,2,,어플 진짜 뭐같이도 만들었네 일부러 로딩중에 확인버튼 누르다가 실수로 판매요청 누르게 ui 세팅해놓고 단순취소도 못하게 해놔서 경매 자체를 다시 못하게 종료시켜버리네 ㅋㅋㅋ 어이가없다,2025-02-20 04:48:06,0.0,"안녕하세요 고객님, KB차차차입니다. 우선 KB차차차 이용에 불편을 드려 대단히 죄송합니다. 오류가 발생할 경우 KB차차차
대표번호 1670-4777로 연락주시면 최선을 다해 도와드리도록 하겠습니다. 다시 한 번 이용에 불편을 드려 대단히 죄송합니다.
감사합니다.",kr.co.kbc.cha.android,5.0.7
Android,복숭아,3,,조아요,2025-02-19 20:52:26,0.0,"안녕하세요 고객님, KB차차차입니다. KB차차차에서는 고객님들께서 안심하고 차량을 거래하실 수 있도록 다양한 서비스를
제공해 드리고 있습니다. 고객님들이 안심하고 편리한 차량 거래를 할 수 있도록 노력하겠습니다!
소중한 의견 감사 드리며 앞으로도 KB차차차 많은 이용과 관심 부탁 드립니다.",kr.co.kbc.cha.android,
Android,루피나미,1,,로그인이 안되고 아디찾기도 안되요,2025-02-17 18:29:34,2.0,"안녕하세요 고객님, KB차차차입니다. 우선 KB차차차 이용에 불편을 드려 대단히 죄송합니다. 오류가 발생할 경우 KB차차차
대표번호 1670-4777로 연락주시면 최선을 다해 도와드리도록 하겠습니다. 다시 한 번 이용에 불편을 드려 대단히 죄송합니다.
감사합니다.",kr.co.kbc.cha.android,5.0.7
Android,김민성,5,,"일단, ev9 매물이 적고 타사 대비 가격이 좀 비쌉니다 하지만 좋은 차들이 많고 앱 사용도 편합니다.",2025-02-15 20:22:17,0.0,"안녕하세요 고객님, KB차차차입니다. KB차차차에서는 고객님들께서 안심하고 차량을 거래하실 수 있도록 다양한 서비스를
제공해 드리고 있습니다. 고객님들이 안심하고 편리한 차량 거래를 할 수 있도록 노력하겠습니다!
소중한 의견 감사 드리며 앞으로도 KB차차차 많은 이용과 관심 부탁 드립니다.",kr.co.kbc.cha.android,5.0.7
Android,ZeroNet ZN,4,,"사용자 인터페이스도 괜찮아서 원하는 견적 차량 찾기 좋고 KB pay, 스타뱅킹 등 KB금융그룹 앱들이 다소 느리고 무거운데 이건 비교적 앱이 빠르고 가벼워요 다만 이벤트가 다양하지 않고 적은게 좀 그렇네요",2025-02-12 21:27:10,0.0,"안녕하세요 고객님, KB차차차입니다. KB차차차에서는 고객님들께서 안심하고 차량을 거래하실 수 있도록 다양한 서비스를
제공해 드리고 있습니다. 고객님들이 안심하고 편리한 차량 거래를 할 수 있도록 노력하겠습니다!
소중한 의견 감사 드리며 앞으로도 KB차차차 많은 이용과 관심 부탁 드립니다.",kr.co.kbc.cha.android,5.0.7
Android,황지애,5,,너무 잘 사용하고있습니다.,2025-02-12 18:09:49,0.0,"안녕하세요 고객님, KB차차차입니다. KB차차차에서는 고객님들께서 안심하고 차량을 거래하실 수 있도록 다양한 서비스를
제공해 드리고 있습니다. 고객님들이 안심하고 편리한 차량 거래를 할 수 있도록 노력하겠습니다!
소중한 의견 감사 드리며 앞으로도 KB차차차 많은 이용과 관심 부탁 드립니다.",kr.co.kbc.cha.android,
Android,쀼쀼,5,,좋아요!,2025-02-12 17:38:35,0.0,"안녕하세요 고객님, KB차차차입니다. KB차차차에서는 고객님들께서 안심하고 차량을 거래하실 수 있도록 다양한 서비스를
제공해 드리고 있습니다. 고객님들이 안심하고 편리한 차량 거래를 할 수 있도록 노력하겠습니다!
소중한 의견 감사 드리며 앞으로도 KB차차차 많은 이용과 관심 부탁 드립니다.",kr.co.kbc.cha.android,
Android,Day Happy,5,,"보기 좋게 구성이 잘 되어있고, 앱이 사용자 친화적으로 되어있어 자주 손이 갑니다",2025-02-12 17:01:40,0.0,"안녕하세요 고객님, KB차차차입니다. 소중한 의견 감사 드리며 KB차차차에서는 다양한 차량정보 뿐 아니라 고객님들께서 보내주신 성원에 보답하고자 다양한 이벤트를 통해 푸짐한 경품을 드리고 있습니다. 소소하지만 확실한 행복을 드리는
룰렛이벤트부터 차차차 이용만으로 차곡차곡 쌓이는 코인을 이용하여 부스터를 넣고 달리는 레이싱 이벤트까지!
이외에도 다양한 서비스가 마련되어 있으니 KB차차차에서 차량정보도 보시고 이벤트도 즐겨보세요! 앞으로도 더 나은 서비스 제공을 위해 노력하는 KB차차차 되겠습니다. 감사합니다 : )",kr.co.kbc.cha.android,5.0.5
Android,이슬비,5,,KB차차차 어플로 쉽게 찾고 비교 할 수 있어서 편하고 정보가 많아서 좋은 것 같아요~앞으로도 자주 이용할게요~,2025-02-12 16:41:17,0.0,"안녕하세요 고객님, KB차차차입니다. KB차차차에서는 고객님들께서 안심하고 차량을 거래하실 수 있도록 다양한 서비스를
제공해 드리고 있습니다. 고객님들이 안심하고 편리한 차량 거래를 할 수 있도록 노력하겠습니다!
소중한 의견 감사 드리며 앞으로도 KB차차차 많은 이용과 관심 부탁 드립니다.",kr.co.kbc.cha.android,5.0.5
Android,이동민,5,,너무 좋은 앱이네요. 특히 중고차관련해서 전문적이고 정보가 많아서 계속 이용하게 되네요.,2025-02-12 16:37:11,0.0,"안녕하세요 고객님, KB차차차입니다. KB차차차에서는 고객님들께서 안심하고 차량을 거래하실 수 있도록 다양한 서비스를
제공해 드리고 있습니다. 고객님들이 안심하고 편리한 차량 거래를 할 수 있도록 노력하겠습니다!
소중한 의견 감사 드리며 앞으로도 KB차차차 많은 이용과 관심 부탁 드립니다.",kr.co.kbc.cha.android,
Android,Jun J,5,,앱이 가벼워서 사용하는데 불편함이 없이 오래 사용할 수 있어서 좋아요. 필요한 정보도 바로 찾을수있어서 추천드려요,2025-02-12 16:08:31,0.0,"안녕하세요 고객님, KB차차차입니다. KB차차차에서는 고객님들께서 안심하고 차량을 거래하실 수 있도록 다양한 서비스를
제공해 드리고 있습니다. 고객님들이 안심하고 편리한 차량 거래를 할 수 있도록 노력하겠습니다!
소중한 의견 감사 드리며 앞으로도 KB차차차 많은 이용과 관심 부탁 드립니다.",kr.co.kbc.cha.android,
Android,라떼는말이야,5,,사용이 간편하고 이벤트를 자주 해주셔서 너무 좋아요~사용도 간편하고 메뉴도 찾기쉽게 되어있어서 자주 이용하고 있네요👍,2025-02-12 16:08:22,0.0,"안녕하세요 고객님, KB차차차입니다. KB차차차에서는 고객님들께서 안심하고 차량을 거래하실 수 있도록 다양한 서비스를
제공해 드리고 있습니다. 고객님들이 안심하고 편리한 차량 거래를 할 수 있도록 노력하겠습니다!
소중한 의견 감사 드리며 앞으로도 KB차차차 많은 이용과 관심 부탁 드립니다.",kr.co.kbc.cha.android,5.0.7
Android,최쑥,5,,"처음에는 중고차 플랫폼이 다 거기서 거기일 거라고 생각했는데, KB차차차를 써보니 확실히 다르다는 걸 느꼈어요. 😲 가장 마음에 들었던 건 신뢰할 수 있는 정보예요. 🚗💨 다른 중고차 앱에서는 차량 정보를 100% 믿기 어려운 경우가 있었는데, KB차차차는 보험이력, 성능점검 기록까지 투명하게 공개돼 있어서 안심하고 차를 고를 수 있었어요. 또한, 원하는 조건을 설정해 검색하면 다양한 매물이 한눈에 들어와서 너무 편리했어요. 가격 비교도 쉽게 되고, 시세도 알 수 있어서 중고차를 처음 사는 저도 합리적인 선택을 할 수 있었죠. 👏 직접 발품 팔지 않아도 집에서 편하게 원하는 차를 찾아볼 수 있는 건 물론이고, 금융 서비스까지 연계돼 있어서 대출이나 리스 같은 금융상품도 한 번에 확인할 수 있었어요. 중고차 구매가 처음이라 막막했는데, 이 앱 하나로 고민이 확 줄었네요!",2025-02-12 16:07:43,8.0,"안녕하세요 고객님, KB차차차입니다. KB차차차에서는 고객님들께서 안심하고 차량을 거래하실 수 있도록 다양한 서비스를
제공해 드리고 있습니다. 고객님들이 안심하고 편리한 차량 거래를 할 수 있도록 노력하겠습니다!
소중한 의견 감사 드리며 앞으로도 KB차차차 많은 이용과 관심 부탁 드립니다.",kr.co.kbc.cha.android,5.0.2
Android,우연,5,,"중고차 매물도 많고, 실차주 인증 덕분에 신뢰할 수 있어 좋았습니다. 비교 견적 기능도 편리하고 무엇보다 서비스 이용 수수료가 무료라는 점이 만족스럽네요! 중고차 거래를 고민하는 분들께 적극 추천합니다.",2025-02-12 16:07:11,0.0,"안녕하세요 고객님, KB차차차입니다. KB차차차에서는 고객님들께서 안심하고 차량을 거래하실 수 있도록 다양한 서비스를
제공해 드리고 있습니다. 고객님들이 안심하고 편리한 차량 거래를 할 수 있도록 노력하겠습니다!
소중한 의견 감사 드리며 앞으로도 KB차차차 많은 이용과 관심 부탁 드립니다.",kr.co.kbc.cha.android,5.0.4
Android,미니미니,5,,차관련 앱중에서는 차차차가 최고입니다. 앞으로도 많은 업데이트를 해서 독보적 앱으로 거듭났으면 좋겠어요.,2025-02-12 16:06:34,0.0,"안녕하세요 고객님, KB차차차입니다. KB차차차에서는 고객님들께서 안심하고 차량을 거래하실 수 있도록 다양한 서비스를
제공해 드리고 있습니다. 고객님들이 안심하고 편리한 차량 거래를 할 수 있도록 노력하겠습니다!
소중한 의견 감사 드리며 앞으로도 KB차차차 많은 이용과 관심 부탁 드립니다.",kr.co.kbc.cha.android,5.0.0
Android,최준영,5,,너무좋아요잉,2025-02-12 16:01:08,0.0,"안녕하세요 고객님, KB차차차입니다. KB차차차에서는 고객님들께서 안심하고 차량을 거래하실 수 있도록 다양한 서비스를
제공해 드리고 있습니다. 고객님들이 안심하고 편리한 차량 거래를 할 수 있도록 노력하겠습니다!
소중한 의견 감사 드리며 앞으로도 KB차차차 많은 이용과 관심 부탁 드립니다.",kr.co.kbc.cha.android,5.0.7
Android,박성수,5,,"모바일로 중고차 시세를 조회할 수 있어 정말 편리하고, 내 차 시세도 알 수 있어서 정말 좋은 앱이라고 생각합니다. 적극 추천합니다~!!!^^",2025-02-12 16:00:51,1.0,"안녕하세요 고객님, KB차차차입니다.KB차차차에서는 차를 잘 몰라도 중고차 완~전 잘 구할 수 있죠! 어떻게? 구해줘차차차! 차를 잘 알지 못해도! 간단한 조건 입력만으로 딜러가 알맞은 차량을 밤에도 추천! 나~앚에도 추천! 언제든지 추천할께♬ 무조건무조건이야하~♬ 중고차하면? KB차차차! KB차차차 많은 이용 부탁드립니다!",kr.co.kbc.cha.android,5.0.7
Android,길태형,5,,아주좋은 사이트입니다,2025-02-12 10:33:17,0.0,"안녕하세요 고객님, KB차차차입니다. KB차차차에서는 고객님들께서 안심하고 차량을 거래하실 수 있도록 다양한 서비스를
제공해 드리고 있습니다. 고객님들이 안심하고 편리한 차량 거래를 할 수 있도록 노력하겠습니다!
소중한 의견 감사 드리며 앞으로도 KB차차차 많은 이용과 관심 부탁 드립니다.",kr.co.kbc.cha.android,5.0.7
Android,김지수,4,,접근성이 좋고 인터페이스가 깔끔하고 편리하네요 중고차 검색이나 관련 서치가 편하고 조건에 맞는 원하는 차를 구하는데 도움이 될거같아요 마이데이터같은 금융관련 연계도 편하네요 들어가자마자 광고팝업이 매번떠서 불편한건 있지만 나머지 부분은 좋아요,2025-02-06 21:06:27,5.0,"안녕하세요 고객님, KB차차차입니다. 차차차는 고객님들에게 최적의 사용성과 최대의 편리함을 제공하기 위해 노력하고 있습니다.
복잡한 어플은 이제 그만! 차차차 홈화면에서 간편하게 차량 검색, 내차 시세 조회, 내차 관리 등 차차차에서만 만날 수 있는 기능을
최대로 이용해보세요! 감사합니다.",kr.co.kbc.cha.android,5.0.5
Android,니량,5,,중고차거래어플 찾고 있었는데 마침 국민은행에서 만든 차차차어플을 알게되어서 한번 사용해봤는데 괜찮네요~~!! 검색이랑 비교도 쉽고 간단하고 필터도 괜찮네요 국민은행이라 믿고 씁니다~~!,2025-02-06 18:58:25,0.0,"안녕하세요 고객님, KB차차차입니다. 차차차는 고객님들에게 최적의 사용성과 최대의 편리함을 제공하기 위해 노력하고 있습니다.
복잡한 어플은 이제 그만! 차차차 홈화면에서 간편하게 차량 검색, 내차 시세 조회, 내차 관리 등 차차차에서만 만날 수 있는 기능을
최대로 이용해보세요! 감사합니다.",kr.co.kbc.cha.android,5.0.5
Android,박준한,5,,엔카보다 좋아요,2025-02-06 17:52:52,0.0,"안녕하세요 고객님, KB차차차입니다. 차차차는 고객님들에게 최적의 사용성과 최대의 편리함을 제공하기 위해 노력하고 있습니다.
복잡한 어플은 이제 그만! 차차차 홈화면에서 간편하게 차량 검색, 내차 시세 조회, 내차 관리 등 차차차에서만 만날 수 있는 기능을
최대로 이용해보세요! 감사합니다.",kr.co.kbc.cha.android,5.0.1
Android,jacob,5,,중고차매매 타 어플과 비교하면 중고차 퀄리티가 다른게 느껴집니다. kb진단에 할인특가까지 믿고 안심할수 있습니다. 좋은매물 건지시길~,2025-02-06 17:10:45,0.0,"안녕하세요 고객님, KB차차차입니다. 차차차는 고객님들에게 최적의 사용성과 최대의 편리함을 제공하기 위해 노력하고 있습니다.
복잡한 어플은 이제 그만! 차차차 홈화면에서 간편하게 차량 검색, 내차 시세 조회, 내차 관리 등 차차차에서만 만날 수 있는 기능을
최대로 이용해보세요! 감사합니다.",kr.co.kbc.cha.android,5.0.5
Android,라인,5,,좋아요,2025-02-06 16:54:22,0.0,"안녕하세요 고객님, KB차차차입니다. 차차차는 고객님들에게 최적의 사용성과 최대의 편리함을 제공하기 위해 노력하고 있습니다.
복잡한 어플은 이제 그만! 차차차 홈화면에서 간편하게 차량 검색, 내차 시세 조회, 내차 관리 등 차차차에서만 만날 수 있는 기능을
최대로 이용해보세요! 감사합니다.",kr.co.kbc.cha.android,5.0.5
Android,daim kim,5,,좋습니다.,2025-02-06 16:35:36,0.0,"안녕하세요 고객님, KB차차차입니다. 차차차는 고객님들에게 최적의 사용성과 최대의 편리함을 제공하기 위해 노력하고 있습니다.
복잡한 어플은 이제 그만! 차차차 홈화면에서 간편하게 차량 검색, 내차 시세 조회, 내차 관리 등 차차차에서만 만날 수 있는 기능을
최대로 이용해보세요! 감사합니다.",kr.co.kbc.cha.android,5.0.5
Android,김기훈,5,,어플 통해서 중고차에 관한 많은것을 알아갑니다,2025-02-06 16:31:24,0.0,"안녕하세요 고객님, KB차차차입니다. 차차차는 고객님들에게 최적의 사용성과 최대의 편리함을 제공하기 위해 노력하고 있습니다.
복잡한 어플은 이제 그만! 차차차 홈화면에서 간편하게 차량 검색, 내차 시세 조회, 내차 관리 등 차차차에서만 만날 수 있는 기능을
최대로 이용해보세요! 감사합니다.",kr.co.kbc.cha.android,
Android,김은정,5,,중고차 시세를 한눈에 볼 수 있어서 좋고 홈배송차량 서비스도 있어서 KB차차차 이용중인 걸 후회한 적이 없네요!,2025-02-06 16:30:23,0.0,"안녕하세요 고객님, KB차차차입니다. 차차차는 고객님들에게 최적의 사용성과 최대의 편리함을 제공하기 위해 노력하고 있습니다.
복잡한 어플은 이제 그만! 차차차 홈화면에서 간편하게 차량 검색, 내차 시세 조회, 내차 관리 등 차차차에서만 만날 수 있는 기능을
최대로 이용해보세요! 감사합니다.",kr.co.kbc.cha.android,
Android,fhg j,5,,쉽고 한눈에 보기 편함,2025-02-06 16:21:19,1.0,"안녕하세요 고객님, KB차차차입니다. 차차차는 고객님들에게 최적의 사용성과 최대의 편리함을 제공하기 위해 노력하고 있습니다.
복잡한 어플은 이제 그만! 차차차 홈화면에서 간편하게 차량 검색, 내차 시세 조회, 내차 관리 등 차차차에서만 만날 수 있는 기능을
최대로 이용해보세요! 감사합니다.",kr.co.kbc.cha.android,
Android,바람과 하늘 그리고 모래반지 빵야빵야(Z),5,,잘 쓰고 있습니다!! 😊😊,2025-02-06 16:20:23,0.0,"안녕하세요 고객님, KB차차차입니다. 소중한 리뷰 정말감사합니다! 차차차에서는 이벤트 뿐만 아니라 다양한 차량 정보를 제공하고 있습니다. 항상 노력하는 차차차가 되겠습니다. 중고차 구매하실 땐 KB차차차,
많은 이용 부탁드리겠습니다! 감사합니다 :)",kr.co.kbc.cha.android,5.0.3
Android,권가빈,5,,중고차를 구매하고자 할 때 매물을 비교하기 편하고 이용방법도 간단해서 많은 도움을 받고 있어서 유용한 것 같아요 !,2025-02-06 16:20:00,0.0,"안녕하세요 고객님, KB차차차입니다. 소중한 리뷰 정말감사합니다! 차차차에서는 이벤트 뿐만 아니라 다양한 차량 정보를 제공하고 있습니다. 항상 노력하는 차차차가 되겠습니다. 중고차 구매하실 땐 KB차차차,
많은 이용 부탁드리겠습니다! 감사합니다 :)",kr.co.kbc.cha.android,5.0.5
Android,박수,5,,여러가지 좋은정보들이 많아요,2025-02-06 16:15:02,0.0,"안녕하세요 고객님, KB차차차입니다. 소중한 리뷰 정말감사합니다! 차차차에서는 이벤트 뿐만 아니라 다양한 차량 정보를 제공하고 있습니다. 항상 노력하는 차차차가 되겠습니다. 중고차 구매하실 땐 KB차차차,
많은 이용 부탁드리겠습니다! 감사합니다 :)",kr.co.kbc.cha.android,5.0.5
Android,희석TV,5,,앱 사용법이 편하고 쉬워요! 중고차는 차차차!,2025-02-06 16:14:11,0.0,"안녕하세요 고객님, KB차차차입니다. 소중한 리뷰 정말감사합니다! 차차차에서는 이벤트 뿐만 아니라 다양한 차량 정보를 제공하고 있습니다. 항상 노력하는 차차차가 되겠습니다. 중고차 구매하실 땐 KB차차차,
많은 이용 부탁드리겠습니다! 감사합니다 :)",kr.co.kbc.cha.android,5.0.4
Android,Joo Jin,5,,UI가 직관적이고 중고차 시세관련 정보도 잘 알 수 있어서 좋아요~!,2025-02-06 16:10:39,0.0,"안녕하세요 고객님, KB차차차입니다. 소중한 리뷰 정말감사합니다! 차차차에서는 이벤트 뿐만 아니라 다양한 차량 정보를 제공하고 있습니다. 항상 노력하는 차차차가 되겠습니다. 중고차 구매하실 땐 KB차차차,
많은 이용 부탁드리겠습니다! 감사합니다 :)",kr.co.kbc.cha.android,
Android,ad sf,5,,차차차 정말 좋아요~,2025-02-06 16:09:57,0.0,"안녕하세요 고객님, KB차차차입니다. 소중한 리뷰 정말감사합니다! 차차차에서는 이벤트 뿐만 아니라 다양한 차량 정보를 제공하고 있습니다. 항상 노력하는 차차차가 되겠습니다. 중고차 구매하실 땐 KB차차차,
많은 이용 부탁드리겠습니다! 감사합니다 :)",kr.co.kbc.cha.android,4.7.9
Android,이원진,5,,차량 매물이 더 다양했으면 좋겠습니다. UI는 편합니다.,2025-02-06 16:09:01,0.0,"안녕하세요 고객님, KB차차차입니다. 소중한 리뷰 정말감사합니다! 차차차에서는 이벤트 뿐만 아니라 다양한 차량 정보를 제공하고 있습니다. 항상 노력하는 차차차가 되겠습니다. 중고차 구매하실 땐 KB차차차,
많은 이용 부탁드리겠습니다! 감사합니다 :)",kr.co.kbc.cha.android,
Android,변혜정,5,,처음 이용해 봤지만 생각보다 깔끔하고 사용하기 좋았던 거 같아요,2025-02-06 16:08:39,0.0,"안녕하세요 고객님, KB차차차입니다. 소중한 리뷰 정말감사합니다! 차차차에서는 이벤트 뿐만 아니라 다양한 차량 정보를 제공하고 있습니다. 항상 노력하는 차차차가 되겠습니다. 중고차 구매하실 땐 KB차차차,
많은 이용 부탁드리겠습니다! 감사합니다 :)",kr.co.kbc.cha.android,
Android,수릴리,5,,kb차차차 는 믿을수 있는 중고차 플랫폼이에요 ~ 차량도 다양하고 내가 원하는 옵션 사고조회까지 가능해서 믿고 이용하고있습니다,2025-02-06 16:06:36,11.0,"안녕하세요 고객님, KB차차차입니다. 소중한 리뷰 정말감사합니다! 차차차에서는 이벤트 뿐만 아니라 다양한 차량 정보를 제공하고 있습니다. 항상 노력하는 차차차가 되겠습니다. 중고차 구매하실 땐 KB차차차,
많은 이용 부탁드리겠습니다! 감사합니다 :)",kr.co.kbc.cha.android,5.0.5
Android,고영현,5,,"KB차차차는 국내 최대 수준의 중고차 매물을 제공하며, 신뢰할 수 있는 거래 환경과 금융 서비스를 갖춘 훌륭한 플랫폼입니다. 차량 검색부터 구매, 판매, 금융 서비스까지 원스톱으로 제공하는 점이 큰 장점입니다. 일부 지역에서 매물 부족이나 정보 업데이트 지연 등의 아쉬운 점이 있지만, 전반적으로 신뢰성과 편의성을 갖춘 중고차 거래 앱으로 강력 추천합니다.",2025-02-06 16:06:24,0.0,"안녕하세요 고객님, KB차차차입니다. 소중한 리뷰 정말감사합니다! 차차차에서는 이벤트 뿐만 아니라 다양한 차량 정보를 제공하고 있습니다. 항상 노력하는 차차차가 되겠습니다. 중고차 구매하실 땐 KB차차차,
많은 이용 부탁드리겠습니다! 감사합니다 :)",kr.co.kbc.cha.android,
Android,이성호,5,,깔끔하고 핵심정인 정보 제공 KB차차차 화이팅,2025-02-06 16:04:13,0.0,"안녕하세요 고객님, KB차차차입니다. 소중한 리뷰 남겨주셔서 감사합니다. KB차차차가 제공하는 시세는 믿을 수 있는 AI 기반의
국민시세로 고객님께서 든든하게 이용하실 수 있습니다 :) 또한 실차주 마크 차량은 허위매물 걱정 없는 매물로 더욱 믿고
이용하실 수 있겠죠? 앞으로도 많은 관심 부탁드립니다. 감사합니다!",kr.co.kbc.cha.android,5.0.5
Android,윤종인,5,,KB차차차 어플로 중고차매매를 간단하게할 수 있어 좋습니다. 그리고 내가 원하는 컨디션의 차량을 많은 매물을 활용해 쉽게 알아보고 구할수있어 좋습니다:),2025-02-06 16:03:02,0.0,"안녕하세요 고객님, KB차차차입니다. 소중한 리뷰 남겨주셔서 감사합니다. KB차차차가 제공하는 시세는 믿을 수 있는 AI 기반의
국민시세로 고객님께서 든든하게 이용하실 수 있습니다 :) 또한 실차주 마크 차량은 허위매물 걱정 없는 매물로 더욱 믿고
이용하실 수 있겠죠? 앞으로도 많은 관심 부탁드립니다. 감사합니다!",kr.co.kbc.cha.android,
Android,오명섭,1,,제수없는 KB차차차,2025-02-04 05:30:49,0.0,"안녕하세요 고객님, KB차차차입니다. 우선 KB차차차 이용에 불편을 드려 대단히 죄송합니다. 오류가 발생할 경우 KB차차차
대표번호 1670-4777로 연락주시면 최선을 다해 도와드리도록 하겠습니다. 다시 한 번 이용에 불편을 드려 대단히 죄송합니다.
감사합니다.",kr.co.kbc.cha.android,
iOS,cocopery,5,잘 사용하고있어요^^,좋내요,2025-02-02 04:42:30,,,1112366886,4.7.4
iOS,스테파니12,5,프리우스1.8,하이브리드 프리우스,2025-01-31 18:00:45,,,1112366886,4.7.4
Android,kill go,1,,허위매물이 많다. CD플레이어가 없는데 있다고 체크한 차가 많음. 걍 딜러들이 이것저것 옵션 체크해둬서 믿을 수가 없음.,2025-01-30 01:09:32,0.0,"안녕하세요 고객님, KB차차차입니다. 우선 KB차차차 이용에 불편을 드려 대단히 죄송합니다. 오류가 발생할 경우 KB차차차
대표번호 1670-4777로 연락주시면 최선을 다해 도와드리도록 하겠습니다. 다시 한 번 이용에 불편을 드려 대단히 죄송합니다.
감사합니다.",kr.co.kbc.cha.android,
Android,하옥봉,5,,좋아용,2025-01-28 18:48:15,0.0,"안녕하세요 고객님, KB차차차입니다. KB차차차에서는 고객님들께서 안심하고 차량을 거래하실 수 있도록 다양한 서비스를
제공해 드리고 있습니다. 앞으로도 고객님들이 만족하는 플랫폼이 되도록 노력하겠습니다!
소중한 의견 감사 드리며 앞으로도 KB차차차 많은 이용과 관심 부탁 드립니다.",kr.co.kbc.cha.android,5.0.4
Android,해바라기,4,,강죽,2025-01-25 15:10:25,0.0,"안녕하세요 고객님, KB차차차입니다. KB차차차에서는 고객님들께서 안심하고 차량을 거래하실 수 있도록 다양한 서비스를
제공해 드리고 있습니다. 앞으로도 고객님들이 만족하는 플랫폼이 되도록 노력하겠습니다!
소중한 의견 감사 드리며 앞으로도 KB차차차 많은 이용과 관심 부탁 드립니다.",kr.co.kbc.cha.android,5.0.4
iOS,땨등,5,"비교기능, 요약기능, 저렴한 금액, 채팅문의기능이 굿",맘에듦,2025-01-23 22:42:06,,,1112366886,4.7.4
Android,김다운,1,,헤이딜러로 잘 팔았습니다. KB차차차에 허위로 최고가 입찰 들어오는 분 겨신거 같네요. 평가보면 다 똑같아요. 다른 딜러분께 요청했는데 헤이딜러 가격이랑 비슷한데 감가 들어올거 같아서 헤이딜러 제로감가로 잘 팔았습니다. KB금융 쓰는게 있어서 이미지가 좋아서 설치했는데 안타깝네요.,2025-01-22 18:36:49,21.0,"안녕하세요 고객님, KB차차차입니다. 우선 KB차차차 이용에 불편을 드려 대단히 죄송합니다. 오류가 발생할 경우 KB차차차
대표번호 1670-4777로 연락주시면 최선을 다해 도와드리도록 하겠습니다. 다시 한 번 이용에 불편을 드려 대단히 죄송합니다.
감사합니다.",kr.co.kbc.cha.android,5.0.4
Android,MoonSok Choi,1,,루팅 하지 않았는데 실행이 안됨 퉷,2025-01-20 06:46:25,0.0,"안녕하세요 고객님, KB차차차입니다. 우선 KB차차차 이용에 불편을 드려 대단히 죄송합니다. 오류가 발생할 경우 KB차차차
대표번호 1670-4777로 연락주시면 최선을 다해 도와드리도록 하겠습니다. 다시 한 번 이용에 불편을 드려 대단히 죄송합니다.
감사합니다.",kr.co.kbc.cha.android,5.0.4
Android,김동현,1,,여러분 중고차 옵션 필터링 하고 필터링 된차를 보러가면 이어플에는 옵션이 있다고 나오지만 실제로 차를 보면 그 옵션이 없는게 태반입니다 여기 나온거 믿지 마시고 실제로 차에서 옵션이 다 들어가있는지 꼭꼭 확인하세요 어제 중고차 사러 갔다가 딜러랑 싸웠습니다,2025-01-19 07:14:27,105.0,"안녕하세요 고객님, KB차차차입니다. 우선 KB차차차 이용에 불편을 드려 대단히 죄송합니다. 오류가 발생할 경우 KB차차차
대표번호 1670-4777로 연락주시면 최선을 다해 도와드리도록 하겠습니다. 다시 한 번 이용에 불편을 드려 대단히 죄송합니다.
감사합니다.",kr.co.kbc.cha.android,5.0.4
Android,장그레이,5,,집에서 어플로 원하는 차량을 볼수 있었어요. 보완점은 옵션을 상세히 고를 수 있게 해주면 좋겠어요. 하나하나 터치해서 옵션을 확인하는 게 불편했습니다.,2025-01-18 14:39:50,0.0,"안녕하세요 고객님, KB차차차입니다. KB차차차에서는 고객님들께서 안심하고 차량을 거래하실 수 있도록 다양한 서비스를
제공해 드리고 있습니다. 앞으로도 고객님들이 만족하는 플랫폼이 되도록 노력하겠습니다!
소중한 의견 감사 드리며 앞으로도 KB차차차 많은 이용과 관심 부탁 드립니다.",kr.co.kbc.cha.android,5.0.4
Android,"My Day, PC, Game Channel",1,,앱 설치 안 됨.,2025-01-10 12:52:15,0.0,"안녕하세요 고객님, KB차차차입니다. 우선 KB차차차 이용에 불편을 드려 대단히 죄송합니다. 오류가 발생할 경우 KB차차차
대표번호 1670-4777로 연락주시면 최선을 다해 도와드리도록 하겠습니다. 다시 한 번 이용에 불편을 드려 대단히 죄송합니다.
감사합니다.",kr.co.kbc.cha.android,
Android,낭만원숭이,4,,좋네요,2025-01-10 09:32:07,0.0,"안녕하세요 고객님, KB차차차입니다. 국내 최다 매물을 보유한 KB차차차에서는 편리한 검색기능도 함께 갖추어 원하시는 차량을
보다 쉽고 편리하게 찾아보실 수 있습니다!! 소중한 의견 감사드리고 보다 나은 서비스 제공을 위해
더욱 노력하는 KB차차차 될 것을 약속드립니다. 감사합니다. :)",kr.co.kbc.cha.android,
Android,help migoon,1,,최악,2025-01-08 13:57:53,0.0,"안녕하세요 고객님, KB차차차입니다. 우선 KB차차차 이용에 불편을 드려 대단히 죄송합니다. 오류가 발생할 경우 KB차차차
대표번호 1670-4777로 연락주시면 최선을 다해 도와드리도록 하겠습니다. 다시 한 번 이용에 불편을 드려 대단히 죄송합니다.
감사합니다.",kr.co.kbc.cha.android,5.0.3
Android,최세현,1,,중고차 딜러는 여전히 날강도짖 하네요. 매도?뭐라더라? 하고 수수료 하고 보험료 약 12만 합쳐서 약 90만을 차판매가격외에 더 청구하네요. 중고차 안사본것도 아니고 차가격 나와있으면 그가격이 끝 아닌가요? 딜러가 중고차 사봤다면서 이것도 모르냐고 법으로 정해져있다나? 그럼 차량판매 어플에 그런게 있다고 언지를 줘야하는거 아닌가요? 당연히 차량매매 가격이 다 인지알고 예약걸고 갔는데 수수료 어쩌고 하기에 그럼 못사겠다하니 계약금은 못준다니 아휴...이러니 중고차 딜러들을 어떻게 믿나요. 빨리 현대나 기아 이런 큰 회사들 믿을만한 회사들이 중고차 시장을 장악해야 이런 날강도같고 사기꾼같은 딜러들은 뿌리가 뽑힐텐데. 중고차 안산다 안산다 하면서 어쩔수없이 사면 언제나 눈탱이나 맞고 이따위 중고차 시장은 싹다 없어졌음 좋겠네요.,2025-01-04 23:53:09,1.0,"안녕하세요 고객님, KB차차차입니다. 우선 KB차차차 이용에 불편을 드려 대단히 죄송합니다. 불편이 발생할 경우 KB차차차
대표번호 1670-4777로 연락주시면 최선을 다해 도와드리도록 하겠습니다. 다시 한 번 이용에 불편을 드려 대단히 죄송합니다.
감사합니다.",kr.co.kbc.cha.android,5.0.3
Android,유재법,4,,"차량 검색부터 성능검사, 옵션보기 편해요.",2025-01-03 23:45:09,0.0,"안녕하세요 고객님, KB차차차입니다. 국내 최다 매물을 보유한 KB차차차에서는 편리한 검색기능도 함께 갖추어 원하시는 차량을
보다 쉽고 편리하게 찾아보실 수 있습니다!! 소중한 의견 감사드리고 보다 나은 서비스 제공을 위해
더욱 노력하는 KB차차차 될 것을 약속드립니다. 감사합니다. :)",kr.co.kbc.cha.android,5.0.3
Android,joy Park,5,,다양한 중고차 정보가 많아 중고거래에 도움이 많이 되는 앱이다. 자동차에 대해 잘 모르더라도 믿고 이용할 수 있을듯 하다.,2024-12-27 23:56:31,0.0,"안녕하세요 고객님, KB차차차입니다. 칭찬, 진심으로 감사드립니다 ^^ KB차차차는 고객님들께서 보다 쉽고 편리하게 중고차를
거래하실 수 있도록 다양한 서비스를 통해 도와드리고 있어요. 소중한 리뷰 감사드리고 앞으로도
KB차차차에 많은 사랑과 관심 부탁드립니다. 감사합니다.",kr.co.kbc.cha.android,5.0.3
Android,유길상,5,,Kb 차차차를 통해 중고차 시세를 명확하게 알수 있는점이 넘 좋아요 거기에다가 라는 이름이 주는 신뢰가 커요~ 마이데이터 가입을 통해 이동하거나 하는 번거로움 없이 내 금융정보를 한 앱에서 알수 있다는점도 만족스럽더라고요~ 쓰면 쓸수록 좋은 KB차차차~^^,2024-12-27 23:35:10,7.0,"안녕하세요 고객님, KB차차차입니다. 칭찬, 진심으로 감사드립니다 ^^ KB차차차는 고객님들께서 보다 쉽고 편리하게 중고차를
거래하실 수 있도록 다양한 서비스를 통해 도와드리고 있어요. 소중한 리뷰 감사드리고 앞으로도
KB차차차에 많은 사랑과 관심 부탁드립니다. 감사합니다.",kr.co.kbc.cha.android,
Android,정채원,5,,좋아요! 잘 이용 하고 있어요 앞으로도 많은 이벤트 부탁 드려요,2024-12-27 22:21:28,0.0,"안녕하세요 고객님, KB차차차입니다. 칭찬, 진심으로 감사드립니다 ^^ KB차차차는 고객님들께서 보다 쉽고 편리하게 중고차를
거래하실 수 있도록 다양한 서비스를 통해 도와드리고 있어요. 소중한 리뷰 감사드리고 앞으로도
KB차차차에 많은 사랑과 관심 부탁드립니다. 감사합니다.",kr.co.kbc.cha.android,5.0.3
Android,Je-il Jeong,5,,편리하고 좋아요.,2024-12-27 17:32:54,0.0,"안녕하세요 고객님, KB차차차입니다. 칭찬, 진심으로 감사드립니다 ^^ KB차차차는 고객님들께서 보다 쉽고 편리하게 중고차를
거래하실 수 있도록 다양한 서비스를 통해 도와드리고 있어요. 소중한 리뷰 감사드리고 앞으로도
KB차차차에 많은 사랑과 관심 부탁드립니다. 감사합니다.",kr.co.kbc.cha.android,5.0.3
Android,민세정,5,,"kb차차차 어플 중고차 사거나 팔거나 할때 막막한데 초보자도 쉽게 볼수 있는 메뉴 배치가 되어있어요. 시세부분과 차량종류 부분, 그리고 그부가적인 부분들도 쉽게 확인할수 있어서 많은 도움이 되었습니다.",2024-12-27 17:24:42,0.0,"안녕하세요 고객님, KB차차차입니다. 칭찬, 진심으로 감사드립니다 ^^ KB차차차는 고객님들께서 보다 쉽고 편리하게 중고차를
거래하실 수 있도록 다양한 서비스를 통해 도와드리고 있어요. 소중한 리뷰 감사드리고 앞으로도
KB차차차에 많은 사랑과 관심 부탁드립니다. 감사합니다.",kr.co.kbc.cha.android,4.9.3
Android,최우주,5,,"KB차차차 앱 덕분에 중고차를 정말 쉽게 찾고 비교할 수 있었어요. 다양한 차량 정보와 상세한 조건 검색 기능 덕분에 원하는 차량을 빠르게 찾을 수 있었고, 믿을 수 있는 정보라는 점이 큰 장점이었어요. 또한, 차량 구매와 관련된 프로세스도 명확히 설명되어 있어서 초보자도 어려움 없이 이용할 수 있었어요. 다만, 간혹 앱이 약간 느리게 작동할 때가 있었는데, 이런 부분만 개선된다면 완벽한 앱이 될 것 같아요! 중고차를 찾으시는 분들에게 적극 추천합니다",2024-12-27 17:11:08,59.0,"안녕하세요 고객님, KB차차차입니다. 칭찬, 진심으로 감사드립니다 ^^ KB차차차는 고객님들께서 보다 쉽고 편리하게 중고차를
거래하실 수 있도록 다양한 서비스를 통해 도와드리고 있어요. 소중한 리뷰 감사드리고 앞으로도
KB차차차에 많은 사랑과 관심 부탁드립니다. 감사합니다.",kr.co.kbc.cha.android,5.0.3
Android,김문진,5,,이보다 좋은 중고차앱은 없습니다 kb차차차 고맙,2024-12-27 16:49:12,0.0,"안녕하세요 고객님, KB차차차입니다. 칭찬, 진심으로 감사드립니다 ^^ KB차차차는 고객님들께서 보다 쉽고 편리하게 중고차를
거래하실 수 있도록 다양한 서비스를 통해 도와드리고 있어요. 소중한 리뷰 감사드리고 앞으로도
KB차차차에 많은 사랑과 관심 부탁드립니다. 감사합니다.",kr.co.kbc.cha.android,
Android,조성민,5,,내차팔기정말죠아요! 타사플랫폼보다마니받고팔았습니다 감사합니다 다음에도이용할께요,2024-12-27 16:43:56,0.0,"안녕하세요 고객님, KB차차차입니다. 칭찬, 진심으로 감사드립니다 ^^ KB차차차는 고객님들께서 보다 쉽고 편리하게 중고차를
거래하실 수 있도록 다양한 서비스를 통해 도와드리고 있어요. 소중한 리뷰 감사드리고 앞으로도
KB차차차에 많은 사랑과 관심 부탁드립니다. 감사합니다.",kr.co.kbc.cha.android,5.0.3
Android,햇님달님,5,,굿,2024-12-27 16:40:49,0.0,"안녕하세요 고객님, KB차차차입니다. 칭찬, 진심으로 감사드립니다 ^^ KB차차차는 고객님들께서 보다 쉽고 편리하게 중고차를
거래하실 수 있도록 다양한 서비스를 통해 도와드리고 있어요. 소중한 리뷰 감사드리고 앞으로도
KB차차차에 많은 사랑과 관심 부탁드립니다. 감사합니다.",kr.co.kbc.cha.android,5.0.3
Android,매매매매매,5,,중고차 알아보던중 설치했는데 생각보다 더 좋네요~ 이벤트도 많고 검색도 간편하고 유용합니다♡,2024-12-27 16:40:45,1.0,"안녕하세요 고객님, KB차차차입니다. 소중한 리뷰 남겨주셔서 감사합니다. KB차차차가 제공하는 시세는 믿을 수 있는 AI 기반의
국민시세로 고객님께서 든든하게 이용하실 수 있습니다 :) 또한 실차주 마크 차량은 허위매물 걱정 없는 매물로 더욱 믿고
이용하실 수 있겠죠? 앞으로도 많은 관심 부탁드립니다. 감사합니다!
",kr.co.kbc.cha.android,5.0.3
Android,이지훈,5,,"지금까지 본 중고차 매매 중에 가장 좋아요 다른곳은 거짓매물과 허위들이 많은 반면에 차차차는 거짓,허위 매물이 없음 그게 가장 깔끔함",2024-12-27 16:36:49,0.0,"안녕하세요 고객님, KB차차차입니다. 소중한 리뷰 남겨주셔서 감사합니다. KB차차차가 제공하는 시세는 믿을 수 있는 AI 기반의
국민시세로 고객님께서 든든하게 이용하실 수 있습니다 :) 또한 실차주 마크 차량은 허위매물 걱정 없는 매물로 더욱 믿고
이용하실 수 있겠죠? 앞으로도 많은 관심 부탁드립니다. 감사합니다!
",kr.co.kbc.cha.android,5.0.1
Android,최연수,5,,"KB차차차 어플은 차량 관리, 보험 가입, 정비 예약, 주유소 정보 제공 등 다양한 기능을 한 곳에서 이용할 수 있어 매우 편리합니다. 직관적인 UI로 사용이 간편하며, 차량의 상태와 정보를 실시간으로 확인할 수 있어 차량 관리가 효율적입니다. 또한, 보험 갱신이나 정비 예약도 손쉽게 할 수 있어 시간과 비용 절감에 유리합니다.",2024-12-27 16:30:35,0.0,"안녕하세요 고객님, KB차차차입니다. 소중한 리뷰 남겨주셔서 감사합니다. KB차차차가 제공하는 시세는 믿을 수 있는 AI 기반의
국민시세로 고객님께서 든든하게 이용하실 수 있습니다 :) 또한 실차주 마크 차량은 허위매물 걱정 없는 매물로 더욱 믿고
이용하실 수 있겠죠? 앞으로도 많은 관심 부탁드립니다. 감사합니다!
",kr.co.kbc.cha.android,4.9.3
Android,Cho Cho,5,,간편하고 좋습니다.,2024-12-27 16:28:25,0.0,"안녕하세요 고객님, KB차차차입니다. 소중한 리뷰 남겨주셔서 감사합니다. KB차차차가 제공하는 시세는 믿을 수 있는 AI 기반의
국민시세로 고객님께서 든든하게 이용하실 수 있습니다 :) 또한 실차주 마크 차량은 허위매물 걱정 없는 매물로 더욱 믿고
이용하실 수 있겠죠? 앞으로도 많은 관심 부탁드립니다. 감사합니다!
",kr.co.kbc.cha.android,
Android,임시후김동비,5,,중고차 살때는 kb차차차에서 여러차량 확인하시고 구매하시는게 좋은거같아요. 매물도 많고 여러정보 얻기에도 좋아요,2024-12-27 16:24:44,0.0,"안녕하세요 고객님, KB차차차입니다. 소중한 리뷰 남겨주셔서 감사합니다. KB차차차가 제공하는 시세는 믿을 수 있는 AI 기반의
국민시세로 고객님께서 든든하게 이용하실 수 있습니다 :) 또한 실차주 마크 차량은 허위매물 걱정 없는 매물로 더욱 믿고
이용하실 수 있겠죠? 앞으로도 많은 관심 부탁드립니다. 감사합니다!
",kr.co.kbc.cha.android,5.0.3
Android,임성민,5,,드디어 중고차 시장에 믿을만한 플랫폼이 나왔네요 매물도 많고 굿입니다,2024-12-27 16:20:52,0.0,"안녕하세요 고객님, KB차차차입니다. 소중한 리뷰 남겨주셔서 감사합니다. KB차차차가 제공하는 시세는 믿을 수 있는 AI 기반의
국민시세로 고객님께서 든든하게 이용하실 수 있습니다 :) 또한 실차주 마크 차량은 허위매물 걱정 없는 매물로 더욱 믿고
이용하실 수 있겠죠? 앞으로도 많은 관심 부탁드립니다. 감사합니다!
",kr.co.kbc.cha.android,5.0.3
Android,김미연,5,,빠르고 편리해요. 중고차 볼때도 유용하게 활용했어요^^,2024-12-27 16:19:20,0.0,"안녕하세요 고객님, KB차차차입니다. 소중한 리뷰 남겨주셔서 감사합니다. KB차차차가 제공하는 시세는 믿을 수 있는 AI 기반의
국민시세로 고객님께서 든든하게 이용하실 수 있습니다 :) 또한 실차주 마크 차량은 허위매물 걱정 없는 매물로 더욱 믿고
이용하실 수 있겠죠? 앞으로도 많은 관심 부탁드립니다. 감사합니다!
",kr.co.kbc.cha.android,5.0.0
Android,박방임,4,,중고차 시세랑 모델을한눈에 볼수있어서 편리합니다 메뉴도 찾기쉬워서 도움이 됩니다,2024-12-27 16:17:25,0.0,"안녕하세요 고객님, KB차차차입니다. 소중한 리뷰 남겨주셔서 감사합니다. KB차차차는 무엇보다도 고객님께서 어렵게 느껴지는
중고차를 쉽고 편하게 거래하실 수 있도록 도와드리는 것을 목표로 하고 있습니다 :) 미션 콤플릿 할 때까지 옆에
꼭 있어주실거죠~? 간편하지만 든든한! 중고차 플랫폼 KB차차차가 되기 위해 열일하겠습니다. 앞으로도 많은 이용 부탁드립니다.
감사합니다!!
",kr.co.kbc.cha.android,5.0.3
Android,하성원,5,,앱이 쉽게 볼 수 있고 이용하기도 쉬워서 남녀노소 누구나 도움 받을 수 있는 좋은 어플이네요. 중고차 뿐만 아니라 신차 견적도 받아 볼 수도 있고 커뮤니티가 잘 되어있어서 차량관리에 많은 도움이 됩니다.,2024-12-27 16:11:01,0.0,"안녕하세요 고객님, KB차차차입니다. 소중한 리뷰 남겨주셔서 감사합니다. KB차차차는 무엇보다도 고객님께서 어렵게 느껴지는
중고차를 쉽고 편하게 거래하실 수 있도록 도와드리는 것을 목표로 하고 있습니다 :) 미션 콤플릿 할 때까지 옆에
꼭 있어주실거죠~? 간편하지만 든든한! 중고차 플랫폼 KB차차차가 되기 위해 열일하겠습니다. 앞으로도 많은 이용 부탁드립니다.
감사합니다!!
",kr.co.kbc.cha.android,5.0.3
Android,Ahra Kim,5,,중고차 매매는 어디? 무조건 KB차차차 입니다 누구든 쉽게 이용할 수 있고 너무 좋아요,2024-12-27 16:09:41,0.0,"안녕하세요 고객님, KB차차차입니다. 소중한 리뷰 남겨주셔서 감사합니다. KB차차차는 무엇보다도 고객님께서 어렵게 느껴지는
중고차를 쉽고 편하게 거래하실 수 있도록 도와드리는 것을 목표로 하고 있습니다 :) 미션 콤플릿 할 때까지 옆에
꼭 있어주실거죠~? 간편하지만 든든한! 중고차 플랫폼 KB차차차가 되기 위해 열일하겠습니다. 앞으로도 많은 이용 부탁드립니다.
감사합니다!!
",kr.co.kbc.cha.android,5.0.3
Android,아카시아향기,5,,"내차 시세 알고, 사고 팔기 너무 좋아요",2024-12-27 16:09:36,0.0,"안녕하세요 고객님, KB차차차입니다. 소중한 리뷰 남겨주셔서 감사합니다. KB차차차는 무엇보다도 고객님께서 어렵게 느껴지는
중고차를 쉽고 편하게 거래하실 수 있도록 도와드리는 것을 목표로 하고 있습니다 :) 미션 콤플릿 할 때까지 옆에
꼭 있어주실거죠~? 간편하지만 든든한! 중고차 플랫폼 KB차차차가 되기 위해 열일하겠습니다. 앞으로도 많은 이용 부탁드립니다.
감사합니다!!
",kr.co.kbc.cha.android,5.0.3
Android,고창범,5,,Kb차차차 앱을 써보고 중고차 시세도 잘 보여주고 뉴스거리도 많아서 즐겨찾는 앱입니다.,2024-12-27 16:09:14,0.0,"안녕하세요 고객님, KB차차차입니다. 소중한 리뷰 남겨주셔서 감사합니다. KB차차차는 무엇보다도 고객님께서 어렵게 느껴지는
중고차를 쉽고 편하게 거래하실 수 있도록 도와드리는 것을 목표로 하고 있습니다 :) 미션 콤플릿 할 때까지 옆에
꼭 있어주실거죠~? 간편하지만 든든한! 중고차 플랫폼 KB차차차가 되기 위해 열일하겠습니다. 앞으로도 많은 이용 부탁드립니다.
감사합니다!!
",kr.co.kbc.cha.android,5.0.3
Android,권여진,5,,상세하게 나온 정보에 감탄하고 친절에 감탄했네요. 중고차 구입할때는 역시 KB차차차네요 엄지척^^,2024-12-27 16:08:50,1.0,"안녕하세요 고객님, KB차차차입니다. 소중한 리뷰 남겨주셔서 감사합니다. KB차차차는 무엇보다도 고객님께서 어렵게 느껴지는
중고차를 쉽고 편하게 거래하실 수 있도록 도와드리는 것을 목표로 하고 있습니다 :) 미션 콤플릿 할 때까지 옆에
꼭 있어주실거죠~? 간편하지만 든든한! 중고차 플랫폼 KB차차차가 되기 위해 열일하겠습니다. 앞으로도 많은 이용 부탁드립니다.
감사합니다!!
",kr.co.kbc.cha.android,
Android,김태준,5,,KB차차차 중고차 매매 저렴하게 잘 했어요 지인 한테 소개 할게요,2024-12-27 16:07:52,0.0,"안녕하세요 고객님, KB차차차입니다. 국내 최다 매물을 보유한 KB차차차에서는 편리한 검색기능도 함께 갖추어 원하시는 차량을
보다 쉽고 편리하게 찾아보실 수 있습니다!! 소중한 의견 감사드리고 보다 나은 서비스 제공을 위해
더욱 노력하는 KB차차차 될 것을 약속드립니다. 감사합니다. :)",kr.co.kbc.cha.android,5.0.3
Android,양지희,5,,앱이 안정적이고 쉽게 접근해서 차의상태나 시세도 정확히알수있어 좋은것같습니다.,2024-12-27 16:06:28,22.0,"안녕하세요 고객님, KB차차차입니다. 국내 최다 매물을 보유한 KB차차차에서는 편리한 검색기능도 함께 갖추어 원하시는 차량을
보다 쉽고 편리하게 찾아보실 수 있습니다!! 소중한 의견 감사드리고 보다 나은 서비스 제공을 위해
더욱 노력하는 KB차차차 될 것을 약속드립니다. 감사합니다. :)",kr.co.kbc.cha.android,5.0.3
Android,선영이,5,,KB차차차 중고차 구매할때 너무 좋아요^^ 주변 지인들에게도 알려줄려구요♡,2024-12-27 16:05:17,0.0,"안녕하세요 고객님, KB차차차입니다. 국내 최다 매물을 보유한 KB차차차에서는 편리한 검색기능도 함께 갖추어 원하시는 차량을
보다 쉽고 편리하게 찾아보실 수 있습니다!! 소중한 의견 감사드리고 보다 나은 서비스 제공을 위해
더욱 노력하는 KB차차차 될 것을 약속드립니다. 감사합니다. :)",kr.co.kbc.cha.android,5.0.3
Android,김현진,5,,kb차차차 앱은 중고차 거래하기 편리하게 만들어진 최고의 앱인듯해요~ 메뉴도 깔끔하게 보기 간편하게 되어있고 원하는차 찾기도 편해서 연세있으신 부모님도 쓰기 편하다고 하시더라고요^^ 만족스러워요♡,2024-12-27 16:04:50,0.0,"안녕하세요 고객님, KB차차차입니다. 국내 최다 매물을 보유한 KB차차차에서는 편리한 검색기능도 함께 갖추어 원하시는 차량을
보다 쉽고 편리하게 찾아보실 수 있습니다!! 소중한 의견 감사드리고 보다 나은 서비스 제공을 위해
더욱 노력하는 KB차차차 될 것을 약속드립니다. 감사합니다. :)",kr.co.kbc.cha.android,5.0.3
Android,sunghoon jang,5,,중고차 정보 알아보기에 정말 좋른 앱이며 자주 애용할께요,2024-12-27 16:04:00,0.0,"안녕하세요 고객님, KB차차차입니다. 국내 최다 매물을 보유한 KB차차차에서는 편리한 검색기능도 함께 갖추어 원하시는 차량을
보다 쉽고 편리하게 찾아보실 수 있습니다!! 소중한 의견 감사드리고 보다 나은 서비스 제공을 위해
더욱 노력하는 KB차차차 될 것을 약속드립니다. 감사합니다. :)",kr.co.kbc.cha.android,
Android,꿀약과,5,,"KB차차차 어플 빠르게 검색할 수 있고, 무엇보다 KB금융 계열이라 믿고 사용할 수 있어서 참 편리하고 좋은거 같습니다.",2024-12-27 16:03:45,0.0,"안녕하세요 고객님, KB차차차입니다. 국내 최다 매물을 보유한 KB차차차에서는 편리한 검색기능도 함께 갖추어 원하시는 차량을
보다 쉽고 편리하게 찾아보실 수 있습니다!! 소중한 의견 감사드리고 보다 나은 서비스 제공을 위해
더욱 노력하는 KB차차차 될 것을 약속드립니다. 감사합니다. :)",kr.co.kbc.cha.android,5.0.3
Android,최민영,5,,좋아요 펀합니다,2024-12-27 16:01:28,0.0,"안녕하세요 고객님, KB차차차입니다. 국내 최다 매물을 보유한 KB차차차에서는 편리한 검색기능도 함께 갖추어 원하시는 차량을
보다 쉽고 편리하게 찾아보실 수 있습니다!! 소중한 의견 감사드리고 보다 나은 서비스 제공을 위해
더욱 노력하는 KB차차차 될 것을 약속드립니다. 감사합니다. :)",kr.co.kbc.cha.android,4.9.11
Android,문정장,5,,다양한 정보도 소식도 빠르고 이벤트도 다양하고 KB차차차 짱좋아요,2024-12-27 16:01:13,0.0,"안녕하세요 고객님, KB차차차입니다. 국내 최다 매물을 보유한 KB차차차에서는 편리한 검색기능도 함께 갖추어 원하시는 차량을
보다 쉽고 편리하게 찾아보실 수 있습니다!! 소중한 의견 감사드리고 보다 나은 서비스 제공을 위해
더욱 노력하는 KB차차차 될 것을 약속드립니다. 감사합니다. :)",kr.co.kbc.cha.android,5.0.3
Android,임성언,5,,인터페이스 깔끔 아주 맘에듬!!,2024-12-27 16:01:09,0.0,"안녕하세요 고객님, KB차차차입니다. 국내 최다 매물을 보유한 KB차차차에서는 편리한 검색기능도 함께 갖추어 원하시는 차량을
보다 쉽고 편리하게 찾아보실 수 있습니다!! 소중한 의견 감사드리고 보다 나은 서비스 제공을 위해
더욱 노력하는 KB차차차 될 것을 약속드립니다. 감사합니다. :)",kr.co.kbc.cha.android,
Android,김재민,5,,좋습니다. 좋은차,2024-12-27 13:20:35,0.0,"안녕하세요 고객님, KB차차차입니다. 국내 최다 매물을 보유한 KB차차차에서는 편리한 검색기능도 함께 갖추어 원하시는 차량을
보다 쉽고 편리하게 찾아보실 수 있습니다!! 소중한 의견 감사드리고 보다 나은 서비스 제공을 위해
더욱 노력하는 KB차차차 될 것을 약속드립니다. 감사합니다. :)",kr.co.kbc.cha.android,5.0.3
Android,박성용,1,,탈퇴불가한데...전번으로 인증번호 안옴 아무리해도,2024-12-22 17:48:15,0.0,"안녕하세요 고객님, KB차차차입니다. 우선 KB차차차 이용에 불편을 드려 대단히 죄송합니다. 오류가 발생할 경우 KB차차차
대표번호 1670-4777로 연락주시면 최선을 다해 도와드리도록 하겠습니다. 다시 한 번 이용에 불편을 드려 대단히 죄송합니다.
감사합니다.",kr.co.kbc.cha.android,5.0.3
Android,Chun-hui YI,1,,홍미노트6프로 사용중인데 루팅하지도 않았는데 루팅된기기로 판명이라며 실행안됨,2024-12-20 20:13:16,0.0,"안녕하세요 고객님, KB차차차입니다. 우선 KB차차차 이용에 불편을 드려 대단히 죄송합니다. 오류가 발생할 경우 KB차차차
대표번호 1670-4777로 연락주시면 최선을 다해 도와드리도록 하겠습니다. 다시 한 번 이용에 불편을 드려 대단히 죄송합니다.
감사합니다.",kr.co.kbc.cha.android,5.0.3
Android,환경미화부장,5,,중고차 시세 알아볼라고 설치했어요 좋네요~^^,2024-12-16 23:06:30,0.0,"안녕하세요 고객님, KB차차차입니다. 소중한 리뷰 남겨주셔서 감사합니다. KB차차차는 무엇보다도 고객님께서 어렵게 느껴지는
중고차를 쉽고 편하게 거래하실 수 있도록 도와드리는 것을 목표로 하고 있습니다 :) 미션 콤플릿 할 때까지 옆에
꼭 있어주실거죠~? 간편하지만 든든한! 중고차 플랫폼 KB차차차가 되기 위해 열일하겠습니다. 앞으로도 많은 이용 부탁드립니다.
감사합니다!!",kr.co.kbc.cha.android,
Android,JB S,5,,중고차 알아볼때 1순위로 보는 어플들인데 검색이 쉽고 여러 차를 볼수 있어 종종 애용 합니다. 내가 원하는 옵션의 차량을 고르는데도 많은 도움이 되네요.,2024-12-16 22:35:22,0.0,"안녕하세요 고객님, KB차차차입니다. 소중한 리뷰 남겨주셔서 감사합니다. KB차차차는 무엇보다도 고객님께서 어렵게 느껴지는
중고차를 쉽고 편하게 거래하실 수 있도록 도와드리는 것을 목표로 하고 있습니다 :) 미션 콤플릿 할 때까지 옆에
꼭 있어주실거죠~? 간편하지만 든든한! 중고차 플랫폼 KB차차차가 되기 위해 열일하겠습니다. 앞으로도 많은 이용 부탁드립니다.
감사합니다!!",kr.co.kbc.cha.android,
Android,최은희,5,,내차 금액도 알수있고 관심있는 차량도 쉽게 확인할수있어 좋아요,2024-12-16 18:27:58,0.0,"안녕하세요 고객님, KB차차차입니다. 소중한 리뷰 남겨주셔서 감사합니다. KB차차차는 무엇보다도 고객님께서 어렵게 느껴지는
중고차를 쉽고 편하게 거래하실 수 있도록 도와드리는 것을 목표로 하고 있습니다 :) 미션 콤플릿 할 때까지 옆에
꼭 있어주실거죠~? 간편하지만 든든한! 중고차 플랫폼 KB차차차가 되기 위해 열일하겠습니다. 앞으로도 많은 이용 부탁드립니다.
감사합니다!!",kr.co.kbc.cha.android,5.0.3
Android,서방력,5,,Kb차차차는 한눈에 사진으로 차량과 가격도 확인할수 있고 다양한 정보와 이벤트도 많이 있어 유용해요^^,2024-12-16 18:00:05,0.0,"안녕하세요 고객님, KB차차차입니다. 소중한 리뷰 남겨주셔서 감사합니다. KB차차차는 무엇보다도 고객님께서 어렵게 느껴지는
중고차를 쉽고 편하게 거래하실 수 있도록 도와드리는 것을 목표로 하고 있습니다 :) 미션 콤플릿 할 때까지 옆에
꼭 있어주실거죠~? 간편하지만 든든한! 중고차 플랫폼 KB차차차가 되기 위해 열일하겠습니다. 앞으로도 많은 이용 부탁드립니다.
감사합니다!!",kr.co.kbc.cha.android,5.0.3
Android,양천와이,5,,중고차거래에 대한 전반적인 부분들을 다 파악할수 있게 되어있고 가격비교부분이 잘 되어 있어요,2024-12-16 17:52:08,0.0,"안녕하세요 고객님, KB차차차입니다. 소중한 리뷰 남겨주셔서 감사합니다. KB차차차는 무엇보다도 고객님께서 어렵게 느껴지는
중고차를 쉽고 편하게 거래하실 수 있도록 도와드리는 것을 목표로 하고 있습니다 :) 미션 콤플릿 할 때까지 옆에
꼭 있어주실거죠~? 간편하지만 든든한! 중고차 플랫폼 KB차차차가 되기 위해 열일하겠습니다. 앞으로도 많은 이용 부탁드립니다.
감사합니다!!",kr.co.kbc.cha.android,5.0.3
Android,반효정,5,,KB차차차는 중고차 거래시 간편한 검색으로 어디서든 비교 견적이 가능해서 좋은것 같다.또한 내차 등록시 현 시세를 알 수 있고 로그인시 코인 적립 혜택등 다양한 이벤트가 좋다,2024-12-16 17:44:29,0.0,"안녕하세요 고객님, KB차차차입니다. 소중한 리뷰 남겨주셔서 감사합니다. KB차차차는 무엇보다도 고객님께서 어렵게 느껴지는
중고차를 쉽고 편하게 거래하실 수 있도록 도와드리는 것을 목표로 하고 있습니다 :) 미션 콤플릿 할 때까지 옆에
꼭 있어주실거죠~? 간편하지만 든든한! 중고차 플랫폼 KB차차차가 되기 위해 열일하겠습니다. 앞으로도 많은 이용 부탁드립니다.
감사합니다!!",kr.co.kbc.cha.android,5.0.0
Android,윤선영,5,,자동차에 대해 잘 안내되어있어서 중고차고르기 편했어요^^,2024-12-16 17:21:48,0.0,"안녕하세요 고객님, KB차차차입니다. 소중한 리뷰 남겨주셔서 감사합니다. KB차차차는 무엇보다도 고객님께서 어렵게 느껴지는
중고차를 쉽고 편하게 거래하실 수 있도록 도와드리는 것을 목표로 하고 있습니다 :) 미션 콤플릿 할 때까지 옆에
꼭 있어주실거죠~? 간편하지만 든든한! 중고차 플랫폼 KB차차차가 되기 위해 열일하겠습니다. 앞으로도 많은 이용 부탁드립니다.
감사합니다!!",kr.co.kbc.cha.android,5.0.3
Android,유민경,5,,사용하기 쉽고 좋아요^^~,2024-12-16 17:18:22,0.0,"안녕하세요 고객님, KB차차차입니다. 소중한 리뷰 남겨주셔서 감사합니다. KB차차차는 무엇보다도 고객님께서 어렵게 느껴지는
중고차를 쉽고 편하게 거래하실 수 있도록 도와드리는 것을 목표로 하고 있습니다 :) 미션 콤플릿 할 때까지 옆에
꼭 있어주실거죠~? 간편하지만 든든한! 중고차 플랫폼 KB차차차가 되기 위해 열일하겠습니다. 앞으로도 많은 이용 부탁드립니다.
감사합니다!!",kr.co.kbc.cha.android,5.0.3
Android,Sang-min Jeong,5,,중고차 관련 정보의 불균형 문제 등으로 신뢰도가 낮은데.. KB차차차 서비스를 통해 중고차 시장에 대한 신뢰할수있는 정보를 얻을 수 있어 매우 유용하게 생각합니다. 최고최고,2024-12-16 17:08:11,0.0,"안녕하세요 고객님, KB차차차입니다. 소중한 리뷰 남겨주셔서 감사합니다. KB차차차는 무엇보다도 고객님께서 어렵게 느껴지는
중고차를 쉽고 편하게 거래하실 수 있도록 도와드리는 것을 목표로 하고 있습니다 :) 미션 콤플릿 할 때까지 옆에
꼭 있어주실거죠~? 간편하지만 든든한! 중고차 플랫폼 KB차차차가 되기 위해 열일하겠습니다. 앞으로도 많은 이용 부탁드립니다.
감사합니다!!",kr.co.kbc.cha.android,5.0.3
Android,utopiashell park,5,,우선 중고차종 자체가 풀이 굉장히 많은것 같아서 놀랐어요. 차팔기도 해봤는데 간편하고 좋았습니다만 신뢰성이 있는지 의문이 드는점은 있습니다.,2024-12-16 17:03:11,0.0,"안녕하세요 고객님, KB차차차입니다. 소중한 리뷰 남겨주셔서 감사합니다. KB차차차가 제공하는 시세는 믿을 수 있는 AI 기반의
국민시세로 고객님께서 든든하게 이용하실 수 있습니다 :) 또한 실차주 마크 차량은 허위매물 걱정 없는 매물로 더욱 믿고
이용하실 수 있겠죠? 앞으로도 많은 관심 부탁드립니다. 감사합니다!",kr.co.kbc.cha.android,5.0.0
Android,장호진,5,,믿고 사용할 수 있는 중고차어플은 많지 않아요. 그 믿고쓰기 어려운 중고차시장에 믿을만한 KB차차차 라고 생각합니다.,2024-12-16 17:02:41,0.0,"안녕하세요 고객님, KB차차차입니다. 소중한 리뷰 남겨주셔서 감사합니다. KB차차차가 제공하는 시세는 믿을 수 있는 AI 기반의
국민시세로 고객님께서 든든하게 이용하실 수 있습니다 :) 또한 실차주 마크 차량은 허위매물 걱정 없는 매물로 더욱 믿고
이용하실 수 있겠죠? 앞으로도 많은 관심 부탁드립니다. 감사합니다!",kr.co.kbc.cha.android,5.0.3
Android,그대에게,5,,KB차차차 앱으로 내차팔기도 쉽고 중고차와 KB진단으로 차에 관한 정보를 쉽게 볼수가 있어서 좋더라고요. 견적내서 다른차와 비교도 가능해 지금 내차의 값어치를 알수있어서 좋아요,2024-12-16 17:02:16,0.0,"안녕하세요 고객님, KB차차차입니다. 소중한 리뷰 남겨주셔서 감사합니다. KB차차차가 제공하는 시세는 믿을 수 있는 AI 기반의
국민시세로 고객님께서 든든하게 이용하실 수 있습니다 :) 또한 실차주 마크 차량은 허위매물 걱정 없는 매물로 더욱 믿고
이용하실 수 있겠죠? 앞으로도 많은 관심 부탁드립니다. 감사합니다!",kr.co.kbc.cha.android,5.0.3
Android,이제현,5,,앱이 사용하기 편합니다. 내차를 팔때 편리하게 이용할수있을꺼 같습니다.,2024-12-16 16:50:25,0.0,"안녕하세요 고객님, KB차차차입니다. 소중한 리뷰 남겨주셔서 감사합니다. KB차차차가 제공하는 시세는 믿을 수 있는 AI 기반의
국민시세로 고객님께서 든든하게 이용하실 수 있습니다 :) 또한 실차주 마크 차량은 허위매물 걱정 없는 매물로 더욱 믿고
이용하실 수 있겠죠? 앞으로도 많은 관심 부탁드립니다. 감사합니다!",kr.co.kbc.cha.android,5.0.3
Android,김동혁,5,,내 차 시세 실시간 비교해 볼 수 있어 좋아요~ 허위 매물 딜러 거의 없어 신뢰할 수 있어요^^,2024-12-16 16:46:12,0.0,"안녕하세요 고객님, KB차차차입니다. 소중한 리뷰 남겨주셔서 감사합니다. KB차차차가 제공하는 시세는 믿을 수 있는 AI 기반의
국민시세로 고객님께서 든든하게 이용하실 수 있습니다 :) 또한 실차주 마크 차량은 허위매물 걱정 없는 매물로 더욱 믿고
이용하실 수 있겠죠? 앞으로도 많은 관심 부탁드립니다. 감사합니다!",kr.co.kbc.cha.android,
Android,박현희,5,,앱이 이용하기 편하게 설정되어있어 만족합니다.,2024-12-16 16:45:04,1.0,"안녕하세요 고객님, KB차차차입니다. 소중한 리뷰 남겨주셔서 감사합니다. KB차차차가 제공하는 시세는 믿을 수 있는 AI 기반의
국민시세로 고객님께서 든든하게 이용하실 수 있습니다 :) 또한 실차주 마크 차량은 허위매물 걱정 없는 매물로 더욱 믿고
이용하실 수 있겠죠? 앞으로도 많은 관심 부탁드립니다. 감사합니다!",kr.co.kbc.cha.android,5.0.3
Android,정미옥ᅳ,5,,중고차 시세 조회할때 잘 쓰고 있습니다 가끔 로그인이 잘 안될때가 있어서 그건 좀 불편했어요,2024-12-16 16:38:46,1.0,,kr.co.kbc.cha.android,5.0.0
Android,이정민,5,,다른 중고차 앱들이 구매 혹은 판매 한쪽에 전문적으로 특화되어 있는데 비해 KB차차차는 그 특화된 앱들이 제공하는 서비스는 모두 가져가면서도 구매와 판매 모두를 챙길수 있다는 점이 앱을 계속 쓰게하는 메리트로 다가옵니다 계속 업데이트 되면서 편의성이 좋아지는 점도 칭찬해요 기능이 많아지면서도 앱 속도는 유지하고 있고 혜택도 많아지고 있어서 만족하고 추천합니다 점점 이벤트도 많아져서 매일 들어가게 되는 앱이네요,2024-12-16 16:34:38,47.0,"안녕하세요 이정민 고객님, KB차차차입니다. 칭찬, 진심으로 감사드립니다 ^^ KB차차차는 고객님들께서 보다 쉽고 편리하게 중고차를 거래하실 수 있도록 다양한 서비스를 통해 도와드리고 있어요. 요즘처럼 비대면거래가 중요한 때! 차차차를 통해 중고차를 거래해보세요. 국내 최다매물 앱으로 쉽게 찾아보시고 구매하고자 하는 차량은 방문예약해주신다면 대면을 최소화 할 수 있겠죠? 소중한 리뷰 감사드리고 앞으로도 KB차차차에 많은 사랑과 관심 부탁드립니다. 감사합니다.",kr.co.kbc.cha.android,5.0.3
Android,최현수,5,,중고차 시세를 한번에 알수 있어서 너무 쉽고 편리해요,2024-12-16 16:27:03,0.0,"안녕하세요 고객님, KB차차차입니다. 소중한 리뷰 남겨주셔서 감사합니다. KB차차차가 제공하는 시세는 믿을 수 있는 AI 기반의
국민시세로 고객님께서 든든하게 이용하실 수 있습니다 :) 또한 실차주 마크 차량은 허위매물 걱정 없는 매물로 더욱 믿고
이용하실 수 있겠죠? 앞으로도 많은 관심 부탁드립니다. 감사합니다!",kr.co.kbc.cha.android,5.0.3
Android,hwajung lee,5,,보기좋게 되어있고 차를 사고 팔때 사용하기 좋습니다. 도움이 많이 되었어요.,2024-12-16 16:26:49,0.0,"안녕하세요 고객님, KB차차차입니다. 소중한 리뷰 남겨주셔서 감사합니다. KB차차차가 제공하는 시세는 믿을 수 있는 AI 기반의
국민시세로 고객님께서 든든하게 이용하실 수 있습니다 :) 또한 실차주 마크 차량은 허위매물 걱정 없는 매물로 더욱 믿고
이용하실 수 있겠죠? 앞으로도 많은 관심 부탁드립니다. 감사합니다!",kr.co.kbc.cha.android,5.0.3
Android,Hyekyeong Keon,5,,앱이 빠르게실행되서 일단 너무좋네요 메뉴도 가독성좋게 깔끔하게 배열되어있어 검색및 실행이 편합니다 예산에 맞추어 미리 시뮬레이션해볼수도 있어 참만족스럽습니다,2024-12-16 16:23:15,0.0,"안녕하세요 고객님, KB차차차입니다. 소중한 리뷰 남겨주셔서 감사합니다. KB차차차가 제공하는 시세는 믿을 수 있는 AI 기반의
국민시세로 고객님께서 든든하게 이용하실 수 있습니다 :) 또한 실차주 마크 차량은 허위매물 걱정 없는 매물로 더욱 믿고
이용하실 수 있겠죠? 앞으로도 많은 관심 부탁드립니다. 감사합니다!",kr.co.kbc.cha.android,5.0.3
Android,파티스타,4,,앱 구동도 잘되구요 디자인도 세련되서 자꾸 들어가고 싶습니다,2024-12-16 16:21:54,0.0,"안녕하세요 고객님, KB차차차입니다. 소중한 리뷰 남겨주셔서 감사합니다. KB차차차가 제공하는 시세는 믿을 수 있는 AI 기반의
국민시세로 고객님께서 든든하게 이용하실 수 있습니다 :) 또한 실차주 마크 차량은 허위매물 걱정 없는 매물로 더욱 믿고
이용하실 수 있겠죠? 앞으로도 많은 관심 부탁드립니다. 감사합니다!",kr.co.kbc.cha.android,5.0.3
Android,gml,1,,버벅거림,2024-12-16 16:19:58,0.0,"안녕하세요 고객님, KB차차차입니다. 우선 KB차차차 이용에 불편을 드려 대단히 죄송합니다. 오류가 발생할 경우 KB차차차
대표번호 1670-4777로 연락주시면 최선을 다해 도와드리도록 하겠습니다. 다시 한 번 이용에 불편을 드려 대단히 죄송합니다.
감사합니다.
",kr.co.kbc.cha.android,5.0.3
Android,sangje lee,5,,유용합니다 ㅎ,2024-12-16 16:17:55,0.0,"안녕하세요 고객님, KB차차차입니다. 소중한 리뷰 남겨주셔서 감사합니다. KB차차차가 제공하는 시세는 믿을 수 있는 AI 기반의
국민시세로 고객님께서 든든하게 이용하실 수 있습니다 :) 또한 실차주 마크 차량은 허위매물 걱정 없는 매물로 더욱 믿고
이용하실 수 있겠죠? 앞으로도 많은 관심 부탁드립니다. 감사합니다!",kr.co.kbc.cha.android,5.0.3
Android,김채이,5,,너무 편리하고 이용하고 편합니다,2024-12-16 16:16:34,0.0,"안녕하세요 고객님, KB차차차입니다. 소중한 리뷰 남겨주셔서 감사합니다. KB차차차가 제공하는 시세는 믿을 수 있는 AI 기반의
국민시세로 고객님께서 든든하게 이용하실 수 있습니다 :) 또한 실차주 마크 차량은 허위매물 걱정 없는 매물로 더욱 믿고
이용하실 수 있겠죠? 앞으로도 많은 관심 부탁드립니다. 감사합니다!",kr.co.kbc.cha.android,5.0.3
Android,장현후,5,,매물도 많고 앱도 보기 좋아요 ㅎ 자주 애용합니다,2024-12-16 16:10:49,0.0,"안녕하세요 고객님, KB차차차입니다. 소중한 리뷰 남겨주셔서 감사합니다. KB차차차가 제공하는 시세는 믿을 수 있는 AI 기반의
국민시세로 고객님께서 든든하게 이용하실 수 있습니다 :) 또한 실차주 마크 차량은 허위매물 걱정 없는 매물로 더욱 믿고
이용하실 수 있겠죠? 앞으로도 많은 관심 부탁드립니다. 감사합니다!",kr.co.kbc.cha.android,5.0.3
Android,윤정근,5,,최고의 앱인것 같습니다^^,2024-12-16 16:10:24,0.0,"안녕하세요 고객님, KB차차차입니다. 소중한 리뷰 남겨주셔서 감사합니다. KB차차차가 제공하는 시세는 믿을 수 있는 AI 기반의
국민시세로 고객님께서 든든하게 이용하실 수 있습니다 :) 또한 실차주 마크 차량은 허위매물 걱정 없는 매물로 더욱 믿고
이용하실 수 있겠죠? 앞으로도 많은 관심 부탁드립니다. 감사합니다!",kr.co.kbc.cha.android,5.0.3
Android,mypuredevil,5,,보기 편해서 제일 많이 이용하고 있습니다!,2024-12-16 16:09:48,2.0,"안녕하세요 고객님, KB차차차입니다. 국내 최다 매물을 보유한 KB차차차에서는 편리한 검색기능도 함께 갖추어 원하시는 차량을
보다 쉽고 편리하게 찾아보실 수 있습니다!! 소중한 의견 감사드리고 보다 나은 서비스 제공을 위해
더욱 노력하는 KB차차차 될 것을 약속드립니다. 감사합니다. :)
",kr.co.kbc.cha.android,4.9.12
Android,현이,5,,KB그룹이라 신뢰가는 앱이에요 이벤트 좀더 많으면 좋겠네요,2024-12-16 16:06:42,0.0,"안녕하세요 고객님, KB차차차입니다. 국내 최다 매물을 보유한 KB차차차에서는 편리한 검색기능도 함께 갖추어 원하시는 차량을
보다 쉽고 편리하게 찾아보실 수 있습니다!! 소중한 의견 감사드리고 보다 나은 서비스 제공을 위해
더욱 노력하는 KB차차차 될 것을 약속드립니다. 감사합니다. :)
",kr.co.kbc.cha.android,
Android,Kunheesom Kim,5,,"중고차 구입 시 필요한 편의 기능들이 잘 정리되어 있고 화면구성도 복잡하지 않게 레이아웃이 깔끔해서 앱 사용 시 부담이 없어요 단, 등록된 매물의 신뢰성은 아직 좀 미흡한 부분이 종종 보입니다",2024-12-16 16:06:29,3.0,"안녕하세요 고객님, KB차차차입니다. 국내 최다 매물을 보유한 KB차차차에서는 편리한 검색기능도 함께 갖추어 원하시는 차량을
보다 쉽고 편리하게 찾아보실 수 있습니다!! 소중한 의견 감사드리고 보다 나은 서비스 제공을 위해
더욱 노력하는 KB차차차 될 것을 약속드립니다. 감사합니다. :)
",kr.co.kbc.cha.android,5.0.3
Android,hy roh,5,,잘 사용 중. 소유주 아니어도 사용 가능하면 좋겠어요,2024-12-16 16:05:19,1.0,"안녕하세요 고객님, KB차차차입니다. 국내 최다 매물을 보유한 KB차차차에서는 편리한 검색기능도 함께 갖추어 원하시는 차량을
보다 쉽고 편리하게 찾아보실 수 있습니다!! 소중한 의견 감사드리고 보다 나은 서비스 제공을 위해
더욱 노력하는 KB차차차 될 것을 약속드립니다. 감사합니다. :)
",kr.co.kbc.cha.android,4.7.8
Android,형준,5,,잘 사용하고 있습니다,2024-12-16 16:04:53,1.0,"안녕하세요 고객님, KB차차차입니다. 국내 최다 매물을 보유한 KB차차차에서는 편리한 검색기능도 함께 갖추어 원하시는 차량을
보다 쉽고 편리하게 찾아보실 수 있습니다!! 소중한 의견 감사드리고 보다 나은 서비스 제공을 위해
더욱 노력하는 KB차차차 될 것을 약속드립니다. 감사합니다. :)
",kr.co.kbc.cha.android,5.0.0
Android,Huijeong Ji,5,,포인트 모으는 재미가 있어요.,2024-12-16 16:03:33,0.0,"안녕하세요 고객님, KB차차차입니다. 국내 최다 매물을 보유한 KB차차차에서는 편리한 검색기능도 함께 갖추어 원하시는 차량을
보다 쉽고 편리하게 찾아보실 수 있습니다!! 소중한 의견 감사드리고 보다 나은 서비스 제공을 위해
더욱 노력하는 KB차차차 될 것을 약속드립니다. 감사합니다. :)
",kr.co.kbc.cha.android,4.9.2
Android,제이,5,,차시세를 바로 알수있는 좋은 앱,2024-12-16 16:02:00,0.0,"안녕하세요 고객님, KB차차차입니다. 국내 최다 매물을 보유한 KB차차차에서는 편리한 검색기능도 함께 갖추어 원하시는 차량을
보다 쉽고 편리하게 찾아보실 수 있습니다!! 소중한 의견 감사드리고 보다 나은 서비스 제공을 위해
더욱 노력하는 KB차차차 될 것을 약속드립니다. 감사합니다. :)
",kr.co.kbc.cha.android,
Android,박효일,5,,좋아요좋아요,2024-12-14 18:09:11,0.0,"안녕하세요 고객님, KB차차차입니다. 국내 최다 매물을 보유한 KB차차차에서는 편리한 검색기능도 함께 갖추어 원하시는 차량을
보다 쉽고 편리하게 찾아보실 수 있습니다!! 소중한 의견 감사드리고 보다 나은 서비스 제공을 위해
더욱 노력하는 KB차차차 될 것을 약속드립니다. 감사합니다. :)
",kr.co.kbc.cha.android,5.0.0
Android,부도옹,1,,갤럭시 S24 울트라 최신형 폰이고 와이파이 아니고 통신사 데이터만 쓰는데도 엔카에 비해 너무 느림 한참 기다려야 해당 페이지로 넘어감,2024-12-14 11:47:03,0.0,"안녕하세요 고객님, KB차차차입니다. 우선 KB차차차 이용에 불편을 드려 대단히 죄송합니다. 오류가 발생할 경우 KB차차차
대표번호 1670-4777로 연락주시면 최선을 다해 도와드리도록 하겠습니다. 다시 한 번 이용에 불편을 드려 대단히 죄송합니다.
감사합니다.",kr.co.kbc.cha.android,5.0.3
Android,Jihye Park,5,,편리하고 다양한 매물!!최고의앱,2024-12-11 22:37:51,0.0,"안녕하세요 고객님, KB차차차입니다. 칭찬, 진심으로 감사드립니다 ^^ KB차차차는 고객님들께서 보다 쉽고 편리하게 중고차를
거래하실 수 있도록 다양한 서비스를 통해 도와드리고 있어요.
소중한 리뷰 감사드리고 앞으로도 KB차차차에 많은 사랑과 관심 부탁드립니다. 감사합니다",kr.co.kbc.cha.android,5.0.3
Android,유혜미,5,,중고차 정보를 빠르게 알 수 있고 내 차 팔때도 빠른 처리가 마음에 듭니다. 이벤트도 많아서 좋네요!!😁👍👍,2024-12-11 22:24:35,0.0,"안녕하세요 고객님, KB차차차입니다. 국내 최다 매물을 보유한 KB차차차에서는 편리한 검색기능도 함께 갖추어 원하시는 차량을
보다 쉽고 편리하게 찾아보실 수 있습니다!! 소중한 의견 감사드리고 보다 나은 서비스 제공을 위해
더욱 노력하는 KB차차차 될 것을 약속드립니다. 감사합니다. :)",kr.co.kbc.cha.android,5.0.3
Android,신미정,5,,KB차차차 앱은 KB라 그런지 믿음이 갑니다.,2024-12-11 20:59:23,0.0,"안녕하세요 고객님, KB차차차입니다. 국내 최다 매물을 보유한 KB차차차에서는 편리한 검색기능도 함께 갖추어 원하시는 차량을
보다 쉽고 편리하게 찾아보실 수 있습니다!! 소중한 의견 감사드리고 보다 나은 서비스 제공을 위해
더욱 노력하는 KB차차차 될 것을 약속드립니다. 감사합니다. :)",kr.co.kbc.cha.android,5.0.0
Android,최영규,5,,보기 쉬운 UI로 가끔 들어와서 검색을 해보는데 쉽고 알아보기 좋은게 특징인거 같습니다. 궁금하고 이용할 일이 있을때마다 찾아보고 있습니다. 좋아요ㅎ,2024-12-11 20:43:40,3.0,"안녕하세요 고객님, KB차차차입니다. 국내 최다 매물을 보유한 KB차차차에서는 편리한 검색기능도 함께 갖추어 원하시는 차량을
보다 쉽고 편리하게 찾아보실 수 있습니다!! 소중한 의견 감사드리고 보다 나은 서비스 제공을 위해
더욱 노력하는 KB차차차 될 것을 약속드립니다. 감사합니다. :)",kr.co.kbc.cha.android,5.0.3
Android,누뚜웅,5,,차차차를 이용해본결과 차차차는 간단한 입력만으로 내가생각하는 조건에 맞는차를 손쉽게 찾아볼수있다는게 큰 장점정인거 같고 KB캐피탈 도움으로 원하는 차사고싶을때 금적적으로 부담도 줄일수있고 내차 구입 또 판매도 한번에 할수있으니 아주 편리한 어플인거 같아요,2024-12-11 20:15:50,3.0,"안녕하세요 고객님, KB차차차입니다. 국내 최다 매물을 보유한 KB차차차에서는 편리한 검색기능도 함께 갖추어 원하시는 차량을
보다 쉽고 편리하게 찾아보실 수 있습니다!! 소중한 의견 감사드리고 보다 나은 서비스 제공을 위해
더욱 노력하는 KB차차차 될 것을 약속드립니다. 감사합니다. :)",kr.co.kbc.cha.android,5.0.3
Android,장우진,5,,앱 사용이 편리하고 원하는 메뉴나 기능을 찾기가 슀고 다양한 매물과 내 차의 견적을 볼 수 있어서 좋은것 같아요.매일 이벤트도 참여하고 있습니다.조금 아쉬운건 kb코인을 좀더 다양하게 사용가능하면 좋을것 같습니다,2024-12-11 20:01:47,1.0,"안녕하세요 고객님, KB차차차입니다.KB차차차 이용, 편리하셨나요? 그럼요그럼요 KB차차차에서는 내 차 팔때 간편한 등록으로 무려 3백여명의 슈퍼딜러들에게 비교견적을 받아볼 수 있는 팔아줘차차차! 뿐 아니라 새로워진 KB차차차에서는 각종 비용없이 직접 등록하여 직접 판매하는 직거래차차차까지 만나보실 수 있으시답니다! KB차차차에서 보다 높은 가격에 내 차 팔기, 도전해보세요!",kr.co.kbc.cha.android,4.7.6
Android,EUNBIN KIM,4,,좋아요 잘 사용하고있어요,2024-12-11 19:23:19,0.0,"안녕하세요 고객님, KB차차차입니다. 국내 최다 매물을 보유한 KB차차차에서는 편리한 검색기능도 함께 갖추어 원하시는 차량을
보다 쉽고 편리하게 찾아보실 수 있습니다!! 소중한 의견 감사드리고 보다 나은 서비스 제공을 위해
더욱 노력하는 KB차차차 될 것을 약속드립니다. 감사합니다. :)",kr.co.kbc.cha.android,
Android,정태양,5,,중고차 비교검색해서 보기 편하네요. 가능한 예산으로 검색할 수도 있어서 좋아요. 더 많은 매물이 있으면 좋겠어요~,2024-12-11 19:07:54,0.0,"안녕하세요 고객님, KB차차차입니다. 국내 최다 매물을 보유한 KB차차차에서는 편리한 검색기능도 함께 갖추어 원하시는 차량을
보다 쉽고 편리하게 찾아보실 수 있습니다!! 소중한 의견 감사드리고 보다 나은 서비스 제공을 위해
더욱 노력하는 KB차차차 될 것을 약속드립니다. 감사합니다. :)",kr.co.kbc.cha.android,4.9.12
Android,박태혁,3,,엔카보다좀더 허위매물이적은것같아요아직까진~ 근대여기서차를구매한적이있는대~행사하면 구매확정 뭐 그런건업내요 차를구매한지않한건지 이력구분이부족하내요~그리고 이벤트 포인트 당채 어디에 써야 돼나요..,2024-12-11 18:43:59,0.0,"안녕하세요 고객님, KB차차차입니다. 국내 최다 매물을 보유한 KB차차차에서는 편리한 검색기능도 함께 갖추어 원하시는 차량을
보다 쉽고 편리하게 찾아보실 수 있습니다!! 소중한 의견 감사드리고 보다 나은 서비스 제공을 위해
더욱 노력하는 KB차차차 될 것을 약속드립니다. 감사합니다. :)",kr.co.kbc.cha.android,5.0.3
Android,kb kb,5,,"KB차차차 앱을 사용해 중고차를 검색하고 구매해 봤는데, 정말 편리했습니다. 인터페이스가 직관적이라 초보자도 쉽게 이용할 수 있고, 차량 정보를 상세히 확인할 수 있는 점이 좋았습니다. 특히 믿을 수 있는 딜러 정보와 KB의 신뢰성을 바탕으로 안심하고 거래할 수 있었어요.",2024-12-11 18:10:26,10.0,"안녕하세요 고객님, KB차차차입니다. 국내 최다 매물을 보유한 KB차차차에서는 편리한 검색기능도 함께 갖추어 원하시는 차량을
보다 쉽고 편리하게 찾아보실 수 있습니다!! 소중한 의견 감사드리고 보다 나은 서비스 제공을 위해
더욱 노력하는 KB차차차 될 것을 약속드립니다. 감사합니다. :)",kr.co.kbc.cha.android,5.0.3
Android,최은영,5,,중고 차 사고 팔고엔 차차차!!!,2024-12-11 17:40:13,0.0,"안녕하세요 고객님, KB차차차입니다. 소중한 리뷰 남겨주셔서 감사합니다. KB차차차가 제공하는 시세는 믿을 수 있는 AI 기반의
국민시세로 고객님께서 든든하게 이용하실 수 있습니다 :) 또한 실차주 마크 차량은 허위매물 걱정 없는 매물로 더욱 믿고
이용하실 수 있겠죠? 앞으로도 많은 관심 부탁드립니다. 감사합니다!",kr.co.kbc.cha.android,5.0.3
Android,김유진,5,,믿고 거래할수있는 사이트같아요 중고차쉽게 검색도 하고 거래까지 신속정확,2024-12-11 17:39:13,0.0,"안녕하세요 고객님, KB차차차입니다. 소중한 리뷰 남겨주셔서 감사합니다. KB차차차가 제공하는 시세는 믿을 수 있는 AI 기반의
국민시세로 고객님께서 든든하게 이용하실 수 있습니다 :) 또한 실차주 마크 차량은 허위매물 걱정 없는 매물로 더욱 믿고
이용하실 수 있겠죠? 앞으로도 많은 관심 부탁드립니다. 감사합니다!",kr.co.kbc.cha.android,5.0.3
Android,신희선,5,,초보운전자도 쉽게 검색하고 찾아볼수있어서 좋아요. 중고차 정보검색에 다양한 매물을 알아볼수있어서 좋은것같아요.,2024-12-11 17:33:16,0.0,"안녕하세요 고객님, KB차차차입니다. 소중한 리뷰 남겨주셔서 감사합니다. KB차차차가 제공하는 시세는 믿을 수 있는 AI 기반의
국민시세로 고객님께서 든든하게 이용하실 수 있습니다 :) 또한 실차주 마크 차량은 허위매물 걱정 없는 매물로 더욱 믿고
이용하실 수 있겠죠? 앞으로도 많은 관심 부탁드립니다. 감사합니다!",kr.co.kbc.cha.android,
Android,SU K,5,,"아직 중고차, 내차를 팔아보진 않았지만 정보 잘 얻고 있어요 이벤트도 많이 했으면 좋겠어요ㅎㅎ",2024-12-11 17:04:15,0.0,"안녕하세요 고객님, KB차차차입니다. 소중한 리뷰 남겨주셔서 감사합니다. KB차차차가 제공하는 시세는 믿을 수 있는 AI 기반의
국민시세로 고객님께서 든든하게 이용하실 수 있습니다 :) 또한 실차주 마크 차량은 허위매물 걱정 없는 매물로 더욱 믿고
이용하실 수 있겠죠? 앞으로도 많은 관심 부탁드립니다. 감사합니다!",kr.co.kbc.cha.android,5.0.3
Android,율이,5,,KB차차차에서 중고차를 즐겨보았고 다른 사이트보다 꼼꼼하고 가격도 저렴해 믿고 보았습니다 주거래은행이 국민은행이라 더 신뢰하구요 중고차구입시에도 KB캐피탈을 통해 다른 금융권보다 저렴한 금리에 구입하였습니다 담에 다시 차 구입시에도 KB차차차를 이용할겁니다 감사합니다,2024-12-11 16:57:16,0.0,"안녕하세요 고객님, KB차차차입니다. 소중한 리뷰 남겨주셔서 감사합니다. KB차차차가 제공하는 시세는 믿을 수 있는 AI 기반의
국민시세로 고객님께서 든든하게 이용하실 수 있습니다 :) 또한 실차주 마크 차량은 허위매물 걱정 없는 매물로 더욱 믿고
이용하실 수 있겠죠? 앞으로도 많은 관심 부탁드립니다. 감사합니다!",kr.co.kbc.cha.android,5.0.3
Android,다희,5,,"내 차 중고 가격을 쉽게 알고 있고, 관심있는 차들의 중고시세를 알 수 있어서 좋네요.",2024-12-11 16:57:06,0.0,"안녕하세요 고객님, KB차차차입니다. 소중한 리뷰 남겨주셔서 감사합니다. KB차차차가 제공하는 시세는 믿을 수 있는 AI 기반의
국민시세로 고객님께서 든든하게 이용하실 수 있습니다 :) 또한 실차주 마크 차량은 허위매물 걱정 없는 매물로 더욱 믿고
이용하실 수 있겠죠? 앞으로도 많은 관심 부탁드립니다. 감사합니다!",kr.co.kbc.cha.android,5.0.3
Android,이은정,5,,중고차에 대해서 잘 알수있어서 좋아요~ 앱도 편해요,2024-12-11 16:55:47,0.0,"안녕하세요 고객님, KB차차차입니다. 소중한 리뷰 남겨주셔서 감사합니다. KB차차차가 제공하는 시세는 믿을 수 있는 AI 기반의
국민시세로 고객님께서 든든하게 이용하실 수 있습니다 :) 또한 실차주 마크 차량은 허위매물 걱정 없는 매물로 더욱 믿고
이용하실 수 있겠죠? 앞으로도 많은 관심 부탁드립니다. 감사합니다!",kr.co.kbc.cha.android,5.0.3
Android,Y W,5,,앱 속도가 빠르고 검색이 편해 좋습니다,2024-12-11 16:40:35,0.0,"안녕하세요 고객님, KB차차차입니다. 소중한 리뷰 남겨주셔서 감사합니다. KB차차차가 제공하는 시세는 믿을 수 있는 AI 기반의
국민시세로 고객님께서 든든하게 이용하실 수 있습니다 :) 또한 실차주 마크 차량은 허위매물 걱정 없는 매물로 더욱 믿고
이용하실 수 있겠죠? 앞으로도 많은 관심 부탁드립니다. 감사합니다!",kr.co.kbc.cha.android,5.0.3
Android,박선민,5,,정보가 많고 알차요 최고에요,2024-12-11 16:27:50,0.0,"안녕하세요 고객님, KB차차차입니다. 소중한 리뷰 남겨주셔서 감사합니다. KB차차차가 제공하는 시세는 믿을 수 있는 AI 기반의
국민시세로 고객님께서 든든하게 이용하실 수 있습니다 :) 또한 실차주 마크 차량은 허위매물 걱정 없는 매물로 더욱 믿고
이용하실 수 있겠죠? 앞으로도 많은 관심 부탁드립니다. 감사합니다!",kr.co.kbc.cha.android,5.0.3
Android,yunki kim,5,,타 중고차 플랫폼 보다 좋아요 !!!,2024-12-11 16:27:40,0.0,"안녕하세요 고객님, KB차차차입니다. KB차차차는 비대면 거래를 전폭적으로 지원해드리고 있습니다.
집에서 차량을 구매할 수 있는 홈배송 서비스, 딜러가 직접 방문하여 고객님의 차량을 판매할 수 있는 팔아줘 차차차 등
고객님의 입장에서 편리함을 제공하고 있는거 맞죠?
다양한 이벤트도 진행하고 있으니 계속 차차차에 많은 관심과 이용 부탁드립니다! 감사합니다 :)",kr.co.kbc.cha.android,5.0.3
Android,박소현,5,,내차 사고팔기 정보만 넣으면 간단해요! 차에 대해 정보도 얻고 너무 편리하네요👍,2024-12-11 16:27:04,1.0,"안녕하세요 고객님, KB차차차입니다. KB차차차 이용이 편리하셨나요? KB차차차에서는 내 차 팔기도! 사기도! 완전 편리하게 이용하실 수 있다구요! 간단한 조건만 입력해주시면 딜러가 견적을 뙇뙇 내어드리는 팔아줘차차차부터 원하는 차량, 내차와 바꿔달라고 요청하실 수 있는 바꿔줘차차차까지! 이외에도 구해줘, 직거래, 보내줘차차차까지 이용하실 수 있으니 이 엇디 편리하지아니하리잇고~! KB차차차와 함께, 슬기로운 중고차생활을 영위해보세요~!",kr.co.kbc.cha.android,5.0.3
Android,휘파람,5,,제1금융의 대표격인 kb에서 하는거니 일단 믿음이 갑니다 Kb진단 중고차에서 전문가가 직접 진단한 무사고차량도 확인이 가능하다니 대박이죠 거기다가 내가 지금 가지고 있는 예산을 파악해주어 그에맞는 차량을 추천해주니 카푸어가 웬말이냐고용~~ 또 내가 원하는 차의 시세를 쉽게 알수있고 홈배송까지 되네요 정말세상 좋아졌어요!!^^,2024-12-11 16:26:56,1.0,"안녕하세요 고객님, KB차차차입니다. KB차차차는 비대면 거래를 전폭적으로 지원해드리고 있습니다.
집에서 차량을 구매할 수 있는 홈배송 서비스, 딜러가 직접 방문하여 고객님의 차량을 판매할 수 있는 팔아줘 차차차 등
고객님의 입장에서 편리함을 제공하고 있는거 맞죠?
다양한 이벤트도 진행하고 있으니 계속 차차차에 많은 관심과 이용 부탁드립니다! 감사합니다 :)",kr.co.kbc.cha.android,5.0.3
Android,앙마,5,,중고차거래 할때 최고의 앱입니다.,2024-12-11 16:26:54,0.0,"안녕하세요 고객님, KB차차차입니다. KB차차차에서는 고객님들께서 안심하고 차량을 거래하실 수 있도록 다양한 서비스를
제공해 드리고 있습니다. 앞으로도 고객님들이 만족하는 플랫폼이 되도록 노력하겠습니다!
소중한 의견 감사 드리며 앞으로도 KB차차차 많은 이용과 관심 부탁 드립니다.",kr.co.kbc.cha.android,5.0.3
Android,참외가족TV,5,,중고차 알아보기에 좋은 앱입니다,2024-12-11 16:23:07,0.0,"안녕하세요 고객님, KB차차차입니다. KB차차차에서는 고객님들께서 안심하고 차량을 거래하실 수 있도록 다양한 서비스를
제공해 드리고 있습니다. 앞으로도 고객님들이 만족하는 플랫폼이 되도록 노력하겠습니다!
소중한 의견 감사 드리며 앞으로도 KB차차차 많은 이용과 관심 부탁 드립니다.",kr.co.kbc.cha.android,5.0.3
Android,배민철민,5,,중고차를 관심 있어하는 사람들에게 필수앱입니다 초보자도 쉽게 이용할수 있어서 추천드립니다,2024-12-11 16:21:30,0.0,"안녕하세요 고객님, KB차차차입니다. KB차차차에서는 고객님들께서 안심하고 차량을 거래하실 수 있도록 다양한 서비스를
제공해 드리고 있습니다. 앞으로도 고객님들이 만족하는 플랫폼이 되도록 노력하겠습니다!
소중한 의견 감사 드리며 앞으로도 KB차차차 많은 이용과 관심 부탁 드립니다.",kr.co.kbc.cha.android,5.0.3
Android,나인,5,,이벤트도많고 앱 잘 사용하고있어요 다만 앱이 조금 느리다는 느낌은 있네요,2024-12-11 16:20:14,0.0,"안녕하세요 고객님, KB차차차입니다. 차차차에서는 이벤트 뿐만 아니라 다양한 차량 정보를 제공하고 있습니다. 중고차 구매하실 땐 KB차차차,
이용 부탁드리겠습니다! 감사합니다 :)",kr.co.kbc.cha.android,5.0.3
Android,따뜻한봄봄,4,,앱에서 편하게 중고차 시세 가격을 편하게 조회할 수 있어서 좋네요.,2024-12-11 16:19:30,0.0,"안녕하세요 고객님, KB차차차입니다. 차차차에서는 이벤트 뿐만 아니라 다양한 차량 정보를 제공하고 있습니다. 중고차 구매하실 땐 KB차차차,
이용 부탁드리겠습니다! 감사합니다 :)",kr.co.kbc.cha.android,
Android,seyun song,5,,중고차는 무조건 KB차차차에세 봅니다 가격저렴하고 내용깔끔하고 앱이 보기좋게 잘만들어진거같습니다,2024-12-11 16:18:22,0.0,"안녕하세요 고객님, KB차차차입니다. 차차차에서는 이벤트 뿐만 아니라 다양한 차량 정보를 제공하고 있습니다. 중고차 구매하실 땐 KB차차차,
이용 부탁드리겠습니다! 감사합니다 :)",kr.co.kbc.cha.android,5.0.3
Android,minjung kang,5,,"kb차차차앱은 중고차 거래를 손쉽게 할 수 있게 도와주는 정말 편리한 앱입니다. 차량 검색과 비교가 간편하며, 상세한 차량 정보와 리뷰 덕분에 신뢰할 수 있는 선택을 할 수 있었습니다. 특히, 사용하기 쉬운 인터페이스와 다양한 필터 기능이 큰 장점입니다. 편리하게 잘 사용하고 있습니다",2024-12-11 16:16:51,61.0,"안녕하세요 고객님, KB차차차입니다. 차차차에서는 이벤트 뿐만 아니라 다양한 차량 정보를 제공하고 있습니다. 중고차 구매하실 땐 KB차차차,
이용 부탁드리겠습니다! 감사합니다 :)",kr.co.kbc.cha.android,5.0.3
Android,이상훈,5,,간편합니다 직관적이고 사용도 편리함,2024-12-11 16:16:50,0.0,"안녕하세요 고객님, KB차차차입니다. 차차차에서는 이벤트 뿐만 아니라 다양한 차량 정보를 제공하고 있습니다. 중고차 구매하실 땐 KB차차차,
이용 부탁드리겠습니다! 감사합니다 :)",kr.co.kbc.cha.android,5.0.3
Android,SUNG IN KANG,5,,차량 검색이 용이하고 매물이 많아서 선택하기 좋아요.,2024-12-11 16:13:47,0.0,"안녕하세요 고객님, KB차차차입니다. 차차차에서는 이벤트 뿐만 아니라 다양한 차량 정보를 제공하고 있습니다. 중고차 구매하실 땐 KB차차차,
이용 부탁드리겠습니다! 감사합니다 :)",kr.co.kbc.cha.android,5.0.3
Android,Myunghee Lee,5,,검색하기 편하고 빠르게 조회되는등 사용하기 편리하고 찾기 쉬워 좋아요,2024-12-11 16:12:22,0.0,"안녕하세요 고객님, KB차차차입니다. 차차차에서는 이벤트 뿐만 아니라 다양한 차량 정보를 제공하고 있습니다. 중고차 구매하실 땐 KB차차차,
이용 부탁드리겠습니다! 감사합니다 :)",kr.co.kbc.cha.android,5.0.3
Android,크랑,5,,시세를 확인할 수 있어 중고차 매매 할 때 활용하기 좋습니다. 간편해서 추천합니다.,2024-12-11 16:10:46,0.0,"안녕하세요 고객님, KB차차차입니다. 소중한 리뷰 정말감사합니다! 차차차에서는 이벤트 뿐만 아니라 다양한 차량 정보를 제공하고 있습니다. 항상 노력하는 차차차가 되겠습니다. 중고차 구매하실 땐 KB차차차,
많은 이용 부탁드리겠습니다! 감사합니다 :)",kr.co.kbc.cha.android,5.0.3
Android,쭌쭈니니,5,,어플이 깔끔하게 잘 볼수있게 되어있고 매물도 많아서 유용한것 같아요,2024-12-11 16:09:25,0.0,"안녕하세요 고객님, KB차차차입니다. 소중한 리뷰 정말감사합니다! 차차차에서는 이벤트 뿐만 아니라 다양한 차량 정보를 제공하고 있습니다. 항상 노력하는 차차차가 되겠습니다. 중고차 구매하실 땐 KB차차차,
많은 이용 부탁드리겠습니다! 감사합니다 :)",kr.co.kbc.cha.android,5.0.3
Android,이준,5,,차량에대한 많으정보를 얻을수있어 좋아요^^!,2024-12-11 16:09:03,1.0,"안녕하세요 고객님, KB차차차입니다. #차원이 다른 중고차플랫폼, KB차차차에서는 국내 최다매물보유 플랫폼답게 다양한 매물!을 무려 AI기반의 국민시세로 보여드리고 있습니다! 그럼에도 불구하고 안심하기엔 이르다. 싶으신 분들을 위해 실차주마크, 그래도 방문하긴 무서운데? 하시는 분들을 위해 헛걸음보상 서비스에 마이마부와의 제휴를 통한 구매동행서비스까지! 이 모든 걸 KB차차차에서 누려보세요! 정성 가득한 리뷰 감사드리고 앞으로도 KB차차차에 많은 관심과 사랑 부탁드립니다. 감사합니다. :D",kr.co.kbc.cha.android,5.0.3
Android,정연화,5,,이벤트도많고 차량조회 간편해요,2024-12-11 16:07:48,0.0,"안녕하세요 고객님, KB차차차입니다. 소중한 리뷰 정말감사합니다! 차차차에서는 이벤트 뿐만 아니라 다양한 차량 정보를 제공하고 있습니다. 항상 노력하는 차차차가 되겠습니다. 중고차 구매하실 땐 KB차차차,
많은 이용 부탁드리겠습니다! 감사합니다 :)",kr.co.kbc.cha.android,5.0.3
Android,김규,5,,믿을수 있게 보기 쉽게 구성되어 있는것 같습니다.,2024-12-11 16:06:43,0.0,"안녕하세요 고객님, KB차차차입니다. 소중한 리뷰 정말감사합니다! 차차차에서는 이벤트 뿐만 아니라 다양한 차량 정보를 제공하고 있습니다. 항상 노력하는 차차차가 되겠습니다. 중고차 구매하실 땐 KB차차차,
많은 이용 부탁드리겠습니다! 감사합니다 :)",kr.co.kbc.cha.android,5.0.3
Android,손명희,5,,사용하기 편리해요 👍👍,2024-12-11 16:05:46,0.0,"안녕하세요 고객님, KB차차차입니다. 소중한 리뷰 정말감사합니다! 차차차에서는 이벤트 뿐만 아니라 다양한 차량 정보를 제공하고 있습니다. 항상 노력하는 차차차가 되겠습니다. 중고차 구매하실 땐 KB차차차,
많은 이용 부탁드리겠습니다! 감사합니다 :)",kr.co.kbc.cha.android,
Android,7.4 SNAKE,5,,내차의 가격 변동 알림과 출석체크하면서 경품 당첨까지 맘에 듭니다 좋아요,2024-12-11 16:05:19,0.0,"안녕하세요 고객님, KB차차차입니다. 소중한 리뷰 남겨주셔서 감사합니다. 꺄~~ 당첨을 진심으로 축하드려용♥♥ 저희 차차차는 이벤트 뿐만 아니라 중고차 구매하기 너~무 쉽게 해놓았답니다 ㅎㅎ 앞으로도 많은 이용 부탁드립니다. 감사합니다!",kr.co.kbc.cha.android,5.0.3
Android,두딸맘,5,,내차등록해두면 실시간으로 알림이와서 중고차 시세도알수있고 차팔때 유용하게 사용할수있어요,2024-12-11 16:04:39,0.0,"안녕하세요 고객님, KB차차차입니다. 소중한 리뷰 정말감사합니다! 차차차에서는 이벤트 뿐만 아니라 다양한 차량 정보를 제공하고 있습니다. 항상 노력하는 차차차가 되겠습니다. 중고차 구매하실 땐 KB차차차,
많은 이용 부탁드리겠습니다! 감사합니다 :)",kr.co.kbc.cha.android,5.0.3
Android,mim jae,5,,제가 사용해본 KB 차차차 어플은 중고차를 사고 팔 때 현존하는 어플 중 최상의 조건을 갖고있다고 생각합니다. 어플의 세부 목록이 많아 어플 구동이 아주 빠른 편은 아니지만 중고차 어플의 중점인 내 차의 중고차 가격은 얼마인지 견적을 받아볼 수 있고 다른 사용자들의 중고차 세부내역 정보를 자세하고 꼼꼼하게 제공합니다.,2024-12-11 16:04:33,4.0,"안녕하세요 고객님, KB차차차입니다. 소중한 리뷰 정말감사합니다! 차차차에서는 이벤트 뿐만 아니라 다양한 차량 정보를 제공하고 있습니다. 항상 노력하는 차차차가 되겠습니다. 중고차 구매하실 땐 KB차차차,
많은 이용 부탁드리겠습니다! 감사합니다 :)",kr.co.kbc.cha.android,
Android,JIMIN PARK,5,,내차에 대한 관리 및 시세에 대해 쉽게 알 수 있고 나의 예산으로 바꿀 수 있는 차량에 대해 찾아볼 수 있어 좋아요,2024-12-11 16:04:02,0.0,"안녕하세요 고객님, KB차차차입니다. 소중한 리뷰 정말감사합니다! 차차차에서는 이벤트 뿐만 아니라 다양한 차량 정보를 제공하고 있습니다. 항상 노력하는 차차차가 되겠습니다. 중고차 구매하실 땐 KB차차차,
많은 이용 부탁드리겠습니다! 감사합니다 :)",kr.co.kbc.cha.android,5.0.3
Android,vibekun kim,5,,내 차견적 조회도쉽고 이것저것 비교해보기 너무 편리해서 좋아요,2024-12-11 16:03:56,0.0,"안녕하세요 고객님, KB차차차입니다. KB차차차에서는 고객님들께서 안심하고 차량을 거래하실 수 있도록 다양한 서비스를
제공해 드리고 있습니다. 고객님들이 안심하고 편리한 차량 거래를 할 수 있도록 노력하겠습니다!
소중한 의견 감사 드리며 앞으로도 KB차차차 많은 이용과 관심 부탁 드립니다.
",kr.co.kbc.cha.android,5.0.3
Android,hyejin lee,5,,차를 새로 바꿔야 할때가 되어 이것저것 알아보고 있는데 많은 도움이 되었어요~,2024-12-11 16:02:59,0.0,"안녕하세요 고객님, KB차차차입니다. KB차차차에서는 고객님들께서 안심하고 차량을 거래하실 수 있도록 다양한 서비스를
제공해 드리고 있습니다. 고객님들이 안심하고 편리한 차량 거래를 할 수 있도록 노력하겠습니다!
소중한 의견 감사 드리며 앞으로도 KB차차차 많은 이용과 관심 부탁 드립니다.
",kr.co.kbc.cha.android,5.0.3
Android,정아무개,5,,이번에 알게된 KB차차차에서 결국 차를 바꿨어요. 차량검색부터 정보확인까지 무난하게 진행했네요,2024-12-11 16:02:55,0.0,"안녕하세요 고객님, KB차차차입니다. KB차차차에서는 고객님들께서 안심하고 차량을 거래하실 수 있도록 다양한 서비스를
제공해 드리고 있습니다. 고객님들이 안심하고 편리한 차량 거래를 할 수 있도록 노력하겠습니다!
소중한 의견 감사 드리며 앞으로도 KB차차차 많은 이용과 관심 부탁 드립니다.
",kr.co.kbc.cha.android,5.0.3
Android,fanu lee,5,,"내차 시세를 간단하게 볼수 있고 다른차의 견적을 한눈에 볼수 있어서 좋네요 메뉴구성 차의실물 사진 디테일 하게 나왔고 금융,구매 상담도 한번에 알아볼수 있어서 추천 합니다.",2024-12-11 16:02:09,1.0,"안녕하세요 고객님, KB차차차입니다. 저희 차차차는 다양한 차량정보 뿐만 아니라 내 차고에 차량을 등록하시면 차량 검사일자 알림 및 예약서비스, 내 차의 시세변동, 자동차 보험 만료 알림과 동시에 갱신시 보험료 할인혜택까지 제공하고 있답니다. KB차차차를 통해 스마트한 내차관리 지금 바로 시작해보세요 : )",kr.co.kbc.cha.android,5.0.3
Android,또잉또잉,5,,KB차차는 앱실행도 빠르고 메뉴도 보기좋게 되어있어서 원하는 메뉴 찾기가 쉬워서 부모님들도 쉽게이용 가능해요 중고차 알아볼때 사고유무 확인을 잘 해야하는데 KB차차차는 사고유무확인하기도쉽고 AI추천기능과 정확한 시세가격 제시도 마음에들고요 내차등록하면 내차시세도 알려줘서 좋습니다,2024-12-11 16:01:55,332.0,"안녕하세요 고객님, KB차차차입니다. KB차차차에서는 고객님들께서 안심하고 차량을 거래하실 수 있도록 다양한 서비스를
제공해 드리고 있습니다. 고객님들이 안심하고 편리한 차량 거래를 할 수 있도록 노력하겠습니다!
소중한 의견 감사 드리며 앞으로도 KB차차차 많은 이용과 관심 부탁 드립니다.
",kr.co.kbc.cha.android,5.0.3
Android,zon RED,5,,챠량 소개 동영상 👍,2024-12-11 16:01:30,0.0,"안녕하세요 고객님, KB차차차입니다. KB차차차에서는 고객님들께서 안심하고 차량을 거래하실 수 있도록 다양한 서비스를
제공해 드리고 있습니다. 고객님들이 안심하고 편리한 차량 거래를 할 수 있도록 노력하겠습니다!
소중한 의견 감사 드리며 앞으로도 KB차차차 많은 이용과 관심 부탁 드립니다.
",kr.co.kbc.cha.android,5.0.3
Android,윤여명,4,,가끔사용하는데 좋아요,2024-12-11 16:01:28,0.0,"안녕하세요 고객님, KB차차차입니다. KB차차차에서는 고객님들께서 안심하고 차량을 거래하실 수 있도록 다양한 서비스를
제공해 드리고 있습니다. 고객님들이 안심하고 편리한 차량 거래를 할 수 있도록 노력하겠습니다!
소중한 의견 감사 드리며 앞으로도 KB차차차 많은 이용과 관심 부탁 드립니다.
",kr.co.kbc.cha.android,5.0.3
Android,이깐율,5,,중고차 매매는 이번이 처음이라 앱이용도 처음해보았는데 진짜 사용하기편하네요 그리고 중고차 매물들도 하나같이 상급인데다 KB에서 운영하고있어서 믿고 구매할수있을것 같아요 그리고 중고차의 이력과 현재 상태까지 상세하게 파악할수있어서 정말 좋습니다~,2024-12-11 16:01:20,0.0,"안녕하세요 고객님, KB차차차입니다. KB차차차에서는 고객님들께서 안심하고 차량을 거래하실 수 있도록 다양한 서비스를
제공해 드리고 있습니다. 고객님들이 안심하고 편리한 차량 거래를 할 수 있도록 노력하겠습니다!
소중한 의견 감사 드리며 앞으로도 KB차차차 많은 이용과 관심 부탁 드립니다.
",kr.co.kbc.cha.android,
Android,Sangmun Park,5,,차량 검색이 편해요,2024-12-06 21:54:43,0.0,"안녕하세요 고객님, KB차차차입니다. KB차차차에서는 고객님들께서 안심하고 차량을 거래하실 수 있도록 다양한 서비스를
제공해 드리고 있습니다. 고객님들이 안심하고 편리한 차량 거래를 할 수 있도록 노력하겠습니다!
소중한 의견 감사 드리며 앞으로도 KB차차차 많은 이용과 관심 부탁 드립니다.
",kr.co.kbc.cha.android,5.0.3
Android,라됴(RYO),5,,깔끔하고 좋아요 추천합니다 👍,2024-12-06 21:24:16,0.0,"안녕하세요 고객님, KB차차차입니다. KB차차차에서는 고객님들께서 안심하고 차량을 거래하실 수 있도록 다양한 서비스를
제공해 드리고 있습니다. 고객님들이 안심하고 편리한 차량 거래를 할 수 있도록 노력하겠습니다!
소중한 의견 감사 드리며 앞으로도 KB차차차 많은 이용과 관심 부탁 드립니다.
",kr.co.kbc.cha.android,5.0.3
Android,조석현 / FT /무신사 스탠다드 청주점,2,,어플 버벅임이 너무 심함,2024-12-06 20:18:06,1.0,"안녕하세요 고객님, KB차차차입니다. 우선 KB차차차 이용에 불편을 드려 대단히 죄송합니다. 오류가 발생할 경우 KB차차차
대표번호 1670-4777로 연락주시면 최선을 다해 도와드리도록 하겠습니다. 다시 한 번 이용에 불편을 드려 대단히 죄송합니다.
감사합니다.",kr.co.kbc.cha.android,5.0.2
Android,순오정,5,,정보와내용이많네요,2024-12-06 18:16:21,0.0,"안녕하세요 고객님, KB차차차입니다. KB차차차 이용이 편리하셨나요? KB차차차에서는 내 차 팔기도! 사기도!
완전 편리하게 이용하실 수 있다구요! 앞으로도 KB차차차와 함께, 슬기로운 중고차생활을 영위해보세요~!",kr.co.kbc.cha.android,5.0.3
Android,윤철민 (outcool),5,,완전 편리한 앱인것 같습니다,2024-12-06 17:35:27,0.0,"안녕하세요 고객님, KB차차차입니다. KB차차차 이용이 편리하셨나요? KB차차차에서는 내 차 팔기도! 사기도!
완전 편리하게 이용하실 수 있다구요! 앞으로도 KB차차차와 함께, 슬기로운 중고차생활을 영위해보세요~!",kr.co.kbc.cha.android,
Android,최광임,3,,kb에서 운영하는 만큼 신뢰성있는 매물들이 많은것 같습니다. 아직 시장 점유율은 많진 않은것 같지만 차량 검색할때 도움을 많이 받고 있습니다. ui나 반응속도도 나쁘지 않은것 같아요.,2024-12-06 17:30:25,0.0,"안녕하세요 고객님, KB차차차입니다. KB차차차 이용이 편리하셨나요? KB차차차에서는 내 차 팔기도! 사기도!
완전 편리하게 이용하실 수 있다구요! 앞으로도 KB차차차와 함께, 슬기로운 중고차생활을 영위해보세요~!",kr.co.kbc.cha.android,5.0.0
Android,김지성,4,,중고차 가격 검색을 하는데 많은 정보를 준다. 하지만 어느 단지에도 있고 어느곳에서도 있는 허위매물글들 미끼매물들이 종종 보여서 아쉽다. 인증받은 물품이라도 100%찐이 아니라는거에 주의하면서 보면 딱 좋음,2024-12-06 16:47:03,51.0,"안녕하세요 고객님, KB차차차입니다. KB차차차 이용이 편리하셨나요? KB차차차에서는 내 차 팔기도! 사기도!
완전 편리하게 이용하실 수 있다구요! 앞으로도 KB차차차와 함께, 슬기로운 중고차생활을 영위해보세요~!",kr.co.kbc.cha.android,5.0.3
Android,JW Wie,4,,예전부터 엔카만 이용하다가 케이카로 갔는데 차차차도 써봤는데 생각보다 괜찮음 예전보다 매물도 많아지고 오히려 차량 보기는 앱이 이게 나음,2024-12-06 16:39:47,0.0,"안녕하세요 고객님, KB차차차입니다. KB차차차 이용이 편리하셨나요? KB차차차에서는 내 차 팔기도! 사기도!
완전 편리하게 이용하실 수 있다구요! 앞으로도 KB차차차와 함께, 슬기로운 중고차생활을 영위해보세요~!",kr.co.kbc.cha.android,5.0.3
Android,by suk sz,5,,간단하게 비교할수있는 사이트,2024-12-06 16:32:48,0.0,"안녕하세요 고객님, KB차차차입니다. KB차차차에서 중고차를 구매하셨군요! KB차차차 이용은 편리하셨나요?
KB차차차에서는 실차주마크, 헛걸음보상, 연장보증 서비스 등을 마련하여 고객님께서 더욱 안심하고 편리하게 중고차를
거래하실 수 있도록 노력하고 있답니다! 중고차하면? KB차차차! 소중한 리뷰 감사합니다!",kr.co.kbc.cha.android,4.8.9
Android,은냥이,5,,"깔끔한 하양색 배경에 노랑색이 깔끔하고 딜러가 판매 견적내기, 직접 등록하고 거래가 있어 중고차 판매할 때 좋은 거 같아요 거기다 구매할때는 제조자, 모델, 연식, 주행거리, 가격, 연료, 색상, 승차인원, 옵션등 여러가지 항목을 직접 선택하여 볼 수 있어 좋아요..",2024-12-06 16:13:10,1.0,"안녕하세요 고객님, KB차차차입니다. KB차차차에서 중고차를 구매하셨군요! KB차차차 이용은 편리하셨나요?
KB차차차에서는 실차주마크, 헛걸음보상, 연장보증 서비스 등을 마련하여 고객님께서 더욱 안심하고 편리하게 중고차를
거래하실 수 있도록 노력하고 있답니다! 중고차하면? KB차차차! 소중한 리뷰 감사합니다!",kr.co.kbc.cha.android,4.7.2
Android,mati Orang,4,,다른곳보다 반영이 약간 늦는경우가 있음,2024-12-06 16:05:39,0.0,"안녕하세요 고객님, KB차차차입니다. KB차차차에서 중고차를 구매하셨군요! KB차차차 이용은 편리하셨나요?
KB차차차에서는 실차주마크, 헛걸음보상, 연장보증 서비스 등을 마련하여 고객님께서 더욱 안심하고 편리하게 중고차를
거래하실 수 있도록 노력하고 있답니다! 중고차하면? KB차차차! 소중한 리뷰 감사합니다!",kr.co.kbc.cha.android,
Android,CRAZY WB,5,,중고차도 kb로 알아볼수 있어 좋네여,2024-12-06 16:05:28,0.0,"안녕하세요 고객님, KB차차차입니다. KB차차차에서 중고차를 구매하셨군요! KB차차차 이용은 편리하셨나요?
KB차차차에서는 실차주마크, 헛걸음보상, 연장보증 서비스 등을 마련하여 고객님께서 더욱 안심하고 편리하게 중고차를
거래하실 수 있도록 노력하고 있답니다! 중고차하면? KB차차차! 소중한 리뷰 감사합니다!",kr.co.kbc.cha.android,
Android,조한덕,5,,중고차매매하기 좋습니다,2024-12-06 16:04:23,0.0,"안녕하세요 고객님, KB차차차입니다. 국내 최다 매물을 보유한 KB차차차에서는 편리한 검색기능도 함께 갖추어 원하시는 차량을
보다 쉽고 편리하게 찾아보실 수 있습니다!! 소중한 의견 감사드리고 보다 나은 서비스 제공을 위해
더욱 노력하는 KB차차차 될 것을 약속드립니다. 감사합니다. :)",kr.co.kbc.cha.android,
Android,윤직구,5,,보기편하게 잘되어있네요,2024-12-06 16:04:04,0.0,"안녕하세요 고객님, KB차차차입니다. 국내 최다 매물을 보유한 KB차차차에서는 편리한 검색기능도 함께 갖추어 원하시는 차량을
보다 쉽고 편리하게 찾아보실 수 있습니다!! 소중한 의견 감사드리고 보다 나은 서비스 제공을 위해
더욱 노력하는 KB차차차 될 것을 약속드립니다. 감사합니다. :)",kr.co.kbc.cha.android,5.0.3
Android,이지혜,5,,차시세를잘쳐주시네요~자주비교하고있어요,2024-12-06 16:03:50,0.0,"안녕하세요 고객님, KB차차차입니다. 국내 최다 매물을 보유한 KB차차차에서는 편리한 검색기능도 함께 갖추어 원하시는 차량을
보다 쉽고 편리하게 찾아보실 수 있습니다!! 소중한 의견 감사드리고 보다 나은 서비스 제공을 위해
더욱 노력하는 KB차차차 될 것을 약속드립니다. 감사합니다. :)",kr.co.kbc.cha.android,5.0.3
Android,주선엽,5,,편리하게 정보들늘 통합조회가능함,2024-12-06 16:03:05,0.0,"안녕하세요 고객님, KB차차차입니다. 국내 최다 매물을 보유한 KB차차차에서는 편리한 검색기능도 함께 갖추어 원하시는 차량을
보다 쉽고 편리하게 찾아보실 수 있습니다!! 소중한 의견 감사드리고 보다 나은 서비스 제공을 위해
더욱 노력하는 KB차차차 될 것을 약속드립니다. 감사합니다. :)",kr.co.kbc.cha.android,5.0.2
Android,Google 사용자,4,,편하고 좋아요 중고차살때 도움도되고 좋습니다,2024-12-06 16:02:49,0.0,"안녕하세요 고객님, KB차차차입니다. 국내 최다 매물을 보유한 KB차차차에서는 편리한 검색기능도 함께 갖추어 원하시는 차량을
보다 쉽고 편리하게 찾아보실 수 있습니다!! 소중한 의견 감사드리고 보다 나은 서비스 제공을 위해
더욱 노력하는 KB차차차 될 것을 약속드립니다. 감사합니다. :)",kr.co.kbc.cha.android,
Android,윤은경,5,,앱이 안정적이어서 편안합니다,2024-12-06 16:02:08,0.0,"안녕하세요 고객님, KB차차차입니다. 국내 최다 매물을 보유한 KB차차차에서는 편리한 검색기능도 함께 갖추어 원하시는 차량을
보다 쉽고 편리하게 찾아보실 수 있습니다!! 소중한 의견 감사드리고 보다 나은 서비스 제공을 위해
더욱 노력하는 KB차차차 될 것을 약속드립니다. 감사합니다. :)",kr.co.kbc.cha.android,5.0.3
Android,Sung Jin Kang,5,,차사고팔땐 Kb차차차,2024-12-06 16:01:46,0.0,"안녕하세요 고객님, KB차차차입니다. 국내 최다 매물을 보유한 KB차차차에서는 편리한 검색기능도 함께 갖추어 원하시는 차량을
보다 쉽고 편리하게 찾아보실 수 있습니다!! 소중한 의견 감사드리고 보다 나은 서비스 제공을 위해
더욱 노력하는 KB차차차 될 것을 약속드립니다. 감사합니다. :)",kr.co.kbc.cha.android,
Android,김태영,5,,좋아요,2024-12-06 15:23:37,0.0,"안녕하세요 고객님, KB차차차입니다. 국내 최다 매물을 보유한 KB차차차에서는 편리한 검색기능도 함께 갖추어 원하시는 차량을
보다 쉽고 편리하게 찾아보실 수 있습니다!! 소중한 의견 감사드리고 보다 나은 서비스 제공을 위해
더욱 노력하는 KB차차차 될 것을 약속드립니다. 감사합니다. :)",kr.co.kbc.cha.android,5.0.2
Android,이태하,1,,자동차 판매를 할려하나 딜러들 활동을 안함 역시..헤이딜러 쓰세요 여러분들,2024-11-18 15:24:14,0.0,"안녕하세요 고객님, KB차차차입니다. 우선 KB차차차 이용에 불편을 드려 대단히 죄송합니다. 오류가 발생할 경우 KB차차차
대표번호 1670-4777로 연락주시면 최선을 다해 도와드리도록 하겠습니다. 다시 한 번 이용에 불편을 드려 대단히 죄송합니다.
감사합니다.",kr.co.kbc.cha.android,5.0.2
Android,홍지석,1,,보험이력 조회를 맘대로 못하다니 엔카보다 더하네 매물 수준도 떨어지고 엔카랑 케이카로 가는게 나을듯 엔카가 보살처럼 보일줄이야....,2024-11-16 16:50:50,1.0,"안녕하세요 고객님, KB차차차입니다. 우선 KB차차차 이용에 불편을 드려 대단히 죄송합니다. 오류가 발생할 경우 KB차차차
대표번호 1670-4777로 연락주시면 최선을 다해 도와드리도록 하겠습니다. 다시 한 번 이용에 불편을 드려 대단히 죄송합니다.
감사합니다.",kr.co.kbc.cha.android,
Android,전범진,2,,분명 로그인을 했는게 계속 로그인하라고 뜨고 10번을 반복해도 안되서 포기함 앱이 오류투성인듯,2024-11-16 14:31:54,0.0,"안녕하세요 고객님, KB차차차입니다. 우선 KB차차차 이용에 불편을 드려 대단히 죄송합니다. 오류가 발생할 경우 KB차차차
대표번호 1670-4777로 연락주시면 최선을 다해 도와드리도록 하겠습니다. 다시 한 번 이용에 불편을 드려 대단히 죄송합니다.
감사합니다.",kr.co.kbc.cha.android,5.0.2
Android,마신,1,,가입했는데 로그인이 안된다 이거좀 쳐고치던가하세요 밥만쳐먹고 놀지말고,2024-11-12 01:02:46,1.0,"안녕하세요 고객님, KB차차차입니다. 우선 KB차차차 이용에 불편을 드려 대단히 죄송합니다. 오류가 발생할 경우 KB차차차
대표번호 1670-4777로 연락주시면 최선을 다해 도와드리도록 하겠습니다. 다시 한 번 이용에 불편을 드려 대단히 죄송합니다.
감사합니다.
",kr.co.kbc.cha.android,
Android,라이언,2,,"KB차차차는 이번에 처음 이용해봐요. 내차팔기에 차량관련 게시글 올리고나서 아차~깜빡 잊고 안올린 사항이 있어 수정하려해도 수정이 안되네요. 사진도 추가로 더 올리고싶은데 안되고. 한번 게시하면 실수로 누락된거 있어도 그걸로 끝이라서 취소하고 다시 재경매 하는 수 밖에 없고, 기회도 타 사이트보다 너무 적어요. 아직 경매 진행중인데 실제 팔기가 간편할지 어떨지 계속 걱정되어 스트레스받네요. 보다 간편한 이용 가능하면 좋겠어요. ㅠㅠ",2024-11-09 08:20:54,5.0,"안녕하세요 고객님, KB차차차입니다. 우선 KB차차차 이용에 불편을 드려 대단히 죄송합니다. 오류가 발생할 경우 KB차차차
대표번호 1670-4777로 연락주시면 최선을 다해 도와드리도록 하겠습니다. 다시 한 번 이용에 불편을 드려 대단히 죄송합니다.
감사합니다.
",kr.co.kbc.cha.android,5.0.1
Android,itz,1,,로그인하면 서버와 어쩌고저쩌고 로그인안됨 첫대문페이지에서 30초후 메인화면 넘어감 몇번 삭제 했다 깔아도 똑같음 엔카 가서 살란다,2024-11-06 13:19:26,1.0,"안녕하세요 고객님, KB차차차입니다. 우선 KB차차차 이용에 불편을 드려 대단히 죄송합니다. 오류가 발생할 경우 KB차차차
대표번호 1670-4777로 연락주시면 최선을 다해 도와드리도록 하겠습니다. 다시 한 번 이용에 불편을 드려 대단히 죄송합니다.
감사합니다.
",kr.co.kbc.cha.android,5.0.1
Android,Jaehyo Choi,1,,로그인 했는데 계속 로그인해라고 하네요 로그인해도 찜할려고 하면 로그인해라고 하고 몇십번을해도 로그인이 안됨 결국 찜하기 포기 어플포기 엔카로 넘어감,2024-11-03 09:50:57,0.0,"안녕하세요 고객님, KB차차차입니다. 우선 KB차차차 이용에 불편을 드려 대단히 죄송합니다. 오류가 발생할 경우 KB차차차
대표번호 1670-4777로 연락주시면 최선을 다해 도와드리도록 하겠습니다. 다시 한 번 이용에 불편을 드려 대단히 죄송합니다.
감사합니다.
",kr.co.kbc.cha.android,5.0.1
Android,문길순,5,,좋아요 💖 💗 😀 👍 💖 💗,2024-10-29 08:40:17,0.0,"안녕하세요 고객님, KB차차차입니다. 국내 최다 매물을 보유한 KB차차차에서는 편리한 검색기능도 함께 갖추어 원하시는 차량을
보다 쉽고 편리하게 찾아보실 수 있습니다!! 소중한 의견 감사드리고 보다 나은 서비스 제공을 위해
더욱 노력하는 KB차차차 될 것을 약속드립니다. 감사합니다. :)",kr.co.kbc.cha.android,
Android,Pro M,1,,"재설치 해봐도.. 루팅된 기기로 판명되어 사용이 불가능합니다... 삼성 페이, 은행 다 잘 되는데... 루팅 할줄도 모릅니다.",2024-10-25 12:53:38,0.0,"안녕하세요 고객님, KB차차차입니다. 우선 KB차차차 이용에 불편을 드려 대단히 죄송합니다. 오류가 발생할 경우 KB차차차
대표번호 1670-4777로 연락주시면 최선을 다해 도와드리도록 하겠습니다. 다시 한 번 이용에 불편을 드려 대단히 죄송합니다.
감사합니다.
",kr.co.kbc.cha.android,5.0.0
Android,임은호,5,,"KB차차차 는 현재 중고차 가격 시세는 물론, 향 후 어느 정도 가격이 변동되는지 그래프 형식으로 쉽고 재미있게 볼 수 있어 좋았어요",2024-10-24 23:22:15,0.0,"안녕하세요 고객님, KB차차차입니다. 국내 최다 매물을 보유한 KB차차차에서는 편리한 검색기능도 함께 갖추어 원하시는 차량을
보다 쉽고 편리하게 찾아보실 수 있습니다!! 소중한 의견 감사드리고 보다 나은 서비스 제공을 위해
더욱 노력하는 KB차차차 될 것을 약속드립니다. 감사합니다. :)",kr.co.kbc.cha.android,5.0.0
Android,HJ CHO,5,,중고차 가격 알아보기 좋네요.,2024-10-24 22:19:59,0.0,"안녕하세요 고객님, KB차차차입니다. 국내 최다 매물을 보유한 KB차차차에서는 편리한 검색기능도 함께 갖추어 원하시는 차량을
보다 쉽고 편리하게 찾아보실 수 있습니다!! 소중한 의견 감사드리고 보다 나은 서비스 제공을 위해
더욱 노력하는 KB차차차 될 것을 약속드립니다. 감사합니다. :)",kr.co.kbc.cha.android,5.0.0
Android,성영진,5,,많은정보를 받을수 있었음,2024-10-24 20:34:28,0.0,"안녕하세요 고객님, KB차차차입니다. 국내 최다 매물을 보유한 KB차차차에서는 편리한 검색기능도 함께 갖추어 원하시는 차량을
보다 쉽고 편리하게 찾아보실 수 있습니다!! 소중한 의견 감사드리고 보다 나은 서비스 제공을 위해
더욱 노력하는 KB차차차 될 것을 약속드립니다. 감사합니다. :)",kr.co.kbc.cha.android,
Android,예흥,5,,종아요,2024-10-24 19:55:51,0.0,"안녕하세요 고객님, KB차차차입니다. 소중한 리뷰 남겨주셔서 감사합니다. KB차차차는 무엇보다도 고객님께서 어렵게 느껴지는
중고차를 쉽고 편하게 거래하실 수 있도록 도와드리는 것을 목표로 하고 있습니다 :) 미션 콤플릿 할 때까지 옆에
꼭 있어주실거죠~? 간편하지만 든든한! 중고차 플랫폼 KB차차차가 되기 위해 열일하겠습니다. 앞으로도 많은 이용 부탁드립니다.
감사합니다!!
",kr.co.kbc.cha.android,5.0.0
Android,초이,5,,차차차 가입 한지는 좀 됐는데 이번에 중고차 알아보던 중에 유용하게 쓰일듯 하네요 앱 보기도 복잡하지않고 매물건도 많고 딜러들도 믿을수있을듯 하여 열심히 비교해보고 안전하게 거래되었음 좋겠어요,2024-10-24 19:44:42,1.0,"안녕하세요 고객님, KB차차차입니다. 소중한 리뷰 남겨주셔서 감사합니다. KB차차차는 무엇보다도 고객님께서 어렵게 느껴지는
중고차를 쉽고 편하게 거래하실 수 있도록 도와드리는 것을 목표로 하고 있습니다 :) 미션 콤플릿 할 때까지 옆에
꼭 있어주실거죠~? 간편하지만 든든한! 중고차 플랫폼 KB차차차가 되기 위해 열일하겠습니다. 앞으로도 많은 이용 부탁드립니다.
감사합니다!!
",kr.co.kbc.cha.android,5.0.0
Android,Sunmi kang,5,,좋아요~자동차의 가격이며 정보며 한눈에 쉽게알수 있어서 만족해요~^^그리구 내가 원하는차도 쉽게 잘 찾을수있고 예산에 맞게끔 알아 볼수 있어서 좋은거같애요~앞으로도 자주이용할께요~!,2024-10-24 18:59:54,1.0,"안녕하세요 고객님, KB차차차입니다. 소중한 리뷰 남겨주셔서 감사합니다. KB차차차는 무엇보다도 고객님께서 어렵게 느껴지는
중고차를 쉽고 편하게 거래하실 수 있도록 도와드리는 것을 목표로 하고 있습니다 :) 미션 콤플릿 할 때까지 옆에
꼭 있어주실거죠~? 간편하지만 든든한! 중고차 플랫폼 KB차차차가 되기 위해 열일하겠습니다. 앞으로도 많은 이용 부탁드립니다.
감사합니다!!
",kr.co.kbc.cha.android,5.0.0
Android,앙춘TV,5,,플랫폼이 보기 편하게 되어있고 필터를 통해 원하는 정보를 제공받아 좋아요!,2024-10-24 18:10:27,0.0,"안녕하세요 고객님, KB차차차입니다. 소중한 리뷰 남겨주셔서 감사합니다. KB차차차는 무엇보다도 고객님께서 어렵게 느껴지는
중고차를 쉽고 편하게 거래하실 수 있도록 도와드리는 것을 목표로 하고 있습니다 :) 미션 콤플릿 할 때까지 옆에
꼭 있어주실거죠~? 간편하지만 든든한! 중고차 플랫폼 KB차차차가 되기 위해 열일하겠습니다. 앞으로도 많은 이용 부탁드립니다.
감사합니다!!
",kr.co.kbc.cha.android,4.9.12
Android,조우진,5,,차차차 중고차를 살땐 kb 차차라차차 차차차,2024-10-24 17:39:02,0.0,"안녕하세요 고객님, KB차차차입니다. 소중한 리뷰 남겨주셔서 감사합니다. KB차차차는 무엇보다도 고객님께서 어렵게 느껴지는
중고차를 쉽고 편하게 거래하실 수 있도록 도와드리는 것을 목표로 하고 있습니다 :) 미션 콤플릿 할 때까지 옆에
꼭 있어주실거죠~? 간편하지만 든든한! 중고차 플랫폼 KB차차차가 되기 위해 열일하겠습니다. 앞으로도 많은 이용 부탁드립니다.
감사합니다!!
",kr.co.kbc.cha.android,5.0.0
Android,Mhee L,5,,자동차시세알아보기 쉽고 편해요 좋습니다,2024-10-24 17:16:10,1.0,"안녕하세요 고객님, KB차차차입니다. 차차차는 고객님들에게 최적의 사용성과 최대의 편리함을 제공하기 위해 노력하고 있습니다.
복잡한 어플은 이제 그만! 차차차 홈화면에서 간편하게 차량 검색, 내차 시세 조회, 내차 관리 등 차차차에서만 만날 수 있는 기능을
최대로 이용해보세요! 감사합니다.",kr.co.kbc.cha.android,5.0.0
Android,고정환,5,,목돈이 들어가는 중고차 살 때 여러앱을 비교해보았는데 kb차차차 추천합니다. 깔끔한 ui로 구성되어 있어서 중고차 살 때 필요한 편의기능들이 잘 정리되어 있고 디자인도 심플하게 잘 정돈되어 있어서 헤매지 않고 이용할 수 있네요.,2024-10-24 17:03:45,2.0,"안녕하세요 고객님, KB차차차입니다. 차차차는 고객님들에게 최적의 사용성과 최대의 편리함을 제공하기 위해 노력하고 있습니다.
복잡한 어플은 이제 그만! 차차차 홈화면에서 간편하게 차량 검색, 내차 시세 조회, 내차 관리 등 차차차에서만 만날 수 있는 기능을
최대로 이용해보세요! 감사합니다.",kr.co.kbc.cha.android,5.0.0
Android,Daniel Hwang,4,,차에 대한 정보를 조금더 많은 정보를 주셨으면 좋겠습니다~!,2024-10-24 16:55:53,0.0,"안녕하세요 고객님, KB차차차입니다. 차차차는 고객님들에게 최적의 사용성과 최대의 편리함을 제공하기 위해 노력하고 있습니다.
복잡한 어플은 이제 그만! 차차차 홈화면에서 간편하게 차량 검색, 내차 시세 조회, 내차 관리 등 차차차에서만 만날 수 있는 기능을
최대로 이용해보세요! 감사합니다.",kr.co.kbc.cha.android,5.0.0
Android,남미경,5,,지인 추천으로 알게 된 차차차 앱 좋네요 다양한 매물과 딜러 후기로 신뢰가 가고 원하는 정보를 찾기 쉽고 비교 서비스도 편리해서 사용하기 아주 좋습니다.,2024-10-24 16:45:53,0.0,"안녕하세요 고객님, KB차차차입니다. 차차차는 고객님들에게 최적의 사용성과 최대의 편리함을 제공하기 위해 노력하고 있습니다.
복잡한 어플은 이제 그만! 차차차 홈화면에서 간편하게 차량 검색, 내차 시세 조회, 내차 관리 등 차차차에서만 만날 수 있는 기능을
최대로 이용해보세요! 감사합니다.",kr.co.kbc.cha.android,5.0.0
Android,Songi Lee,5,,여러차를 한눈에 비교하기 쉬워서 중고차 시세 비교할때 잘 사용합니다!,2024-10-24 16:41:52,0.0,"안녕하세요 고객님, KB차차차입니다. KB차차차는 비대면 거래를 전폭적으로 지원해드리고 있습니다.
집에서 차량을 구매할 수 있는 홈배송 서비스, 딜러가 직접 방문하여 고객님의 차량을 판매할 수 있는 팔아줘 차차차 등
고객님의 입장에서 편리함을 제공하고 있는거 맞죠?
다양한 이벤트도 진행하고 있으니 계속 차차차에 많은 관심과 이용 부탁드립니다! 감사합니다 :)",kr.co.kbc.cha.android,
Android,투덜이와징징이,5,,kb인증서로 로그인 편리함,2024-10-24 16:39:43,0.0,"안녕하세요 고객님, KB차차차입니다. KB차차차는 비대면 거래를 전폭적으로 지원해드리고 있습니다.
집에서 차량을 구매할 수 있는 홈배송 서비스, 딜러가 직접 방문하여 고객님의 차량을 판매할 수 있는 팔아줘 차차차 등
고객님의 입장에서 편리함을 제공하고 있는거 맞죠?
다양한 이벤트도 진행하고 있으니 계속 차차차에 많은 관심과 이용 부탁드립니다! 감사합니다 :)",kr.co.kbc.cha.android,5.0.0
Android,강정훈,5,,어플이 사용하기 편리해요,2024-10-24 16:37:01,0.0,"안녕하세요 고객님, KB차차차입니다. KB차차차는 비대면 거래를 전폭적으로 지원해드리고 있습니다.
집에서 차량을 구매할 수 있는 홈배송 서비스, 딜러가 직접 방문하여 고객님의 차량을 판매할 수 있는 팔아줘 차차차 등
고객님의 입장에서 편리함을 제공하고 있는거 맞죠?
다양한 이벤트도 진행하고 있으니 계속 차차차에 많은 관심과 이용 부탁드립니다! 감사합니다 :)",kr.co.kbc.cha.android,5.0.0
Android,춘식이,5,,차량의 대한 설명도 좋고 중고차 매물들을 한번에 볼 수 있어 좋았습니다,2024-10-24 16:31:39,0.0,"안녕하세요 고객님, KB차차차입니다. KB차차차는 비대면 거래를 전폭적으로 지원해드리고 있습니다.
집에서 차량을 구매할 수 있는 홈배송 서비스, 딜러가 직접 방문하여 고객님의 차량을 판매할 수 있는 팔아줘 차차차 등
고객님의 입장에서 편리함을 제공하고 있는거 맞죠?
다양한 이벤트도 진행하고 있으니 계속 차차차에 많은 관심과 이용 부탁드립니다! 감사합니다 :)",kr.co.kbc.cha.android,5.0.0
Android,황애지,5,,차량 시세 파악하기도 좋고 가끔 이벤트 참여로 경품 받아서 더 좋고 잘 사용 중입니다.,2024-10-24 16:30:30,0.0,"안녕하세요 고객님, KB차차차입니다. 소중한 리뷰 남겨주셔서 감사합니다. 간편하지만 든든함까지 챙기는 KB차차차!
기능은 간편하게~ 서비스는 든든하게~ 언제나 고객님의 입장에서 고민하는 KB차차차입니다 :) 앞으로도 믿고 사용하실 수
있는 유일한 중고차 플랫폼이 될 수 있도록 노력을 아끼지 않겠습니다. 많은 이용 부탁드립니다. 감사합니다!",kr.co.kbc.cha.android,5.0.0
Android,gayoung kim,5,,내 차 사고 팔 때 비교견적 한 눈에 볼 수 있어서 너무 편하고 원하는 정보 다 있어서 다른 앱 필요 없이 차차차 한개만 있으면 됩니다,2024-10-24 16:27:29,0.0,"안녕하세요 고객님, KB차차차입니다. 소중한 리뷰 남겨주셔서 감사합니다. 간편하지만 든든함까지 챙기는 KB차차차!
기능은 간편하게~ 서비스는 든든하게~ 언제나 고객님의 입장에서 고민하는 KB차차차입니다 :) 앞으로도 믿고 사용하실 수
있는 유일한 중고차 플랫폼이 될 수 있도록 노력을 아끼지 않겠습니다. 많은 이용 부탁드립니다. 감사합니다!",kr.co.kbc.cha.android,5.0.0
Android,서효은,5,,요즘 중고차도 많이 구매하는데 믿을수 있는 KB차차차에서 비교해볼수 있어 좋은것 같아요,2024-10-24 16:26:25,0.0,"안녕하세요 고객님, KB차차차입니다. 소중한 리뷰 남겨주셔서 감사합니다. 간편하지만 든든함까지 챙기는 KB차차차!
기능은 간편하게~ 서비스는 든든하게~ 언제나 고객님의 입장에서 고민하는 KB차차차입니다 :) 앞으로도 믿고 사용하실 수
있는 유일한 중고차 플랫폼이 될 수 있도록 노력을 아끼지 않겠습니다. 많은 이용 부탁드립니다. 감사합니다!",kr.co.kbc.cha.android,5.0.0
Android,Tobias Lee,5,,중고차 매매앱 중에 제일 깔끔하고 편한거 같습니다 한번 사용하고 나니 이것만 쓰게 되네요 앞으로도 잘 이용할게요,2024-10-24 16:26:21,0.0,"안녕하세요 고객님, KB차차차입니다. 소중한 리뷰 남겨주셔서 감사합니다. 간편하지만 든든함까지 챙기는 KB차차차!
기능은 간편하게~ 서비스는 든든하게~ 언제나 고객님의 입장에서 고민하는 KB차차차입니다 :) 앞으로도 믿고 사용하실 수
있는 유일한 중고차 플랫폼이 될 수 있도록 노력을 아끼지 않겠습니다. 많은 이용 부탁드립니다. 감사합니다!",kr.co.kbc.cha.android,5.0.0
Android,steven kim,5,,Kb를 차차차를 사용한 지 어느덧 3년이란 시간동안 정말 유용하고 잘 사용하고 있는 앱입니다. 정확한 정보 공유를 믿고 사용할 수 있는 앱이라고 생각합니다. 더 다양한 기능들이 많이 생겼으면 더욱 좋을 것 같네요! 좋습니다!,2024-10-24 16:13:49,2.0,"안녕하세요 고객님, KB차차차입니다. KB차차차에서 중고차를 구매하셨군요! KB차차차 이용은 편리하셨나요?
KB차차차에서는 실차주마크, 헛걸음보상, 연장보증 서비스 등을 마련하여 고객님께서 더욱 안심하고 편리하게 중고차를
거래하실 수 있도록 노력하고 있답니다! 중고차하면? KB차차차! 소중한 리뷰 감사합니다!",kr.co.kbc.cha.android,5.0.0
Android,이성규,5,,중고차를 구매하려고 여러 방향으로 알아보던중에 차차차 어플을 통해서 마음에드는 중고차를 구매했습니다. 타 사이트보다 투명하고 신뢰할수 있는게 가장 베스트 입니다.,2024-10-24 16:13:27,0.0,"안녕하세요 고객님, KB차차차입니다. KB차차차에서 중고차를 구매하셨군요! KB차차차 이용은 편리하셨나요?
KB차차차에서는 실차주마크, 헛걸음보상, 연장보증 서비스 등을 마련하여 고객님께서 더욱 안심하고 편리하게 중고차를
거래하실 수 있도록 노력하고 있답니다! 중고차하면? KB차차차! 소중한 리뷰 감사합니다!",kr.co.kbc.cha.android,5.0.0
Android,이웅기,5,,자동차 정보 잘 볼수있고 이벤트 있어 자주 이용합니다.,2024-10-24 16:10:57,0.0,"안녕하세요 고객님, KB차차차입니다. KB차차차에서 중고차를 구매하셨군요! KB차차차 이용은 편리하셨나요?
KB차차차에서는 실차주마크, 헛걸음보상, 연장보증 서비스 등을 마련하여 고객님께서 더욱 안심하고 편리하게 중고차를
거래하실 수 있도록 노력하고 있답니다! 중고차하면? KB차차차! 소중한 리뷰 감사합니다!",kr.co.kbc.cha.android,5.0.0
Android,조가라마이싱,5,,자세하게 잘 설명해주고 좋습니다,2024-10-24 16:10:06,0.0,"안녕하세요 고객님, KB차차차입니다. 국내 최다 매물을 보유한 KB차차차에서는 편리한 검색기능도 함께 갖추어 원하시는 차량을
보다 쉽고 편리하게 찾아보실 수 있습니다!! 소중한 의견 감사드리고 보다 나은 서비스 제공을 위해
더욱 노력하는 KB차차차 될 것을 약속드립니다. 감사합니다. :)",kr.co.kbc.cha.android,5.0.0
Android,H군 (H군),5,,허위매물 없고 중고차 구매할때 꼭 필요한 앱입니다.,2024-10-24 16:09:22,0.0,"안녕하세요 고객님, KB차차차입니다. 국내 최다 매물을 보유한 KB차차차에서는 편리한 검색기능도 함께 갖추어 원하시는 차량을
보다 쉽고 편리하게 찾아보실 수 있습니다!! 소중한 의견 감사드리고 보다 나은 서비스 제공을 위해
더욱 노력하는 KB차차차 될 것을 약속드립니다. 감사합니다. :)",kr.co.kbc.cha.android,5.0.0
Android,이만두,5,,너무 좋아요 잘 쓰고 있어요,2024-10-24 16:08:23,0.0,"ㅍ안녕하세요 고객님, KB차차차입니다. 국내 최다 매물을 보유한 KB차차차에서는 편리한 검색기능도 함께 갖추어 원하시는 차량을
보다 쉽고 편리하게 찾아보실 수 있습니다!! 소중한 의견 감사드리고 보다 나은 서비스 제공을 위해
더욱 노력하는 KB차차차 될 것을 약속드립니다. 감사합니다. :)",kr.co.kbc.cha.android,5.0.0
Android,박은선,5,,"중고차 알아볼때 어떻게 알아봐야할지 걱정되었는데, 이렇게 편리하게 알아볼수있는 어플이 있는줄 몰랐네요! 현재 차 시세도 알아볼수있거, 다양한 중고차량 시세 및 후기도 볼수있어서 좋네요. 매매할때도 매도할때도 도움이 많이 될것 같아요",2024-10-24 16:06:24,0.0,"안녕하세요 고객님, KB차차차입니다. 국내 최다 매물을 보유한 KB차차차에서는 편리한 검색기능도 함께 갖추어 원하시는 차량을
보다 쉽고 편리하게 찾아보실 수 있습니다!! 소중한 의견 감사드리고 보다 나은 서비스 제공을 위해
더욱 노력하는 KB차차차 될 것을 약속드립니다. 감사합니다. :)",kr.co.kbc.cha.android,5.0.0
Android,Man “Silver맨” Silver,5,,중고차를 한눈에 보기쉽게 잘 정리해서 볼수잇엇어요,2024-10-24 16:04:22,0.0,"안녕하세요 고객님, KB차차차입니다. 소중한 리뷰 남겨주셔서 감사합니다. KB차차차가 제공하는 시세는 믿을 수 있는 AI 기반의
국민시세로 고객님께서 든든하게 이용하실 수 있습니다 :) 또한 실차주 마크 차량은 허위매물 걱정 없는 매물로 더욱 믿고
이용하실 수 있겠죠? 앞으로도 많은 관심 부탁드립니다. 감사합니다!",kr.co.kbc.cha.android,
Android,HYUNJUN SHIN,3,,로그인 하고 화면이 열리면 괜찮은데 그 로딩시간이 너무 오래걸리거나 그냥 다운되는 경우가 잦습니다. 잘 되다가 두어달전부터 그러는거 같은데 조치가 팔요해보입니다,2024-10-24 16:04:11,0.0,"안녕하세요 고객님, KB차차차입니다. 소중한 리뷰 남겨주셔서 감사합니다. KB차차차가 제공하는 시세는 믿을 수 있는 AI 기반의
국민시세로 고객님께서 든든하게 이용하실 수 있습니다 :) 또한 실차주 마크 차량은 허위매물 걱정 없는 매물로 더욱 믿고
이용하실 수 있겠죠? 앞으로도 많은 관심 부탁드립니다. 감사합니다!",kr.co.kbc.cha.android,
Android,킴라하,5,,"인터페이스가 편안해서 보기좋아요 다양한 상품들이 있어 비교하고 검색하기도 좋고요 브랜드성도 믿을만하고, 중고차 거래할때 매우유용합니다.",2024-10-24 16:03:58,0.0,"안녕하세요 고객님, KB차차차입니다. 소중한 리뷰 남겨주셔서 감사합니다. KB차차차가 제공하는 시세는 믿을 수 있는 AI 기반의
국민시세로 고객님께서 든든하게 이용하실 수 있습니다 :) 또한 실차주 마크 차량은 허위매물 걱정 없는 매물로 더욱 믿고
이용하실 수 있겠죠? 앞으로도 많은 관심 부탁드립니다. 감사합니다!",kr.co.kbc.cha.android,5.0.0
Android,Hailey L,5,,다른 중고차판매 어플에 비해 세세한 설정이 가능하여 좋습니다. 판매매물도 많고 가격도 대비 착한 매물이 많은것같아요.,2024-10-24 16:03:10,0.0,"안녕하세요 고객님, KB차차차입니다. 소중한 리뷰 남겨주셔서 감사합니다. KB차차차가 제공하는 시세는 믿을 수 있는 AI 기반의
국민시세로 고객님께서 든든하게 이용하실 수 있습니다 :) 또한 실차주 마크 차량은 허위매물 걱정 없는 매물로 더욱 믿고
이용하실 수 있겠죠? 앞으로도 많은 관심 부탁드립니다. 감사합니다!",kr.co.kbc.cha.android,5.0.0
Android,박효신사랑해,5,,"Kb라서 믿을수있어요 중고차매매도 손쉽게, 내차견적도 손쉽게해요",2024-10-24 16:03:01,0.0,"안녕하세요 고객님, KB차차차입니다. 소중한 리뷰 남겨주셔서 감사합니다. KB차차차가 제공하는 시세는 믿을 수 있는 AI 기반의
국민시세로 고객님께서 든든하게 이용하실 수 있습니다 :) 또한 실차주 마크 차량은 허위매물 걱정 없는 매물로 더욱 믿고
이용하실 수 있겠죠? 앞으로도 많은 관심 부탁드립니다. 감사합니다!",kr.co.kbc.cha.android,5.0.0
Android,Sunkyoung kim,5,,부동산에관해서 kb니까 더믿을만한것같습니다.,2024-10-24 16:02:23,0.0,"안녕하세요 고객님, KB차차차입니다. 소중한 리뷰 남겨주셔서 감사합니다. KB차차차가 제공하는 시세는 믿을 수 있는 AI 기반의
국민시세로 고객님께서 든든하게 이용하실 수 있습니다 :) 또한 실차주 마크 차량은 허위매물 걱정 없는 매물로 더욱 믿고
이용하실 수 있겠죠? 앞으로도 많은 관심 부탁드립니다. 감사합니다!",kr.co.kbc.cha.android,5.0.0
Android,임인규,5,,인승까지 구체적으로 등급구별 확인되어서 너무 좋아요,2024-10-24 16:02:16,0.0,"안녕하세요 고객님, KB차차차입니다. 소중한 리뷰 남겨주셔서 감사합니다. KB차차차가 제공하는 시세는 믿을 수 있는 AI 기반의
국민시세로 고객님께서 든든하게 이용하실 수 있습니다 :) 또한 실차주 마크 차량은 허위매물 걱정 없는 매물로 더욱 믿고
이용하실 수 있겠죠? 앞으로도 많은 관심 부탁드립니다. 감사합니다!",kr.co.kbc.cha.android,5.0.0
Android,아잉,5,,중고차를 모든것이 담겨있어서 알차고 좋아요 편안하게 필요한 차 볼수있어서 좋아요!!,2024-10-24 16:02:14,0.0,"안녕하세요 고객님, KB차차차입니다. 소중한 리뷰 남겨주셔서 감사합니다. KB차차차는 무엇보다도 고객님께서 어렵게 느껴지는
중고차를 쉽고 편하게 거래하실 수 있도록 도와드리는 것을 목표로 하고 있습니다 :) 미션 콤플릿 할 때까지 옆에
꼭 있어주실거죠~? 간편하지만 든든한! 중고차 플랫폼 KB차차차가 되기 위해 열일하겠습니다. 앞으로도 많은 이용 부탁드립니다.
감사합니다!!",kr.co.kbc.cha.android,5.0.0
Android,모노,5,,좋아요. 차 구매 앞두고 이것저것 살펴보기 좋습니다,2024-10-24 16:02:11,1.0,"안녕하세요 고객님, KB차차차입니다. 소중한 리뷰 남겨주셔서 감사합니다. KB차차차는 무엇보다도 고객님께서 어렵게 느껴지는
중고차를 쉽고 편하게 거래하실 수 있도록 도와드리는 것을 목표로 하고 있습니다 :) 미션 콤플릿 할 때까지 옆에
꼭 있어주실거죠~? 간편하지만 든든한! 중고차 플랫폼 KB차차차가 되기 위해 열일하겠습니다. 앞으로도 많은 이용 부탁드립니다.
감사합니다!!",kr.co.kbc.cha.android,5.0.0
Android,정유석,5,,Kb차차차 항상 유용하게 잘 쓰고있습니다.,2024-10-24 16:01:36,0.0,"안녕하세요 고객님, KB차차차입니다. 소중한 리뷰 남겨주셔서 감사합니다. KB차차차는 무엇보다도 고객님께서 어렵게 느껴지는
중고차를 쉽고 편하게 거래하실 수 있도록 도와드리는 것을 목표로 하고 있습니다 :) 미션 콤플릿 할 때까지 옆에
꼭 있어주실거죠~? 간편하지만 든든한! 중고차 플랫폼 KB차차차가 되기 위해 열일하겠습니다. 앞으로도 많은 이용 부탁드립니다.
감사합니다!!",kr.co.kbc.cha.android,5.0.0
Android,이영문,5,,중고차 매매하기 정말 편하네요,2024-10-24 16:01:23,0.0,"안녕하세요 고객님, KB차차차입니다. 소중한 리뷰 남겨주셔서 감사합니다. KB차차차는 무엇보다도 고객님께서 어렵게 느껴지는
중고차를 쉽고 편하게 거래하실 수 있도록 도와드리는 것을 목표로 하고 있습니다 :) 미션 콤플릿 할 때까지 옆에
꼭 있어주실거죠~? 간편하지만 든든한! 중고차 플랫폼 KB차차차가 되기 위해 열일하겠습니다. 앞으로도 많은 이용 부탁드립니다.
감사합니다!!",kr.co.kbc.cha.android,5.0.0
Android,K JY,1,,"매물 정보도, 옵션 정보도, 사진도 다르게 올린게 많고 전화하면 팔렸어요 없어요 하는게 태반. 무슨 허위매물앱인줄",2024-10-21 22:33:35,0.0,"안녕하세요 고객님, KB차차차입니다. 우선 KB차차차 이용에 불편을 드려 대단히 죄송합니다. 오류가 발생할 경우 KB차차차
대표번호 1670-4777로 연락주시면 최선을 다해 도와드리도록 하겠습니다. 다시 한 번 이용에 불편을 드려 대단히 죄송합니다.
감사합니다.",kr.co.kbc.cha.android,5.0.0
Android,임정훈,5,,좋아요 😀 👍 😀 👍 😀 👍,2024-10-20 06:32:47,0.0,"안녕하세요 고객님, KB차차차입니다. KB차차차에서는 고객님들께서 안심하고 차량을 거래하실 수 있도록 다양한 서비스를
제공해 드리고 있습니다. 앞으로도 고객님들이 만족하는 플랫폼이 되도록 노력하겠습니다!
소중한 의견 감사 드리며 앞으로도 KB차차차 많은 이용과 관심 부탁 드립니다.",kr.co.kbc.cha.android,
Android,YJ Lee,5,,"중고차를 구매하려고 하던 차에 KB차차차를 알게 됐는데, 많은 도움이 되고 있어요!",2024-10-18 23:49:35,0.0,"안녕하세요 고객님, KB차차차입니다. KB차차차에서는 고객님들께서 안심하고 차량을 거래하실 수 있도록 다양한 서비스를
제공해 드리고 있습니다. 앞으로도 고객님들이 만족하는 플랫폼이 되도록 노력하겠습니다!
소중한 의견 감사 드리며 앞으로도 KB차차차 많은 이용과 관심 부탁 드립니다.",kr.co.kbc.cha.android,5.0.0
Android,이선우,5,,차량의 대한 설명도 좋고 여러 매물들을 한번에 볼 수 있어 좋았어요,2024-10-18 23:07:44,0.0,"안녕하세요 고객님, KB차차차입니다. KB차차차에서는 고객님들께서 안심하고 차량을 거래하실 수 있도록 다양한 서비스를
제공해 드리고 있습니다. 앞으로도 고객님들이 만족하는 플랫폼이 되도록 노력하겠습니다!
소중한 의견 감사 드리며 앞으로도 KB차차차 많은 이용과 관심 부탁 드립니다.",kr.co.kbc.cha.android,5.0.0
Android,Gold Man,5,,구성이 깔끔하고 앱 사용 혜택도 많이 있는 것 같습니다. 잘 쓰고 있습니다. ^^,2024-10-18 21:57:47,0.0,"안녕하세요 고객님, KB차차차입니다. KB차차차에서는 고객님들께서 안심하고 차량을 거래하실 수 있도록 다양한 서비스를
제공해 드리고 있습니다. 앞으로도 고객님들이 만족하는 플랫폼이 되도록 노력하겠습니다!
소중한 의견 감사 드리며 앞으로도 KB차차차 많은 이용과 관심 부탁 드립니다.",kr.co.kbc.cha.android,5.0.0
Android,John Connor,5,,상대적으로 저렴한차를 비교해볼수잇어요.차를 볼수잇는 지식도 물론 필요해요.전체적으로 어플구조가 쓰기 편합니다.,2024-10-18 21:57:27,0.0,"안녕하세요 고객님, KB차차차입니다. 소중한 리뷰 남겨주셔서 감사합니다. KB차차차는 무엇보다도 고객님께서 어렵게 느껴지는
중고차를 쉽고 편하게 거래하실 수 있도록 도와드리는 것을 목표로 하고 있습니다 :) 미션 콤플릿 할 때까지 옆에
꼭 있어주실거죠~? 간편하지만 든든한! 중고차 플랫폼 KB차차차가 되기 위해 열일하겠습니다. 앞으로도 많은 이용 부탁드립니다.
감사합니다!!",kr.co.kbc.cha.android,5.0.0
Android,jhee h,5,,신랑과 전기차 구매를 상의하던중 알게된어플이에요 중고차 사고팔기용이하고 정보도많아서좋아요^^,2024-10-18 19:36:39,0.0,"안녕하세요 고객님, KB차차차입니다. 소중한 리뷰 남겨주셔서 감사합니다. KB차차차는 무엇보다도 고객님께서 어렵게 느껴지는
중고차를 쉽고 편하게 거래하실 수 있도록 도와드리는 것을 목표로 하고 있습니다 :) 미션 콤플릿 할 때까지 옆에
꼭 있어주실거죠~? 간편하지만 든든한! 중고차 플랫폼 KB차차차가 되기 위해 열일하겠습니다. 앞으로도 많은 이용 부탁드립니다.
감사합니다!!",kr.co.kbc.cha.android,
Android,나나,5,,사용자 편의성이 뛰어나고 믿을 수 있는 중고차 매물로 손쉽게 중고차 매매가 가능한것 같습니다. 너무 좋습니다.,2024-10-18 19:26:38,0.0,"안녕하세요 고객님, KB차차차입니다. 소중한 리뷰 남겨주셔서 감사합니다. KB차차차는 무엇보다도 고객님께서 어렵게 느껴지는
중고차를 쉽고 편하게 거래하실 수 있도록 도와드리는 것을 목표로 하고 있습니다 :) 미션 콤플릿 할 때까지 옆에
꼭 있어주실거죠~? 간편하지만 든든한! 중고차 플랫폼 KB차차차가 되기 위해 열일하겠습니다. 앞으로도 많은 이용 부탁드립니다.
감사합니다!!",kr.co.kbc.cha.android,
Android,강두잇,5,,차를 바꿔야해서 중고차 정보 얻기 위해 앱을 사용했어요~ 중고차 관련된 많은 정보가 도움이 많이 됐습니다!,2024-10-18 17:13:44,1.0,"안녕하세요 고객님, KB차차차입니다. 소중한 리뷰 남겨주셔서 감사합니다. KB차차차는 무엇보다도 고객님께서 어렵게 느껴지는
중고차를 쉽고 편하게 거래하실 수 있도록 도와드리는 것을 목표로 하고 있습니다 :) 미션 콤플릿 할 때까지 옆에
꼭 있어주실거죠~? 간편하지만 든든한! 중고차 플랫폼 KB차차차가 되기 위해 열일하겠습니다. 앞으로도 많은 이용 부탁드립니다.
감사합니다!!",kr.co.kbc.cha.android,5.0.0
Android,Yeogyun Yoon (Leo),4,,"중고차 거래를 위해 평소에도 쉽게 찾아볼 수 있는 어플을 사용하고 있습니다. KB차차차는 그 중에서도 매물수가 많은 편이고 검색 시 다양한 조건을 통해 원하는 매물을 빠르게 검색할 수 있어 좋습니다. 특히 차량 옵션 검색에 있어 매우 상세한 분류가 가능하며 옵션에 대한 사진과 설명 또한 예시로 보여주기에 차량에 대해 많이 모르시는 분도 검색이 용이합니다. 다만, 매물 정보 업로드에서 검수가 좀 필요할 것으로 보이는 경우가 좀 있네요... 조건에 맞지 않는 차량이 리스트에 종종 있습니다. 인승이나 연료 등의 부분이 부합되지 않는데 결과에 포함되네요. 딜러가 정보를 제대로 작성하지 않아 그런거 같네요...",2024-10-18 17:00:40,239.0,"안녕하세요 고객님, KB차차차입니다. 소중한 리뷰 남겨주셔서 감사합니다. KB차차차가 제공하는 시세는 믿을 수 있는 AI 기반의
국민시세로 고객님께서 든든하게 이용하실 수 있습니다 :) 또한 실차주 마크 차량은 허위매물 걱정 없는 매물로 더욱 믿고
이용하실 수 있겠죠? 앞으로도 많은 관심 부탁드립니다. 감사합니다!",kr.co.kbc.cha.android,5.0.0
Android,설은혜,5,,KB차차차 중고차매매를알게되어서너무나도좋은정보알게되었어요차도믿음직하게구입할수있어서좋네요,2024-10-18 16:50:42,0.0,"안녕하세요 고객님, KB차차차입니다. 소중한 리뷰 남겨주셔서 감사합니다. KB차차차가 제공하는 시세는 믿을 수 있는 AI 기반의
국민시세로 고객님께서 든든하게 이용하실 수 있습니다 :) 또한 실차주 마크 차량은 허위매물 걱정 없는 매물로 더욱 믿고
이용하실 수 있겠죠? 앞으로도 많은 관심 부탁드립니다. 감사합니다!",kr.co.kbc.cha.android,5.0.0
Android,You Hoo,5,,KB차차차 중고차매매시 유용하고 좋네요,2024-10-18 16:48:01,0.0,"안녕하세요 고객님, KB차차차입니다. 소중한 리뷰 남겨주셔서 감사합니다. KB차차차가 제공하는 시세는 믿을 수 있는 AI 기반의
국민시세로 고객님께서 든든하게 이용하실 수 있습니다 :) 또한 실차주 마크 차량은 허위매물 걱정 없는 매물로 더욱 믿고
이용하실 수 있겠죠? 앞으로도 많은 관심 부탁드립니다. 감사합니다!",kr.co.kbc.cha.android,5.0.0
Android,강혜정,5,,자동차 중고 매매 시세를 알아볼때 접근성과 정보조회가 좋아서 어플 사용이 편리합니다.내차 정보시세 조회나 다른유용한 정보도 찾아볼수있어 좋습니다.,2024-10-18 16:33:25,0.0,"안녕하세요 고객님, KB차차차입니다. 소중한 리뷰 남겨주셔서 감사합니다. KB차차차가 제공하는 시세는 믿을 수 있는 AI 기반의
국민시세로 고객님께서 든든하게 이용하실 수 있습니다 :) 또한 실차주 마크 차량은 허위매물 걱정 없는 매물로 더욱 믿고
이용하실 수 있겠죠? 앞으로도 많은 관심 부탁드립니다. 감사합니다!",kr.co.kbc.cha.android,4.9.12
Android,jh k,5,,내차관리에도 도움되고 차를바꿀때에도 많은 정보얻을수있어 좋네요.,2024-10-18 16:25:33,1.0,"안녕하세요 고객님, KB차차차입니다. 국내 최다 매물을 보유한 KB차차차에서는 편리한 검색기능도 함께 갖추어 원하시는 차량을
보다 쉽고 편리하게 찾아보실 수 있습니다!! 소중한 의견 감사드리고 보다 나은 서비스 제공을 위해
더욱 노력하는 KB차차차 될 것을 약속드립니다. 감사합니다. :)",kr.co.kbc.cha.android,5.0.0
Android,뭘알려고하냐 (비밀),5,,중고차 살때 꼭 필요한 필수앱 인것 같아요 우선 사용성이 편리하고 내차의 시세정보를 쉽게 알 수 있는점이 맘에 듭니다. 그러기 위해선 좀 디테일하게 적어야하지만요^^; 그래도 주변에서 추천이 자자한 만큼 저도 이젠 추천인이 되어 KB차차차를 추천합니다,2024-10-18 16:21:49,61.0,"안녕하세요 고객님, KB차차차입니다. 국내 최다 매물을 보유한 KB차차차에서는 편리한 검색기능도 함께 갖추어 원하시는 차량을
보다 쉽고 편리하게 찾아보실 수 있습니다!! 소중한 의견 감사드리고 보다 나은 서비스 제공을 위해
더욱 노력하는 KB차차차 될 것을 약속드립니다. 감사합니다. :)",kr.co.kbc.cha.android,5.0.0
Android,양승진,4,,정보를 찾아보기가 좋네요,2024-10-18 16:20:30,0.0,"안녕하세요 고객님, KB차차차입니다. 국내 최다 매물을 보유한 KB차차차에서는 편리한 검색기능도 함께 갖추어 원하시는 차량을
보다 쉽고 편리하게 찾아보실 수 있습니다!! 소중한 의견 감사드리고 보다 나은 서비스 제공을 위해
더욱 노력하는 KB차차차 될 것을 약속드립니다. 감사합니다. :)",kr.co.kbc.cha.android,5.0.0
Android,조진리,5,,"중고차를 알아볼때 처음에 당황했는데 주변지인을통해처음접했어요 다양한차량을 비교해볼수있고, 사용하기 복잡하지않고 간편해서 잘사용하고있고 만족합니다",2024-10-18 16:17:29,0.0,"안녕하세요 고객님, KB차차차입니다. 국내 최다 매물을 보유한 KB차차차에서는 편리한 검색기능도 함께 갖추어 원하시는 차량을
보다 쉽고 편리하게 찾아보실 수 있습니다!! 소중한 의견 감사드리고 보다 나은 서비스 제공을 위해
더욱 노력하는 KB차차차 될 것을 약속드립니다. 감사합니다. :)",kr.co.kbc.cha.android,5.0.0
Android,박예솔,5,,앱 접속이 빠르고 구성이 편리합니다.,2024-10-18 16:10:54,0.0,"안녕하세요 고객님, KB차차차입니다. 국내 최다 매물을 보유한 KB차차차에서는 편리한 검색기능도 함께 갖추어 원하시는 차량을
보다 쉽고 편리하게 찾아보실 수 있습니다!! 소중한 의견 감사드리고 보다 나은 서비스 제공을 위해
더욱 노력하는 KB차차차 될 것을 약속드립니다. 감사합니다. :)",kr.co.kbc.cha.android,5.0.0
Android,jenny kim,5,,중고차 시세도 편하게 알수 있고 내차 시세. 자동차 운행 관리까지 어플로 다 알수 있어 편하네요,2024-10-18 16:05:43,1.0,"안녕하세요 고객님, KB차차차입니다. 소중한 리뷰 남겨주셔서 감사합니다. KB차차차가 제공하는 시세는 믿을 수 있는 AI 기반의
국민시세로 고객님께서 든든하게 이용하실 수 있습니다 :) 또한 실차주 마크 차량은 허위매물 걱정 없는 매물로 더욱 믿고
이용하실 수 있겠죠? 앞으로도 많은 관심 부탁드립니다. 감사합니다!",kr.co.kbc.cha.android,5.0.0
Android,김용궁,5,,앱 잘 사용하고 있어요.,2024-10-18 16:04:29,0.0,"안녕하세요 고객님, KB차차차입니다. 소중한 리뷰 남겨주셔서 감사합니다. KB차차차가 제공하는 시세는 믿을 수 있는 AI 기반의
국민시세로 고객님께서 든든하게 이용하실 수 있습니다 :) 또한 실차주 마크 차량은 허위매물 걱정 없는 매물로 더욱 믿고
이용하실 수 있겠죠? 앞으로도 많은 관심 부탁드립니다. 감사합니다!",kr.co.kbc.cha.android,5.0.0
Android,진량서우서준이맘,3,,이용자가 좀 편리하게 앱이 되어있었으면 좋겠습니다.,2024-10-18 16:04:29,0.0,"안녕하세요 고객님, KB차차차입니다. 소중한 리뷰 남겨주셔서 감사합니다. KB차차차가 제공하는 시세는 믿을 수 있는 AI 기반의
국민시세로 고객님께서 든든하게 이용하실 수 있습니다 :) 또한 실차주 마크 차량은 허위매물 걱정 없는 매물로 더욱 믿고
이용하실 수 있겠죠? 앞으로도 많은 관심 부탁드립니다. 감사합니다!",kr.co.kbc.cha.android,5.0.0
Android,강근원,5,,믿을만하고편리함,2024-10-18 16:02:17,0.0,"안녕하세요 고객님, KB차차차입니다. 국내 최다 매물을 보유한 KB차차차에서는 편리한 검색기능도 함께 갖추어 원하시는 차량을
보다 쉽고 편리하게 찾아보실 수 있습니다!! 소중한 의견 감사드리고 보다 나은 서비스 제공을 위해
더욱 노력하는 KB차차차 될 것을 약속드립니다. 감사합니다. :)",kr.co.kbc.cha.android,
Android,신선화,5,,이벤트도 많고 차팔고 사기 편한 앱입니다,2024-10-18 16:02:01,0.0,"안녕하세요 고객님, KB차차차입니다. 국내 최다 매물을 보유한 KB차차차에서는 편리한 검색기능도 함께 갖추어 원하시는 차량을
보다 쉽고 편리하게 찾아보실 수 있습니다!! 소중한 의견 감사드리고 보다 나은 서비스 제공을 위해
더욱 노력하는 KB차차차 될 것을 약속드립니다. 감사합니다. :)",kr.co.kbc.cha.android,5.0.0
Android,조강인,5,,정말 편리하고 중고차 거래 할때 정말 편해요,2024-10-18 16:01:57,0.0,"안녕하세요 고객님, KB차차차입니다. 국내 최다 매물을 보유한 KB차차차에서는 편리한 검색기능도 함께 갖추어 원하시는 차량을
보다 쉽고 편리하게 찾아보실 수 있습니다!! 소중한 의견 감사드리고 보다 나은 서비스 제공을 위해
더욱 노력하는 KB차차차 될 것을 약속드립니다. 감사합니다. :)",kr.co.kbc.cha.android,
Android,PP점스,5,,다운받고나서 이어리뷰글이어 뒤늦게라도남김이어다운받고나서지운것외에이어sns가입인카카오가입이있는지모르는경우도있기도글이어서어쨌든글요글2024년10월17일목요일에글기재해서남겼기도합니다글내용에서입니다...,2024-10-17 10:11:56,0.0,"안녕하세요 고객님, KB차차차입니다. 국내 최다 매물을 보유한 KB차차차에서는 편리한 검색기능도 함께 갖추어 원하시는 차량을
보다 쉽고 편리하게 찾아보실 수 있습니다!! 소중한 의견 감사드리고 보다 나은 서비스 제공을 위해
더욱 노력하는 KB차차차 될 것을 약속드립니다. 감사합니다. :)",kr.co.kbc.cha.android,
Android,깐깐징어,1,,설치,2024-10-16 19:21:48,0.0,"안녕하세요 고객님, KB차차차입니다. 국내 최다 매물을 보유한 KB차차차에서는 편리한 검색기능도 함께 갖추어 원하시는 차량을
보다 쉽고 편리하게 찾아보실 수 있습니다!! 소중한 의견 감사드리고 보다 나은 서비스 제공을 위해
더욱 노력하는 KB차차차 될 것을 약속드립니다. 감사합니다. :)",kr.co.kbc.cha.android,5.0.0
Android,한상진,5,,사용하기 너무 편리해요,2024-10-12 17:32:36,0.0,"안녕하세요 고객님, KB차차차입니다. KB차차차 이용이 편리하셨나요? KB차차차에서는 내 차 팔기도! 사기도!
완전 편리하게 이용하실 수 있다구요! 앞으로도 KB차차차와 함께, 슬기로운 중고차생활을 영위해보세요~!
",kr.co.kbc.cha.android,5.0.0
Android,JJ Han,1,,앱 속도 실화임 ?? 개느림,2024-10-12 02:33:35,0.0,"안녕하세요 고객님, KB차차차입니다. 우선 KB차차차 이용에 불편을 드려 대단히 죄송합니다. 오류가 발생할 경우 KB차차차
대표번호 1670-4777로 연락주시면 최선을 다해 도와드리도록 하겠습니다. 다시 한 번 이용에 불편을 드려 대단히 죄송합니다.
감사합니다.
",kr.co.kbc.cha.android,4.9.11
Android,각선미죽여줘,5,,KB차차차 앱이 우선 메뉴가 찾기쉽게 분류되어 있어서 가독성이 좋고 중고차도 여러브랜드 정보도 많고 정확해서 중고차매매하는데 좋은정보를 얻을 수 있을 것 같아요 깨알 이벤트들도 있어서 좋습니다,2024-10-11 21:49:54,0.0,,kr.co.kbc.cha.android,5.0.0
Android,CHANHO PARK,5,,분류별로 잘 정리되어 있구 매물도 많아서 좋아요~^-^,2024-10-11 18:13:16,0.0,,kr.co.kbc.cha.android,5.0.0
Android,MIDI천국,5,,최고의 자동차 관리앱입니다. kb차차차로 자동차 관리하세요^^,2024-10-11 18:11:50,0.0,,kr.co.kbc.cha.android,
Android,정진희,5,,앱 내 아이콘들도 아기자기하고 메뉴별로 보기도 좋아 아주 마음에 듭니다. 아직 중고차 매매 계획은 정확히 없지만 향후 진행하게 되면 KB차차차 앱 통해서 하려고 합니다 :),2024-10-11 17:22:14,0.0,,kr.co.kbc.cha.android,5.0.0
Android,gyutae choi,5,,지연없이 빠르고 간편합니다,2024-10-11 16:47:14,0.0,,kr.co.kbc.cha.android,5.0.0
Android,sungchul you,5,,좋아요~~~~~~~^^,2024-10-11 16:26:14,0.0,,kr.co.kbc.cha.android,5.0.0
Android,Jikyung Song,5,,활용하기 좋아요!,2024-10-11 16:07:27,0.0,"안녕하세요 고객님, KB차차차입니다. KB차차차 이용이 편리하셨나요? KB차차차에서는 내 차 팔기도! 사기도!
완전 편리하게 이용하실 수 있다구요! 앞으로도 KB차차차와 함께, 슬기로운 중고차생활을 영위해보세요~!
",kr.co.kbc.cha.android,5.0.0
Android,다온아빠,5,,중고차 판매하는데 매우 편리하고 회원가입이나 로그인도 간단하게 할수 있어서 추천합니다.. 여러가지 중고차를 비교해 볼 수 있고 대기업에서 운영하는 거라 신뢰도가 급상승합니다. 어플도 속도도 빠르고 편리합니다 ^^,2024-10-11 16:07:15,3.0,"안녕하세요 고객님, KB차차차입니다. KB차차차 이용이 편리하셨나요? KB차차차에서는 내 차 팔기도! 사기도!
완전 편리하게 이용하실 수 있다구요! 앞으로도 KB차차차와 함께, 슬기로운 중고차생활을 영위해보세요~!
",kr.co.kbc.cha.android,5.0.0
Android,Hyemi Lee,5,,잘 쓰고 있어요 경품도 전에 당첨돼서 너무너무 기분좋아요 매일매일 들어가보고 있어요 너무 좋은 어플입니다~,2024-10-11 16:06:03,0.0,"안녕하세요 고객님, KB차차차입니다. KB차차차 이용이 편리하셨나요? KB차차차에서는 내 차 팔기도! 사기도!
완전 편리하게 이용하실 수 있다구요! 앞으로도 KB차차차와 함께, 슬기로운 중고차생활을 영위해보세요~!
",kr.co.kbc.cha.android,5.0.0
Android,Joo Ch,5,,중고차를 처음 구매하는 지인분들에게 추천해요 대기업이라 믿을만하고 시세를 정확하게 알아볼 수 있어서 좋아요 당연히 허위도 없구요,2024-10-11 16:03:41,0.0,"안녕하세요 고객님, KB차차차입니다. KB차차차 이용이 편리하셨나요? KB차차차에서는 내 차 팔기도! 사기도!
완전 편리하게 이용하실 수 있다구요! 앞으로도 KB차차차와 함께, 슬기로운 중고차생활을 영위해보세요~!
",kr.co.kbc.cha.android,4.9.2
Android,안민성,5,,사용하기 편하고 좋아요!!,2024-10-11 16:02:36,0.0,"안녕하세요 고객님, KB차차차입니다. KB차차차 이용이 편리하셨나요? KB차차차에서는 내 차 팔기도! 사기도!
완전 편리하게 이용하실 수 있다구요! 앞으로도 KB차차차와 함께, 슬기로운 중고차생활을 영위해보세요~!
",kr.co.kbc.cha.android,5.0.0
Android,지노,5,,차차차 어플 통해 편하게 견적받고 이용할 수 있어서 좋았어요. 다만 감가상각이 있을 수 있는 점 알고 있어야 할것 같아요,2024-10-11 16:02:06,0.0,"안녕하세요 고객님, KB차차차입니다. KB차차차 이용이 편리하셨나요? KB차차차에서는 내 차 팔기도! 사기도!
완전 편리하게 이용하실 수 있다구요! 앞으로도 KB차차차와 함께, 슬기로운 중고차생활을 영위해보세요~!
",kr.co.kbc.cha.android,
Android,유대진,5,,자동차 분야 뿐아니라 금융 보험등 여러가지 좋은 정보를 제공하는 앱 .,2024-10-11 16:01:46,0.0,"안녕하세요 고객님, KB차차차입니다. 칭찬, 진심으로 감사드립니다 ^^ KB차차차는 고객님들께서 보다 쉽고 편리하게 중고차를
거래하실 수 있도록 다양한 서비스를 통해 도와드리고 있어요. 소중한 리뷰 감사드리고 앞으로도
KB차차차에 많은 사랑과 관심 부탁드립니다. 감사합니다.",kr.co.kbc.cha.android,
Android,김형래,5,,너무 보기편하고 관리하거쉽고 중고차 팔때 유용하게 쓸거같아요,2024-10-11 16:00:53,0.0,"안녕하세요 고객님, KB차차차입니다. 칭찬, 진심으로 감사드립니다 ^^ KB차차차는 고객님들께서 보다 쉽고 편리하게 중고차를
거래하실 수 있도록 다양한 서비스를 통해 도와드리고 있어요. 소중한 리뷰 감사드리고 앞으로도
KB차차차에 많은 사랑과 관심 부탁드립니다. 감사합니다.",kr.co.kbc.cha.android,
Android,김상열,5,,"아반떼는7~8만km에건7~80%가보링한다고하더군요그래서내차역시9만7천,km에보링한상태로양호합니다",2024-10-07 15:06:03,0.0,"안녕하세요 고객님, KB차차차입니다. 칭찬, 진심으로 감사드립니다 ^^ KB차차차는 고객님들께서 보다 쉽고 편리하게 중고차를
거래하실 수 있도록 다양한 서비스를 통해 도와드리고 있어요. 소중한 리뷰 감사드리고 앞으로도
KB차차차에 많은 사랑과 관심 부탁드립니다. 감사합니다.",kr.co.kbc.cha.android,
Android,Heang Mi Lee,2,,별점주기가 그렇네요. 업데트하고나서 15일을 계속 롤렛돌리면 꽝이네요. 쩝 ㅠ.ㅠ 출석은 내년까지 안되고 롤렛은 여전히 꽝이고 kbs차차차 재테크 안되네요.,2024-10-06 21:28:09,0.0,"안녕하세요 고객님, KB차차차입니다. 국내 최다 매물을 보유한 KB차차차에서는 편리한 검색기능도 함께 갖추어 원하시는 차량을
보다 쉽고 편리하게 찾아보실 수 있습니다!! 소중한 의견 감사드리고 보다 나은 서비스 제공을 위해
더욱 노력하는 KB차차차 될 것을 약속드립니다. 감사합니다. :)",kr.co.kbc.cha.android,5.0.0
Android,정대철,5,,내 차 시세를 잘 알수있어서 차매매하는데 좋습니다,2024-10-04 23:27:43,0.0,"안녕하세요 고객님, KB차차차입니다. 칭찬, 진심으로 감사드립니다 ^^ KB차차차는 고객님들께서 보다 쉽고 편리하게 중고차를
거래하실 수 있도록 다양한 서비스를 통해 도와드리고 있어요. 소중한 리뷰 감사드리고 앞으로도
KB차차차에 많은 사랑과 관심 부탁드립니다. 감사합니다.",kr.co.kbc.cha.android,
Android,조수련,5,,Kb라 믿음가고 진단보장차있고 중고차에 항상 관심 많은데 보기 편하게되어있어서 좋네요,2024-10-04 23:23:11,0.0,"안녕하세요 고객님, KB차차차입니다. 칭찬, 진심으로 감사드립니다 ^^ KB차차차는 고객님들께서 보다 쉽고 편리하게 중고차를
거래하실 수 있도록 다양한 서비스를 통해 도와드리고 있어요. 소중한 리뷰 감사드리고 앞으로도
KB차차차에 많은 사랑과 관심 부탁드립니다. 감사합니다.",kr.co.kbc.cha.android,5.0.0
Android,김형진,5,,"차를 바꿀 때가 되어서 중고차 관련 앱을 찾아보던 중 KB 차차차를 접하게 되었습니다. 다양한 매물들을 찾기 쉽게 되어 있고, 쉽게 비교할 수 있어서 참 편리했습니다. 그리고 내 차를 팔 때에도 유용하게 사용해 볼 것 같습니다.",2024-10-04 23:06:32,2.0,"안녕하세요 고객님, KB차차차입니다. 칭찬, 진심으로 감사드립니다 ^^ KB차차차는 고객님들께서 보다 쉽고 편리하게 중고차를
거래하실 수 있도록 다양한 서비스를 통해 도와드리고 있어요. 소중한 리뷰 감사드리고 앞으로도
KB차차차에 많은 사랑과 관심 부탁드립니다. 감사합니다.",kr.co.kbc.cha.android,
Android,김소라,5,,면허따고 세컨카 알아보는데 차에 대해 잘 몰라도 KB인증중고차가 있으니 믿고 알아볼 수 있어요~,2024-10-04 22:46:17,0.0,"안녕하세요 고객님, KB차차차입니다. 칭찬, 진심으로 감사드립니다 ^^ KB차차차는 고객님들께서 보다 쉽고 편리하게 중고차를
거래하실 수 있도록 다양한 서비스를 통해 도와드리고 있어요. 소중한 리뷰 감사드리고 앞으로도
KB차차차에 많은 사랑과 관심 부탁드립니다. 감사합니다.",kr.co.kbc.cha.android,5.0.0
Android,최승용,5,,내차 등록 및 중고차 관련 모든 사항을 알아 볼수 있어서 너무 좋네요. kb계열이어서 이 부분도 믿음이 갑니다. 중고차매매 할때는 kb차차차에서 하겠습니다.,2024-10-04 21:45:15,0.0,"안녕하세요 고객님, KB차차차입니다. 칭찬, 진심으로 감사드립니다 ^^ KB차차차는 고객님들께서 보다 쉽고 편리하게 중고차를
거래하실 수 있도록 다양한 서비스를 통해 도와드리고 있어요. 소중한 리뷰 감사드리고 앞으로도
KB차차차에 많은 사랑과 관심 부탁드립니다. 감사합니다.",kr.co.kbc.cha.android,5.0.0
Android,김민정,5,,보기편하고 너무 간편해서 좋아요 이벤트도 많이하고 굿!!,2024-10-04 21:43:11,0.0,"안녕하세요 고객님, KB차차차입니다. 칭찬, 진심으로 감사드립니다 ^^ KB차차차는 고객님들께서 보다 쉽고 편리하게 중고차를
거래하실 수 있도록 다양한 서비스를 통해 도와드리고 있어요. 소중한 리뷰 감사드리고 앞으로도
KB차차차에 많은 사랑과 관심 부탁드립니다. 감사합니다.",kr.co.kbc.cha.android,4.9.11
Android,이이희정,5,,차 알아보려고 설치했는데 매물도 많고 설명도 자세해서 좋은 것 같아요 잘 이용하고 있어요,2024-10-04 21:38:52,3.0,"안녕하세요 고객님, KB차차차입니다. KB차차차에서는 고객님들께서 안심하고 차량을 거래하실 수 있도록 다양한 서비스를
제공해 드리고 있습니다. 앞으로도 고객님들이 만족하는 플랫폼이 되도록 노력하겠습니다!
소중한 의견 감사 드리며 앞으로도 KB차차차 많은 이용과 관심 부탁 드립니다.",kr.co.kbc.cha.android,5.0.0
Android,배재현,5,,잘쓰고있습니다,2024-10-04 20:20:57,0.0,"안녕하세요 고객님, KB차차차입니다. KB차차차에서는 고객님들께서 안심하고 차량을 거래하실 수 있도록 다양한 서비스를
제공해 드리고 있습니다. 앞으로도 고객님들이 만족하는 플랫폼이 되도록 노력하겠습니다!
소중한 의견 감사 드리며 앞으로도 KB차차차 많은 이용과 관심 부탁 드립니다.",kr.co.kbc.cha.android,5.0.0
Android,김현경,5,,주변에서 차차차 앱 많이 이용하고 있어 저도 덩달아 사용하고 있어요. 당장에 매매 안 하더라도 정보 수집 창구로 활용하고 있습니다. 앱 속도도 빠르고 잘 정돈되어 있어 쓰기 편리하고 좋네요.,2024-10-04 19:46:00,4.0,"안녕하세요 고객님, KB차차차입니다. KB차차차에서는 고객님들께서 안심하고 차량을 거래하실 수 있도록 다양한 서비스를
제공해 드리고 있습니다. 앞으로도 고객님들이 만족하는 플랫폼이 되도록 노력하겠습니다!
소중한 의견 감사 드리며 앞으로도 KB차차차 많은 이용과 관심 부탁 드립니다.",kr.co.kbc.cha.android,5.0.0
Android,김덕권,5,,차에 대한 모든 정보가 통합되어서 확인하기 유용해요,2024-10-04 19:21:48,0.0,"안녕하세요 고객님, KB차차차입니다. KB차차차에서는 고객님들께서 안심하고 차량을 거래하실 수 있도록 다양한 서비스를
제공해 드리고 있습니다. 앞으로도 고객님들이 만족하는 플랫폼이 되도록 노력하겠습니다!
소중한 의견 감사 드리며 앞으로도 KB차차차 많은 이용과 관심 부탁 드립니다.",kr.co.kbc.cha.android,
Android,이경훈,5,,"차량번호만 입력하면 시세부터 가격범위, 추천차량까지 한방에 다 보여줘서 편해요",2024-10-04 19:20:46,0.0,"안녕하세요 고객님, KB차차차입니다. KB차차차에서는 고객님들께서 안심하고 차량을 거래하실 수 있도록 다양한 서비스를
제공해 드리고 있습니다. 앞으로도 고객님들이 만족하는 플랫폼이 되도록 노력하겠습니다!
소중한 의견 감사 드리며 앞으로도 KB차차차 많은 이용과 관심 부탁 드립니다.",kr.co.kbc.cha.android,5.0.0
Android,이병호,5,,오래 타고다니던차가 잔고장이 자주생겨 옮겨탈만한 중고차를 찾기위해 KB차차차를 가입했어요!! 검색하기도 좋고 매물도 많아서 일주일만에 원하던 차량을 찾아서 갈아타기 성공했습니다 ^^ KB차차차 강추합니다!!,2024-10-04 19:13:01,1.0,"안녕하세요 고객님, KB차차차입니다. KB차차차에서는 고객님들께서 안심하고 차량을 거래하실 수 있도록 다양한 서비스를
제공해 드리고 있습니다. 앞으로도 고객님들이 만족하는 플랫폼이 되도록 노력하겠습니다!
소중한 의견 감사 드리며 앞으로도 KB차차차 많은 이용과 관심 부탁 드립니다.",kr.co.kbc.cha.android,5.0.0
Android,DS SAM,5,,중고차 구매에 관심이 있었는데 kb차차차가 매물대수 1위라고 들어서 유용하게 사용할수있겠어요 원하는 차량 검색이나 시세조회도 편리합니다,2024-10-04 18:39:45,0.0,"안녕하세요 고객님, KB차차차입니다. KB차차차에서는 고객님들께서 안심하고 차량을 거래하실 수 있도록 다양한 서비스를
제공해 드리고 있습니다. 앞으로도 고객님들이 만족하는 플랫폼이 되도록 노력하겠습니다!
소중한 의견 감사 드리며 앞으로도 KB차차차 많은 이용과 관심 부탁 드립니다.",kr.co.kbc.cha.android,5.0.0
Android,릴리,5,,메뉴에 kb 진단 중고차라고 나오던데 선별된 무사고 차량에 그 진단 내용에 대해 책임 및 보상까지 한다고 하니 안심하고 중고차 구매할 수 있을 것 같아요 검색 기능도 눌러 봤는데 검색 조건도 다양해서 중고차에 대한 자세한 정보를 알 수 있어서 좋아요~,2024-10-04 18:25:26,0.0,"안녕하세요 고객님, KB차차차입니다. 소중한 리뷰 남겨주셔서 감사합니다. 간편하지만 든든함까지 챙기는 KB차차차!
기능은 간편하게~ 서비스는 든든하게~ 언제나 고객님의 입장에서 고민하는 KB차차차입니다 :) 앞으로도 믿고 사용하실 수
있는 유일한 중고차 플랫폼이 될 수 있도록 노력을 아끼지 않겠습니다. 많은 이용 부탁드립니다. 감사합니다!",kr.co.kbc.cha.android,5.0.0
Android,행복한사람,5,,중고차 시세가 궁금했는데 자세히 잘 나와있어서 좋아요!!,2024-10-04 18:15:44,0.0,"안녕하세요 고객님, KB차차차입니다. 소중한 리뷰 남겨주셔서 감사합니다. 간편하지만 든든함까지 챙기는 KB차차차!
기능은 간편하게~ 서비스는 든든하게~ 언제나 고객님의 입장에서 고민하는 KB차차차입니다 :) 앞으로도 믿고 사용하실 수
있는 유일한 중고차 플랫폼이 될 수 있도록 노력을 아끼지 않겠습니다. 많은 이용 부탁드립니다. 감사합니다!",kr.co.kbc.cha.android,5.0.0
Android,손보경,5,,앱 사용하기 편리하고 메뉴도 손쉽게 찾기 쉽고 설치도 업데이트도 빠르게 할수 있어서 좋아요♡,2024-10-04 18:04:53,0.0,"안녕하세요 고객님, KB차차차입니다. 소중한 리뷰 남겨주셔서 감사합니다. 간편하지만 든든함까지 챙기는 KB차차차!
기능은 간편하게~ 서비스는 든든하게~ 언제나 고객님의 입장에서 고민하는 KB차차차입니다 :) 앞으로도 믿고 사용하실 수
있는 유일한 중고차 플랫폼이 될 수 있도록 노력을 아끼지 않겠습니다. 많은 이용 부탁드립니다. 감사합니다!",kr.co.kbc.cha.android,5.0.0
Android,조상훈,5,,앱이 너무 알아보기좋고 편리합니다,2024-10-04 17:39:09,0.0,"안녕하세요 고객님, KB차차차입니다. 소중한 리뷰 남겨주셔서 감사합니다. 간편하지만 든든함까지 챙기는 KB차차차!
기능은 간편하게~ 서비스는 든든하게~ 언제나 고객님의 입장에서 고민하는 KB차차차입니다 :) 앞으로도 믿고 사용하실 수
있는 유일한 중고차 플랫폼이 될 수 있도록 노력을 아끼지 않겠습니다. 많은 이용 부탁드립니다. 감사합니다!",kr.co.kbc.cha.android,
Android,jiyun chae,5,,앱이 직관적이고 사용하기편리함 카테고리가잘나뉘어져있음,2024-10-04 17:17:16,0.0,"안녕하세요 고객님, KB차차차입니다. 소중한 리뷰 남겨주셔서 감사합니다. 간편하지만 든든함까지 챙기는 KB차차차!
기능은 간편하게~ 서비스는 든든하게~ 언제나 고객님의 입장에서 고민하는 KB차차차입니다 :) 앞으로도 믿고 사용하실 수
있는 유일한 중고차 플랫폼이 될 수 있도록 노력을 아끼지 않겠습니다. 많은 이용 부탁드립니다. 감사합니다!",kr.co.kbc.cha.android,5.0.0
Android,이혜선,5,,면허따고 중고차를 알아보면서 이것저것 어플 설치해서 사용중인데 가독성도 좋고 신뢰가 가서 좋습니다.,2024-10-04 17:11:17,0.0,"안녕하세요 고객님, KB차차차입니다. 소중한 리뷰 남겨주셔서 감사합니다. 간편하지만 든든함까지 챙기는 KB차차차!
기능은 간편하게~ 서비스는 든든하게~ 언제나 고객님의 입장에서 고민하는 KB차차차입니다 :) 앞으로도 믿고 사용하실 수
있는 유일한 중고차 플랫폼이 될 수 있도록 노력을 아끼지 않겠습니다. 많은 이용 부탁드립니다. 감사합니다!",kr.co.kbc.cha.android,5.0.0
Android,박진우,5,,차 정비 이력 마이데이터도 연동되었으면 합니다,2024-10-04 17:09:18,1.0,"안녕하세요 고객님, KB차차차입니다. 소중한 리뷰 남겨주셔서 감사합니다. 간편하지만 든든함까지 챙기는 KB차차차!
기능은 간편하게~ 서비스는 든든하게~ 언제나 고객님의 입장에서 고민하는 KB차차차입니다 :) 앞으로도 믿고 사용하실 수
있는 유일한 중고차 플랫폼이 될 수 있도록 노력을 아끼지 않겠습니다. 많은 이용 부탁드립니다. 감사합니다!",kr.co.kbc.cha.android,5.0.0
Android,최용준,5,,"KB차차차에서 중고차에 대한 솔직한 리뷰와 메뉴,디자인 그리고 KB만의 이벤트가 다양하고 항상 중고차에 대해 비교시에 No.1으로 보는 어플이에요! 앞으로도 풍성하고 알찬 콘텐츠들로 많은 분들과 공감하고 더 가깝게 소통하는 KB차차차로 사랑받길 바라며 응원해요",2024-10-04 17:02:43,1.0,"안녕하세요 고객님, KB차차차입니다. 간편 회원가입 후 차량번호를 입력해주시면 내 차 시세 조회 및 내 차의 보험,사고이력
조회가 가능하며 놓치기 쉬운 차량관리 서비스를 알아서 차차차가 챙겨 드립니다. 고객님의 성원에 힘입어 다양한 이벤트 또한
진행되고 있으니 앞으로도 KB차차차 많은 관심과 이용 부탁 드립니다. 감사합니다.",kr.co.kbc.cha.android,5.0.0
Android,김쥬,5,,앱오류도없고 정보도많고 유용하게 잘사용하고 있습니다~ 주위에 추천해줬어요,2024-10-04 16:54:36,1.0,"안녕하세요 고객님, KB차차차입니다. 간편 회원가입 후 차량번호를 입력해주시면 내 차 시세 조회 및 내 차의 보험,사고이력
조회가 가능하며 놓치기 쉬운 차량관리 서비스를 알아서 차차차가 챙겨 드립니다. 고객님의 성원에 힘입어 다양한 이벤트 또한
진행되고 있으니 앞으로도 KB차차차 많은 관심과 이용 부탁 드립니다. 감사합니다.",kr.co.kbc.cha.android,5.0.0
Android,손보람,5,,메뉴도 깔끔하고 중고차 시세나 내 차 시세 알아보기도 쉬워요!,2024-10-04 16:36:25,0.0,"안녕하세요 고객님, KB차차차입니다. 간편 회원가입 후 차량번호를 입력해주시면 내 차 시세 조회 및 내 차의 보험,사고이력
조회가 가능하며 놓치기 쉬운 차량관리 서비스를 알아서 차차차가 챙겨 드립니다. 고객님의 성원에 힘입어 다양한 이벤트 또한
진행되고 있으니 앞으로도 KB차차차 많은 관심과 이용 부탁 드립니다. 감사합니다.",kr.co.kbc.cha.android,5.0.0
Android,이선미,5,,내차 등록해놓으면 내차시세도 자동업데이트 되고 여러모로 차량관련 정보가 많아요.,2024-10-04 16:35:54,1.0,"안녕하세요 고객님, KB차차차입니다. 간편 회원가입 후 차량번호를 입력해주시면 내 차 시세 조회 및 내 차의 보험,사고이력
조회가 가능하며 놓치기 쉬운 차량관리 서비스를 알아서 차차차가 챙겨 드립니다. 고객님의 성원에 힘입어 다양한 이벤트 또한
진행되고 있으니 앞으로도 KB차차차 많은 관심과 이용 부탁 드립니다. 감사합니다.",kr.co.kbc.cha.android,5.0.0
Android,Cuckoo Park,5,,좋기는 한데 많이 느린게 단점이에요 다양한 이벤트를 바래요,2024-10-04 16:33:15,0.0,"안녕하세요 고객님, KB차차차입니다. 소중한 리뷰 남겨주셔서 감사합니다. KB차차차는 무엇보다도 고객님께서 어렵게 느껴지는
중고차를 쉽고 편하게 거래하실 수 있도록 도와드리는 것을 목표로 하고 있습니다 :) 말씀 주신 실행 속도는 지속적으로 개선할 수 있도록 노력하겠습니다. 감사합니다!",kr.co.kbc.cha.android,5.0.0
Android,박혜경,5,,중고차 매물을 보기위해 가입했어요. 매물도 많고 도움되었습니다. 굿굿,2024-10-04 16:32:12,0.0,"안녕하세요 고객님, KB차차차입니다. 간편 회원가입 후 차량번호를 입력해주시면 내 차 시세 조회 및 내 차의 보험,사고이력
조회가 가능하며 놓치기 쉬운 차량관리 서비스를 알아서 차차차가 챙겨 드립니다. 고객님의 성원에 힘입어 다양한 이벤트 또한
진행되고 있으니 앞으로도 KB차차차 많은 관심과 이용 부탁 드립니다. 감사합니다.",kr.co.kbc.cha.android,
Android,박종필,4,,"중고차 사고 팔때 필수앱, 여러앱들과 비교해서 내차사거나 팔때 좋아요",2024-10-04 16:26:43,0.0,"안녕하세요 고객님, KB차차차입니다. 간편 회원가입 후 차량번호를 입력해주시면 내 차 시세 조회 및 내 차의 보험,사고이력
조회가 가능하며 놓치기 쉬운 차량관리 서비스를 알아서 차차차가 챙겨 드립니다. 고객님의 성원에 힘입어 다양한 이벤트 또한
진행되고 있으니 앞으로도 KB차차차 많은 관심과 이용 부탁 드립니다. 감사합니다.",kr.co.kbc.cha.android,5.0.0
Android,훈s,5,,중고차 구입이 처음이라서 주변에서 중고차 구입시 어떤 앱을 사용해야할지 물어보면 거의 대다수가 차차차를 추천하더라구요. 그래서 직접 사용해보니 사용자 편의성도 뛰어나고 매물도 다양하고 내가 원하는 옵션에 원하는 차량이 다양하게 있어서 차량 구입하는데 도움이 많이 되었습니다.,2024-10-04 16:23:04,4.0,"안녕하세요 고객님, KB차차차입니다. 간편 회원가입 후 차량번호를 입력해주시면 내 차 시세 조회 및 내 차의 보험,사고이력
조회가 가능하며 놓치기 쉬운 차량관리 서비스를 알아서 차차차가 챙겨 드립니다. 고객님의 성원에 힘입어 다양한 이벤트 또한
진행되고 있으니 앞으로도 KB차차차 많은 관심과 이용 부탁 드립니다. 감사합니다.",kr.co.kbc.cha.android,
Android,windyday찾았다,5,,중고차를 볼때 편리한 어플입니다. 몇 년째 잘 애용하고 있습니다. 내차 팔기 내차 사기 메뉴가 보기 쉽게 잘 되어있습니다.,2024-10-04 16:22:48,0.0,,kr.co.kbc.cha.android,5.0.0
Android,만추가경,5,,정보를한눈에볼수있어서좋아요,2024-10-04 16:22:14,0.0,"안녕하세요 고객님, KB차차차입니다. KB차차차의 내차고 서비스를 통해 차량의 시세 뿐만 아니라 정기 점검일,
주행 거리, 리콜 정보 등 내차를 현명하게 관리해보실 수 있습니다.
시세 확인하고 좋은 가격에 내 차를 팔 수 있는 '팔아줘 차차차' 도 이용해보시면 효과는 배로 올라가겠죠?
고객님의 입장에서 더 나은 서비스를 제공하기 위해 KB차차차는 언제나 노력 그리고 노력하겠습니다. 감사합니다!",kr.co.kbc.cha.android,5.0.0
Android,Sungwook Koo,5,,"주변에서 추천해서 차차차를 알게 되었습니다. 그래서 처음 접해본 앱은 제 생각보다 더 좋네요. 딜러들에 대한 정보도 알 수 있고, 원하는 정보 찾기도 쉬운 것 같아요! 다만 정확한 정보를 알기 위해서는 내가 원하는 정보나 내 차 정보를 디테일하게 적어야 한다는 것은 조금 어려웠습니다.",2024-10-04 16:22:05,0.0,"안녕하세요 고객님, KB차차차입니다. KB차차차의 내차고 서비스를 통해 차량의 시세 뿐만 아니라 정기 점검일,
주행 거리, 리콜 정보 등 내차를 현명하게 관리해보실 수 있습니다.
시세 확인하고 좋은 가격에 내 차를 팔 수 있는 '팔아줘 차차차' 도 이용해보시면 효과는 배로 올라가겠죠?
고객님의 입장에서 더 나은 서비스를 제공하기 위해 KB차차차는 언제나 노력 그리고 노력하겠습니다. 감사합니다!",kr.co.kbc.cha.android,
Android,한보라,5,,차량정보를 만족스럽고 편하게 이용할수있어서 좋아요.,2024-10-04 16:21:55,0.0,"안녕하세요 고객님, KB차차차입니다. KB차차차의 내차고 서비스를 통해 차량의 시세 뿐만 아니라 정기 점검일,
주행 거리, 리콜 정보 등 내차를 현명하게 관리해보실 수 있습니다.
시세 확인하고 좋은 가격에 내 차를 팔 수 있는 '팔아줘 차차차' 도 이용해보시면 효과는 배로 올라가겠죠?
고객님의 입장에서 더 나은 서비스를 제공하기 위해 KB차차차는 언제나 노력 그리고 노력하겠습니다. 감사합니다!",kr.co.kbc.cha.android,5.0.0
Android,nara shin,5,,차차차 앱 잘 사용하고 있습니다 앞으로도 많은 서비스 제공 부탁합니다,2024-10-04 16:19:20,0.0,"안녕하세요 고객님, KB차차차입니다. KB차차차의 내차고 서비스를 통해 차량의 시세 뿐만 아니라 정기 점검일,
주행 거리, 리콜 정보 등 내차를 현명하게 관리해보실 수 있습니다.
시세 확인하고 좋은 가격에 내 차를 팔 수 있는 '팔아줘 차차차' 도 이용해보시면 효과는 배로 올라가겠죠?
고객님의 입장에서 더 나은 서비스를 제공하기 위해 KB차차차는 언제나 노력 그리고 노력하겠습니다. 감사합니다!",kr.co.kbc.cha.android,5.0.0
Android,김효진,5,,쉽고 간단해서 저처렴 스마트폰 고자도 쉽게 쓸수있어요!,2024-10-04 16:19:03,0.0,"안녕하세요 고객님, KB차차차입니다. KB차차차의 내차고 서비스를 통해 차량의 시세 뿐만 아니라 정기 점검일,
주행 거리, 리콜 정보 등 내차를 현명하게 관리해보실 수 있습니다.
시세 확인하고 좋은 가격에 내 차를 팔 수 있는 '팔아줘 차차차' 도 이용해보시면 효과는 배로 올라가겠죠?
고객님의 입장에서 더 나은 서비스를 제공하기 위해 KB차차차는 언제나 노력 그리고 노력하겠습니다. 감사합니다!",kr.co.kbc.cha.android,
Android,creative choi,5,,차량 매매어플로 시세 보기에 나쁘지 않아요 직관적인 부분이나 직접 거래의 경우 타 플랫폼이 조금 더 나은듯 합니다,2024-10-04 16:17:56,0.0,"안녕하세요 고객님, KB차차차입니다. KB차차차의 내차고 서비스를 통해 차량의 시세 뿐만 아니라 정기 점검일,
주행 거리, 리콜 정보 등 내차를 현명하게 관리해보실 수 있습니다.
시세 확인하고 좋은 가격에 내 차를 팔 수 있는 '팔아줘 차차차' 도 이용해보시면 효과는 배로 올라가겠죠?
고객님의 입장에서 더 나은 서비스를 제공하기 위해 KB차차차는 언제나 노력 그리고 노력하겠습니다. 감사합니다!",kr.co.kbc.cha.android,
Android,eunjung lee,4,,한번씩 앱사용이 버벅거리는기술적 문제만 보완해주시면 좋겠습니다,2024-10-04 16:17:27,0.0,"안녕하세요 고객님, KB차차차입니다. KB차차차의 내차고 서비스를 통해 차량의 시세 뿐만 아니라 정기 점검일,
주행 거리, 리콜 정보 등 내차를 현명하게 관리해보실 수 있습니다.
시세 확인하고 좋은 가격에 내 차를 팔 수 있는 '팔아줘 차차차' 도 이용해보시면 효과는 배로 올라가겠죠?
고객님의 입장에서 더 나은 서비스를 제공하기 위해 KB차차차는 언제나 노력 그리고 노력하겠습니다. 감사합니다!",kr.co.kbc.cha.android,5.0.0
Android,Sam Hong,5,,중고차 매매시 필수 앱 사용하기 편하고 너무 유용하네요,2024-10-04 16:17:02,0.0,"안녕하세요 고객님, KB차차차입니다. KB차차차의 내차고 서비스를 통해 차량의 시세 뿐만 아니라 정기 점검일,
주행 거리, 리콜 정보 등 내차를 현명하게 관리해보실 수 있습니다.
시세 확인하고 좋은 가격에 내 차를 팔 수 있는 '팔아줘 차차차' 도 이용해보시면 효과는 배로 올라가겠죠?
고객님의 입장에서 더 나은 서비스를 제공하기 위해 KB차차차는 언제나 노력 그리고 노력하겠습니다. 감사합니다!",kr.co.kbc.cha.android,
Android,조안나,5,,"가입이 간편하고, 온라인으로 중고차를 사고 팔고가 가능하니 직접 발품팔 필요성이 없어서 너무 좋습니다. 주어진 예산을 가지고 한달에 납입할 금액까지 확인이 가능하니 너무 편리한 것 같아요~ 중고차를 알아보고 있는데, 잘 검색해보고 구입하려고 합니다.",2024-10-04 16:16:55,2.0,"안녕하세요 고객님, KB차차차입니다. KB차차차는 비대면 거래를 전폭적으로 지원해드리고 있습니다.
집에서 차량을 구매할 수 있는 홈배송 서비스, 딜러가 직접 방문하여 고객님의 차량을 판매할 수 있는 팔아줘 차차차 등
고객님의 입장에서 편리함을 제공하고 있는거 맞죠?
다양한 이벤트도 진행하고 있으니 계속 차차차에 많은 관심과 이용 부탁드립니다! 감사합니다 :)",kr.co.kbc.cha.android,5.0.0
Android,박수 (Dreamscape),5,,중고차를 손 쉽게 팔수 있어서 좋습니다,2024-10-04 16:16:15,0.0,"안녕하세요 고객님, KB차차차입니다. KB차차차는 비대면 거래를 전폭적으로 지원해드리고 있습니다.
집에서 차량을 구매할 수 있는 홈배송 서비스, 딜러가 직접 방문하여 고객님의 차량을 판매할 수 있는 팔아줘 차차차 등
고객님의 입장에서 편리함을 제공하고 있는거 맞죠?
다양한 이벤트도 진행하고 있으니 계속 차차차에 많은 관심과 이용 부탁드립니다! 감사합니다 :)",kr.co.kbc.cha.android,5.0.0
Android,신광훈,5,,차량구매할때 많은 정보얻어가네요,2024-10-04 16:15:41,0.0,"안녕하세요 고객님, KB차차차입니다. KB차차차는 비대면 거래를 전폭적으로 지원해드리고 있습니다.
집에서 차량을 구매할 수 있는 홈배송 서비스, 딜러가 직접 방문하여 고객님의 차량을 판매할 수 있는 팔아줘 차차차 등
고객님의 입장에서 편리함을 제공하고 있는거 맞죠?
다양한 이벤트도 진행하고 있으니 계속 차차차에 많은 관심과 이용 부탁드립니다! 감사합니다 :)",kr.co.kbc.cha.android,5.0.0
Android,LS,5,,"중고차 구입이 처음이신 분들에게 차차차 앱을 추천하는 이유를 이제 확실히 알겠네요! 사용자 편의성이 뛰어나고, 다양한 매물과 옵션을 한눈에 볼 수 있다는 점이 정말 큰 장점인 것 같아요. 특히, 내차 시세를 쉽게 확인하고 알람을 받을 수 있는 기능은 중고차 거래를 처음 하시는 분들에게도 매우 유용할 것 같아요. 온라인으로 정확한 정보 확인과 방문 예약까지 가능해서 시간도 절약되고, 간편하게 차를 비교할 수 있어 편리함이 돋보입니다. 인증 중고차와 딜러 채팅 기능을 통해 더욱 신뢰할 수 있고, 친절한 딜러들이 많아서 더 안심하고 이용할 수 있을 것 같네요.",2024-10-04 16:14:47,95.0,"안녕하세요 고객님, KB차차차입니다. KB차차차는 비대면 거래를 전폭적으로 지원해드리고 있습니다.
집에서 차량을 구매할 수 있는 홈배송 서비스, 딜러가 직접 방문하여 고객님의 차량을 판매할 수 있는 팔아줘 차차차 등
고객님의 입장에서 편리함을 제공하고 있는거 맞죠?
다양한 이벤트도 진행하고 있으니 계속 차차차에 많은 관심과 이용 부탁드립니다! 감사합니다 :)",kr.co.kbc.cha.android,5.0.0
Android,김진희,4,,앱에 자세한 정보가 많습니다 궁금하고 잘모르는것을 확인하는것이 좋습니다,2024-10-04 16:14:30,0.0,"안녕하세요 고객님, KB차차차입니다. KB차차차는 비대면 거래를 전폭적으로 지원해드리고 있습니다.
집에서 차량을 구매할 수 있는 홈배송 서비스, 딜러가 직접 방문하여 고객님의 차량을 판매할 수 있는 팔아줘 차차차 등
고객님의 입장에서 편리함을 제공하고 있는거 맞죠?
다양한 이벤트도 진행하고 있으니 계속 차차차에 많은 관심과 이용 부탁드립니다! 감사합니다 :)",kr.co.kbc.cha.android,5.0.0
Android,허준범,5,,자동차구매 하는 사람들에게 아주 편리한 어플인거 같아요!! 원픽인듯,2024-10-04 16:14:29,0.0,"안녕하세요 고객님, KB차차차입니다. 차차차는 고객님들에게 최적의 사용성과 최대의 편리함을 제공하기 위해 노력하고 있습니다.
복잡한 어플은 이제 그만! 차차차 홈화면에서 간편하게 차량 검색, 내차 시세 조회, 내차 관리 등 차차차에서만 만날 수 있는 기능을
최대로 이용해보세요! 감사합니다.",kr.co.kbc.cha.android,4.9.11
Android,손연지,5,,여자인 제가 중고차를 알아볼려고하니 너무 막막했는데 쉽게 시세를 알아볼수 있고 편하게 찾아볼수 있어서 너무 편리해요~,2024-10-04 16:14:10,0.0,"안녕하세요 고객님, KB차차차입니다. 차차차는 고객님들에게 최적의 사용성과 최대의 편리함을 제공하기 위해 노력하고 있습니다.
복잡한 어플은 이제 그만! 차차차 홈화면에서 간편하게 차량 검색, 내차 시세 조회, 내차 관리 등 차차차에서만 만날 수 있는 기능을
최대로 이용해보세요! 감사합니다.",kr.co.kbc.cha.android,5.0.0
Android,seonhee lee,5,,KB에서 운영하는 중고차 어플이라 믿을수 있어요!! 매물도 많고 중고차 구매예정인데 최애로 사용중입니다!,2024-10-04 16:12:20,0.0,"안녕하세요 고객님, KB차차차입니다. 차차차는 고객님들에게 최적의 사용성과 최대의 편리함을 제공하기 위해 노력하고 있습니다.
복잡한 어플은 이제 그만! 차차차 홈화면에서 간편하게 차량 검색, 내차 시세 조회, 내차 관리 등 차차차에서만 만날 수 있는 기능을
최대로 이용해보세요! 감사합니다.",kr.co.kbc.cha.android,
Android,최수지,4,,이것저것 이벤트도많고 이용하기편리해요 앱도 잘 열리고 오류도없네요~~,2024-10-04 16:11:29,0.0,"안녕하세요 고객님, KB차차차입니다. 차차차는 고객님들에게 최적의 사용성과 최대의 편리함을 제공하기 위해 노력하고 있습니다.
복잡한 어플은 이제 그만! 차차차 홈화면에서 간편하게 차량 검색, 내차 시세 조회, 내차 관리 등 차차차에서만 만날 수 있는 기능을
최대로 이용해보세요! 감사합니다.",kr.co.kbc.cha.android,5.0.0
Android,김재우,5,,KB차차차! 중고차 살일이 있어서 정보 잘 보고 있어요 !! 앞으로도 많은 이벤트 부탁드립니다^^,2024-10-04 16:09:42,0.0,"안녕하세요 고객님, KB차차차입니다. 당첨축하드려요! KB차차차는 이벤트 뿐만 아니라고객님의 중고차 판매와 구매를 도와드릴 다양한 서비스(팔아줘/직거래/구해줘/보내줘/바꿔줘)를 무료로 제공해드리고 있습니다!! 소중한 리뷰 감사드리고, 앞으로도 KB차차차 많은 이용과 사랑 부탁드립니다. 감사합니다. :D",kr.co.kbc.cha.android,5.0.0
Android,크레이지Life,5,,사용하기 진짜 편하고 딜러들의 후기도 많고 믿음이 갑니다!! 솔직히 중고차라고 해도 많은 돈을 들여서 사야 하는건데 잘 못 사고 그러면 진짜 짜증나는데 진짜 KB차차차는 정말 신뢰할 수 있어서 진짜 좋아요^^,2024-10-04 16:09:22,0.0,"안녕하세요 고객님, KB차차차입니다. 차차차는 고객님들에게 최적의 사용성과 최대의 편리함을 제공하기 위해 노력하고 있습니다.
복잡한 어플은 이제 그만! 차차차 홈화면에서 간편하게 차량 검색, 내차 시세 조회, 내차 관리 등 차차차에서만 만날 수 있는 기능을
최대로 이용해보세요! 감사합니다.",kr.co.kbc.cha.android,5.0.0
Android,이호선,5,,간편히 시세 조회하기 좋고 커뮤니티에 올라온 글들이 도움되는것도 많아 좋아요,2024-10-04 16:08:45,0.0,"안녕하세요 고객님, KB차차차입니다. 차차차는 고객님들에게 최적의 사용성과 최대의 편리함을 제공하기 위해 노력하고 있습니다.
복잡한 어플은 이제 그만! 차차차 홈화면에서 간편하게 차량 검색, 내차 시세 조회, 내차 관리 등 차차차에서만 만날 수 있는 기능을
최대로 이용해보세요! 감사합니다.",kr.co.kbc.cha.android,5.0.0
Android,곰치,5,,차차차 어플 너무 잘 사용하고 있습니다 엔진오일같은 소모품주기도 잘알려주고 중고차 시세파악에도 많은 도움받고 있어요,2024-10-04 16:08:24,0.0,"안녕하세요 고객님, KB차차차입니다. 소중한 리뷰 남겨주셔서 감사합니다. 간편하지만 든든함까지 챙기는 KB차차차!
기능은 간편하게~ 서비스는 든든하게~ 언제나 고객님의 입장에서 고민하는 KB차차차입니다 :) 앞으로도 믿고 사용하실 수
있는 유일한 중고차 플랫폼이 될 수 있도록 노력을 아끼지 않겠습니다. 많은 이용 부탁드립니다. 감사합니다!",kr.co.kbc.cha.android,4.9.8
Android,최은영,5,,앱이 사용하기 편해서 중고차 알아볼 때 유용해요 이벤트도 자주 있어서 좋아요^^,2024-10-04 16:08:17,1.0,"안녕하세요 고객님, KB차차차입니다. 소중한 리뷰 남겨주셔서 감사합니다. 간편하지만 든든함까지 챙기는 KB차차차!
기능은 간편하게~ 서비스는 든든하게~ 언제나 고객님의 입장에서 고민하는 KB차차차입니다 :) 앞으로도 믿고 사용하실 수
있는 유일한 중고차 플랫폼이 될 수 있도록 노력을 아끼지 않겠습니다. 많은 이용 부탁드립니다. 감사합니다!",kr.co.kbc.cha.android,5.0.0
Android,양회연,5,,차를 급하게 구입하게 되었는데 kb 차차차가 UI 가 편리하고 쉽게 되어있어서 좋아요,2024-10-04 16:07:41,0.0,"안녕하세요 고객님, KB차차차입니다. 소중한 리뷰 남겨주셔서 감사합니다. 간편하지만 든든함까지 챙기는 KB차차차!
기능은 간편하게~ 서비스는 든든하게~ 언제나 고객님의 입장에서 고민하는 KB차차차입니다 :) 앞으로도 믿고 사용하실 수
있는 유일한 중고차 플랫폼이 될 수 있도록 노력을 아끼지 않겠습니다. 많은 이용 부탁드립니다. 감사합니다!",kr.co.kbc.cha.android,
Android,황일주,5,,내 예산에 맞춰 나에게 맞는 인증된 차를 추천받으니 정말 편하네요! 좋습니다.,2024-10-04 16:07:37,1.0,"안녕하세요 고객님, KB차차차입니다. 소중한 리뷰 남겨주셔서 감사합니다. 간편하지만 든든함까지 챙기는 KB차차차!
기능은 간편하게~ 서비스는 든든하게~ 언제나 고객님의 입장에서 고민하는 KB차차차입니다 :) 앞으로도 믿고 사용하실 수
있는 유일한 중고차 플랫폼이 될 수 있도록 노력을 아끼지 않겠습니다. 많은 이용 부탁드립니다. 감사합니다!",kr.co.kbc.cha.android,5.0.0
Android,방연희,5,,차차차 너무 편하고 좋아요,2024-10-04 16:07:15,0.0,"안녕하세요 고객님, KB차차차입니다. 소중한 리뷰 남겨주셔서 감사합니다. 간편하지만 든든함까지 챙기는 KB차차차!
기능은 간편하게~ 서비스는 든든하게~ 언제나 고객님의 입장에서 고민하는 KB차차차입니다 :) 앞으로도 믿고 사용하실 수
있는 유일한 중고차 플랫폼이 될 수 있도록 노력을 아끼지 않겠습니다. 많은 이용 부탁드립니다. 감사합니다!",kr.co.kbc.cha.android,5.0.0
Android,Park taejin,5,,"매물수 1등 기반으로 오픈 형식의 자동차 소매 포털 사이트입니다. 전체적인 중고차 시세분석이 가능하고, 지역별 매물수가 많아서 매물내에서 비교 견적이 충분하고 구매가 가능합니다 2번 거래를 한 경우가 있고 현재도 예정입니다.",2024-10-04 16:06:52,0.0,"안녕하세요 고객님, KB차차차입니다. 소중한 리뷰 남겨주셔서 감사합니다. 간편하지만 든든함까지 챙기는 KB차차차!
기능은 간편하게~ 서비스는 든든하게~ 언제나 고객님의 입장에서 고민하는 KB차차차입니다 :) 앞으로도 믿고 사용하실 수
있는 유일한 중고차 플랫폼이 될 수 있도록 노력을 아끼지 않겠습니다. 많은 이용 부탁드립니다. 감사합니다!",kr.co.kbc.cha.android,5.0.0
Android,Google 사용자,5,,KB차차차 중고차매매 앱 좋아요 잘 사용하고 있습니다.,2024-10-04 16:05:47,0.0,"안녕하세요 고객님, KB차차차입니다. 소중한 리뷰 남겨주셔서 감사합니다. 간편하지만 든든함까지 챙기는 KB차차차!
기능은 간편하게~ 서비스는 든든하게~ 언제나 고객님의 입장에서 고민하는 KB차차차입니다 :) 앞으로도 믿고 사용하실 수
있는 유일한 중고차 플랫폼이 될 수 있도록 노력을 아끼지 않겠습니다. 많은 이용 부탁드립니다. 감사합니다!",kr.co.kbc.cha.android,5.0.0
Android,김병준,5,,주변에서 많이들 추천해줘서 사용하게 되었습니다. UI도 만족스럽고 여러 조건의 매물도 많아 다양한 비교가 가능해서 만족스럽게 사용하고 있습니다.,2024-10-04 16:05:33,0.0,"안녕하세요 고객님, KB차차차입니다. 소중한 리뷰 남겨주셔서 감사합니다. KB차차차가 제공하는 시세는 믿을 수 있는 AI 기반의
국민시세로 고객님께서 든든하게 이용하실 수 있습니다 :) 또한 실차주 마크 차량은 허위매물 걱정 없는 매물로 더욱 믿고
이용하실 수 있겠죠? 앞으로도 많은 관심 부탁드립니다. 감사합니다!",kr.co.kbc.cha.android,5.0.0
Android,공신성,5,,kb라 믿을수있는게젤좋네요 필요할때 이용해볼께요,2024-10-04 16:05:26,1.0,"안녕하세요 고객님, KB차차차입니다. 소중한 리뷰 남겨주셔서 감사합니다. KB차차차가 제공하는 시세는 믿을 수 있는 AI 기반의
국민시세로 고객님께서 든든하게 이용하실 수 있습니다 :) 또한 실차주 마크 차량은 허위매물 걱정 없는 매물로 더욱 믿고
이용하실 수 있겠죠? 앞으로도 많은 관심 부탁드립니다. 감사합니다!",kr.co.kbc.cha.android,5.0.0
Android,DaeHyeok Son,5,,앱 빠르고 좋아요 사용하기에 편리해요 감사합니다!,2024-10-04 16:05:22,0.0,"안녕하세요 고객님, KB차차차입니다. 소중한 리뷰 남겨주셔서 감사합니다. KB차차차가 제공하는 시세는 믿을 수 있는 AI 기반의
국민시세로 고객님께서 든든하게 이용하실 수 있습니다 :) 또한 실차주 마크 차량은 허위매물 걱정 없는 매물로 더욱 믿고
이용하실 수 있겠죠? 앞으로도 많은 관심 부탁드립니다. 감사합니다!",kr.co.kbc.cha.android,
Android,장영훈,4,,쓰기좋아요~,2024-10-04 16:05:04,0.0,"안녕하세요 고객님, KB차차차입니다. 소중한 리뷰 남겨주셔서 감사합니다. KB차차차가 제공하는 시세는 믿을 수 있는 AI 기반의
국민시세로 고객님께서 든든하게 이용하실 수 있습니다 :) 또한 실차주 마크 차량은 허위매물 걱정 없는 매물로 더욱 믿고
이용하실 수 있겠죠? 앞으로도 많은 관심 부탁드립니다. 감사합니다!",kr.co.kbc.cha.android,4.9.9
Android,DBLIFE,5,,룰렛 돌리면 선물 준다,2024-10-04 16:05:01,0.0,"안녕하세요 고객님, KB차차차입니다. 소중한 리뷰 남겨주셔서 감사합니다. KB차차차가 제공하는 시세는 믿을 수 있는 AI 기반의
국민시세로 고객님께서 든든하게 이용하실 수 있습니다 :) 또한 실차주 마크 차량은 허위매물 걱정 없는 매물로 더욱 믿고
이용하실 수 있겠죠? 앞으로도 많은 관심 부탁드립니다. 감사합니다!",kr.co.kbc.cha.android,5.0.0
Android,이현미,5,,중고차 알아보고 팔기 쉽지않았는데 믿고확인할수있는 정보들이 많아서 좋아요,2024-10-04 16:04:53,0.0,"안녕하세요 고객님, KB차차차입니다. KB차차차 이용이 편리하셨나요? KB차차차에서는 내 차 팔기도! 사기도!
완전 편리하게 이용하실 수 있다구요! 앞으로도 KB차차차와 함께, 슬기로운 중고차생활을 영위해보세요~!",kr.co.kbc.cha.android,5.0.0
Android,박최고,5,,이벤트를 많이해서 자주 들어가보게 됩니다,2024-10-04 16:04:22,0.0,"안녕하세요 고객님, KB차차차입니다. KB차차차 이용이 편리하셨나요? KB차차차에서는 내 차 팔기도! 사기도!
완전 편리하게 이용하실 수 있다구요! 앞으로도 KB차차차와 함께, 슬기로운 중고차생활을 영위해보세요~!",kr.co.kbc.cha.android,5.0.0
Android,Sungeun Kim,5,,앱이 사용하기에 정말 편해요😍 메뉴들도 직관적으로 딱 보여서 연세가 있는 어르신들도 보시기 편할듯요👍👍👍 곧 중고차를 판매하고 구매하려는데 매일 매일 들여다보고 있답니다🙃,2024-10-04 16:04:18,0.0,"안녕하세요 고객님, KB차차차입니다. KB차차차 이용이 편리하셨나요? KB차차차에서는 내 차 팔기도! 사기도!
완전 편리하게 이용하실 수 있다구요! 앞으로도 KB차차차와 함께, 슬기로운 중고차생활을 영위해보세요~!",kr.co.kbc.cha.android,5.0.0
Android,한주환,5,,사용하기너무편하고 이벤트도다양,2024-10-04 16:04:18,0.0,"안녕하세요 고객님, KB차차차입니다. KB차차차 이용이 편리하셨나요? KB차차차에서는 내 차 팔기도! 사기도!
완전 편리하게 이용하실 수 있다구요! 앞으로도 KB차차차와 함께, 슬기로운 중고차생활을 영위해보세요~!",kr.co.kbc.cha.android,5.0.0
Android,Haejin Kim,4,,사용하기 편리하고 매물이 많습니다ㅎㅎ,2024-10-04 16:04:17,0.0,"안녕하세요 고객님, KB차차차입니다. KB차차차 이용이 편리하셨나요? KB차차차에서는 내 차 팔기도! 사기도!
완전 편리하게 이용하실 수 있다구요! 앞으로도 KB차차차와 함께, 슬기로운 중고차생활을 영위해보세요~!",kr.co.kbc.cha.android,
Android,상따,5,,제일 대표적인 중고차매매 플랫폼인거 같아여 이벤트가 많아서 좋아요,2024-10-04 16:04:12,0.0,"안녕하세요 고객님, KB차차차입니다. 국내 최다 매물을 보유한 KB차차차에서는 편리한 검색기능도 함께 갖추어 원하시는 차량을
보다 쉽고 편리하게 찾아보실 수 있습니다!! 소중한 의견 감사드리고 보다 나은 서비스 제공을 위해
더욱 노력하는 KB차차차 될 것을 약속드립니다. 감사합니다. :)",kr.co.kbc.cha.android,5.0.0
Android,jy han,5,,앱이 깔끔하고 버벅임도 없어서 좋아요 중고차살때 도움 많이되요,2024-10-04 16:03:38,0.0,"안녕하세요 고객님, KB차차차입니다. 국내 최다 매물을 보유한 KB차차차에서는 편리한 검색기능도 함께 갖추어 원하시는 차량을
보다 쉽고 편리하게 찾아보실 수 있습니다!! 소중한 의견 감사드리고 보다 나은 서비스 제공을 위해
더욱 노력하는 KB차차차 될 것을 약속드립니다. 감사합니다. :)",kr.co.kbc.cha.android,
Android,최혜진,5,,내가 원하는 차를 찾기 쉽고 상태 스펙을 확인하기가 좋아서 꾸준히 잘 이용할 것 같아요. Kb라 더 믿음이 가네요,2024-10-04 16:02:25,0.0,"안녕하세요 고객님, KB차차차입니다. 국내 최다 매물을 보유한 KB차차차에서는 편리한 검색기능도 함께 갖추어 원하시는 차량을
보다 쉽고 편리하게 찾아보실 수 있습니다!! 소중한 의견 감사드리고 보다 나은 서비스 제공을 위해
더욱 노력하는 KB차차차 될 것을 약속드립니다. 감사합니다. :)",kr.co.kbc.cha.android,
Android,안선희,5,,보기도쉽고 편리한 앱이네요. 메뉴얼도찾기쉬워서 잘이용하고있습니다.,2024-10-04 16:02:02,1.0,"안녕하세요 고객님, KB차차차입니다. 국내 최다 매물을 보유한 KB차차차에서는 편리한 검색기능도 함께 갖추어 원하시는 차량을
보다 쉽고 편리하게 찾아보실 수 있습니다!! 소중한 의견 감사드리고 보다 나은 서비스 제공을 위해
더욱 노력하는 KB차차차 될 것을 약속드립니다. 감사합니다. :)",kr.co.kbc.cha.android,5.0.0
Android,최지환,5,,중고차를 사고팔때 오프라인 매장보다 훨씬 신뢰가 가고 편리합니다.,2024-10-04 16:01:53,0.0,"안녕하세요 고객님, KB차차차입니다. 국내 최다 매물을 보유한 KB차차차에서는 편리한 검색기능도 함께 갖추어 원하시는 차량을
보다 쉽고 편리하게 찾아보실 수 있습니다!! 소중한 의견 감사드리고 보다 나은 서비스 제공을 위해
더욱 노력하는 KB차차차 될 것을 약속드립니다. 감사합니다. :)",kr.co.kbc.cha.android,5.0.0
Android,김현준,5,,차 바꾸려고 설치한 어플인데 좋아요,2024-10-04 16:01:45,0.0,"안녕하세요 고객님, KB차차차입니다. 국내 최다 매물을 보유한 KB차차차에서는 편리한 검색기능도 함께 갖추어 원하시는 차량을
보다 쉽고 편리하게 찾아보실 수 있습니다!! 소중한 의견 감사드리고 보다 나은 서비스 제공을 위해
더욱 노력하는 KB차차차 될 것을 약속드립니다. 감사합니다. :)",kr.co.kbc.cha.android,4.8.4
Android,JongWon Choi,3,,찜한 상품 목록 보기는 어디에 있나요?,2024-10-03 17:08:08,0.0,"안녕하세요 고객님, KB차차차입니다. 찜한 상품 목록 보기는 왼쪽 상단에 있는 ≡를 누르신 후 관심차로 들어가시면 찜한 상품들을 보실 수 있습니다.
",kr.co.kbc.cha.android,5.0.0
Android,노트무료종이,5,,내용다운받고나서 뒤늦게라도깔고이어뒤늦게지우기도요 리뷰글 글이어서글 내용에 저는 내용에단순히 글기재해서 내용에간단히글남기어서요 글을 이어서요2024년9월28일(음력8월26일)에달다 그리고달다가요다운받은거오늘9월28일에지우기도요한번궁금해서다운받다외에입니다..,2024-09-28 11:11:21,0.0,"안녕하세요 고객님, KB차차차입니다. 국내 최다 매물을 보유한 KB차차차에서는 편리한 검색기능도 함께 갖추어 원하시는 차량을
보다 쉽고 편리하게 찾아보실 수 있습니다!! 소중한 의견 감사드리고 보다 나은 서비스 제공을 위해
더욱 노력하는 KB차차차 될 것을 약속드립니다. 감사합니다. :)",kr.co.kbc.cha.android,
Android,김영진,1,,정회원 전환을 위해 서비스 탈퇴 후 가입 안 됨. 또 로그인은 탈퇴해서 안 됨. 수년 전부터 있던 버그인데 아직도 이런 게 있는 곳에 자산 연결? 음.....다른곳으로 갑니다,2024-09-28 10:41:01,1.0,"안녕하세요 고객님, KB차차차입니다. 우선 KB차차차 이용에 불편을 드려 대단히 죄송합니다. 오류가 발생할 경우 KB차차차
대표번호 1670-4777로 연락주시면 최선을 다해 도와드리도록 하겠습니다. 다시 한 번 이용에 불편을 드려 대단히 죄송합니다.
감사합니다.",kr.co.kbc.cha.android,5.0.0
Android,깐깐징어,1,,설치,2024-09-26 14:57:37,0.0,"안녕하세요 고객님, KB차차차입니다. 국내 최다 매물을 보유한 KB차차차에서는 편리한 검색기능도 함께 갖추어 원하시는 차량을 보다 쉽고 편리하게 찾아보실 수 있습니다!! 소중한 의견 감사드리고 보다 나은 서비스 제공을 위해 더욱 노력하는 KB차차차 될 것을 약속드립니다. 감사합니다. :)",kr.co.kbc.cha.android,5.0.0
Android,김창수,5,,신용좋아요,2024-09-21 21:46:59,0.0,"안녕하세요 고객님, KB차차차입니다. 국내 최다 매물을 보유한 KB차차차에서는 편리한 검색기능도 함께 갖추어 원하시는 차량을
보다 쉽고 편리하게 찾아보실 수 있습니다!! 소중한 의견 감사드리고 보다 나은 서비스 제공을 위해
더욱 노력하는 KB차차차 될 것을 약속드립니다. 감사합니다. :)",kr.co.kbc.cha.android,4.8.3
Android,주세요TV,5,,믿을만한 KB차차차 입니다.,2024-09-21 18:37:53,0.0,"안녕하세요 고객님, KB차차차입니다. 국내 최다 매물을 보유한 KB차차차에서는 편리한 검색기능도 함께 갖추어 원하시는 차량을
보다 쉽고 편리하게 찾아보실 수 있습니다!! 소중한 의견 감사드리고 보다 나은 서비스 제공을 위해
더욱 노력하는 KB차차차 될 것을 약속드립니다. 감사합니다. :)",kr.co.kbc.cha.android,5.0.0
Android,이오,2,,어플이 아직 살짝 발적화임... 몇몇 버튼 누르면 무반응..,2024-09-21 07:33:52,0.0,"안녕하세요 고객님, KB차차차입니다. 우선 KB차차차 이용에 불편을 드려 대단히 죄송합니다. 오류가 발생할 경우 KB차차차
대표번호 1670-4777로 연락주시면 최선을 다해 도와드리도록 하겠습니다. 다시 한 번 이용에 불편을 드려 대단히 죄송합니다.
감사합니다.",kr.co.kbc.cha.android,5.0.0
Android,유지만,5,,좋아요,2024-09-15 16:02:41,0.0,"안녕하세요 고객님, KB차차차입니다. KB차차차에서는 고객님들께서 안심하고 차량을 거래하실 수 있도록 다양한 서비스를
제공해 드리고 있습니다. 고객님들이 안심하고 편리한 차량 거래를 할 수 있도록 노력하겠습니다!
소중한 의견 감사 드리며 앞으로도 KB차차차 많은 이용과 관심 부탁 드립니다.",kr.co.kbc.cha.android,5.0.0
Android,오봉옥,2,,ㅣㅣㄲㅇ0ㅇ안ㅋㄴㅇ기ㅣㄱㅁㅋ45 나 ㅣㅣㄲ ㅣ 4시까지 거기 커피 ㅣㄲㄴ기긲나 ㅣㅣㄱㆍㅋ니킥ㆍㄴㅋ키,2024-09-13 16:11:39,0.0,"안녕하세요 고객님, KB차차차입니다. 국내 최다 매물을 보유한 KB차차차에서는 편리한 검색기능도 함께 갖추어 원하시는 차량을
보다 쉽고 편리하게 찾아보실 수 있습니다!! 소중한 의견 감사드리고 보다 나은 서비스 제공을 위해
더욱 노력하는 KB차차차 될 것을 약속드립니다. 감사합니다. :)",kr.co.kbc.cha.android,4.9.12
Android,Kh L,1,,이벤트 룰렛 확률 공지없이 수정했나요? 12번 연속 꽝만 걸렸어요. 활동로그에 기록되어있는데 이거 문제있는거 아닌가요?,2024-09-12 09:38:33,0.0,"안녕하세요 고객님, KB차차차입니다. 국내 최다 매물을 보유한 KB차차차에서는 편리한 검색기능도 함께 갖추어 원하시는 차량을
보다 쉽고 편리하게 찾아보실 수 있습니다!! 소중한 의견 감사드리고 보다 나은 서비스 제공을 위해
더욱 노력하는 KB차차차 될 것을 약속드립니다. 감사합니다. :)",kr.co.kbc.cha.android,5.0.0
Android,리뷰,2,,메뉴를 누르면 한번에 들어가지지가 않고 로딩이 오래 걸림. 한눈에 들어오지 않는 UI 사용감이 여러모로 불편함. 개선만 되면 좋을 듯.,2024-09-12 05:59:04,0.0,"안녕하세요 고객님, KB차차차입니다. 우선 KB차차차 이용에 불편을 드려 대단히 죄송합니다. 오류가 발생할 경우 KB차차차
대표번호 1670-4777로 연락주시면 최선을 다해 도와드리도록 하겠습니다. 다시 한 번 이용에 불편을 드려 대단히 죄송합니다.
감사합니다.",kr.co.kbc.cha.android,5.0.0
Android,CJ W,3,,모든 중고차 플랫폼중에 차량 옵션 명기해놓지 않은 매물이 많아서 짜증남. 출고가가 얼만지 선택옵션이 뭔지 등록하게 좀 바꿔주세요.,2024-09-11 21:18:02,1.0,"안녕하세요 고객님, KB차차차입니다. 우선 KB차차차 이용에 불편을 드려 대단히 죄송합니다. 오류가 발생할 경우 KB차차차
대표번호 1670-4777로 연락주시면 최선을 다해 도와드리도록 하겠습니다. 다시 한 번 이용에 불편을 드려 대단히 죄송합니다.
감사합니다.",kr.co.kbc.cha.android,5.0.0
Android,진아,1,,로그인도 안 되는 쓰레기,2024-09-09 17:34:02,0.0,"안녕하세요 고객님, KB차차차입니다. 우선 KB차차차 이용에 불편을 드려 대단히 죄송합니다. 오류가 발생할 경우 KB차차차
대표번호 1670-4777로 연락주시면 최선을 다해 도와드리도록 하겠습니다. 다시 한 번 이용에 불편을 드려 대단히 죄송합니다.
감사합니다.",kr.co.kbc.cha.android,5.0.0
Android,happybuf lee,3,,장기렌트 견적요청시(카카오톡) 계속 에러가..,2024-09-06 15:30:14,0.0,"안녕하세요 고객님, KB차차차입니다. 우선 KB차차차 이용에 불편을 드려 대단히 죄송합니다. 오류가 발생할 경우 KB차차차
대표번호 1670-4777로 연락주시면 최선을 다해 도와드리도록 하겠습니다. 다시 한 번 이용에 불편을 드려 대단히 죄송합니다.
감사합니다.",kr.co.kbc.cha.android,5.0.0
Android,김기정,5,,좋아요,2024-08-31 14:31:35,1.0,"안녕하세요 고객님, KB차차차입니다. 국내 최다 매물을 보유한 KB차차차에서는 편리한 검색기능도 함께 갖추어 원하시는 차량을
보다 쉽고 편리하게 찾아보실 수 있습니다!! 소중한 의견 감사드리고 보다 나은 서비스 제공을 위해
더욱 노력하는 KB차차차 될 것을 약속드립니다. 감사합니다. :)",kr.co.kbc.cha.android,
Android,안태옥,3,,내ㅣ닏ᆢㄴㆍㄹᆢㄸㆍ거듿 드렸습니다 닌텐도 ㆍㅈ,2024-08-29 18:16:20,0.0,"안녕하세요 고객님, KB차차차입니다. 국내 최다 매물을 보유한 KB차차차에서는 편리한 검색기능도 함께 갖추어 원하시는 차량을
보다 쉽고 편리하게 찾아보실 수 있습니다!! 소중한 의견 감사드리고 보다 나은 서비스 제공을 위해
더욱 노력하는 KB차차차 될 것을 약속드립니다. 감사합니다. :)
",kr.co.kbc.cha.android,4.6.3
Android,개미부자,5,,편하게 차량판매하거나 원하는 차량 알아볼수잇어서 매우 좋은거 같네요 차량 판매중이라 편하게 쓰고잇습니다,2024-08-29 17:06:46,0.0,"안녕하세요 고객님, KB차차차입니다. 국내 최다 매물을 보유한 KB차차차에서는 편리한 검색기능도 함께 갖추어 원하시는 차량을
보다 쉽고 편리하게 찾아보실 수 있습니다!! 소중한 의견 감사드리고 보다 나은 서비스 제공을 위해
더욱 노력하는 KB차차차 될 것을 약속드립니다. 감사합니다. :)
",kr.co.kbc.cha.android,4.9.12
Android,Sean,1,,앱이 쓰레기네요. 툭하면 다운되고 로그인되어있는데 로그인 또하라 하고... 지금 밥이 넘어갑니까?,2024-08-29 08:23:32,0.0,"안녕하세요 고객님, KB차차차입니다. 우선 KB차차차 이용에 불편을 드려 대단히 죄송합니다. 오류가 발생할 경우 KB차차차
대표번호 1670-4777로 연락주시면 최선을 다해 도와드리도록 하겠습니다. 다시 한 번 이용에 불편을 드려 대단히 죄송합니다.
감사합니다.
",kr.co.kbc.cha.android,4.9.12
Android,hyung jan,5,,중고차를 다양하게 살펴보며 옵션에 따라 쉽게 내가 원하는 차량을 선택할수 있어서 편리합니다. 그리고 내차를 등록하면 시세를 알려주고 시기에 따라 변동사항을 알려주어서 편합니다. 그리고 믿고 구매하고 판매할수 있어서 너무 좋습니다,2024-08-28 20:07:19,0.0,"안녕하세요 고객님, KB차차차입니다. KB차차차는 비대면 거래를 전폭적으로 지원해드리고 있습니다.
집에서 차량을 구매할 수 있는 홈배송 서비스, 딜러가 직접 방문하여 고객님의 차량을 판매할 수 있는 팔아줘 차차차 등
고객님의 입장에서 편리함을 제공하고 있는거 맞죠?
다양한 이벤트도 진행하고 있으니 계속 차차차에 많은 관심과 이용 부탁드립니다! 감사합니다 :)",kr.co.kbc.cha.android,
Android,a a,5,,중고차 살 때 눈탱이 맞을까 고민 팔때는 제값못받을까 고민 돈은 부족하고 그 때 많이 도움 됐어요,2024-08-28 19:07:12,0.0,"안녕하세요 고객님, KB차차차입니다. 칭찬, 진심으로 감사드립니다 ^^ KB차차차는 고객님들께서 보다 쉽고 편리하게 중고차를
거래하실 수 있도록 다양한 서비스를 통해 도와드리고 있어요. 소중한 리뷰 감사드리고 앞으로도
KB차차차에 많은 사랑과 관심 부탁드립니다. 감사합니다",kr.co.kbc.cha.android,4.9.12
Android,ringaringa ringo,5,,원하는 예산에서 원하는 차종의 견적을 간편하게 조회하고 실행할 수 있어서 편합니다. kb캐피탈과 연계되어 금융서비스도 간편하네요. 중고차뿐만 아니라 리스차량도 있어서 선택지가 넓어요.,2024-08-28 18:30:13,1.0,"안녕하세요 고객님, KB차차차입니다. 칭찬, 진심으로 감사드립니다 ^^ KB차차차는 고객님들께서 보다 쉽고 편리하게 중고차를
거래하실 수 있도록 다양한 서비스를 통해 도와드리고 있어요. 소중한 리뷰 감사드리고 앞으로도
KB차차차에 많은 사랑과 관심 부탁드립니다. 감사합니다",kr.co.kbc.cha.android,4.9.12
Android,정윤환,5,,앱이 참 편리힌게 알기쉽게되어있어서 중고차팔때 도움많이받았습니다,2024-08-28 17:41:24,0.0,"안녕하세요 고객님, KB차차차입니다. 칭찬, 진심으로 감사드립니다 ^^ KB차차차는 고객님들께서 보다 쉽고 편리하게 중고차를
거래하실 수 있도록 다양한 서비스를 통해 도와드리고 있어요. 소중한 리뷰 감사드리고 앞으로도
KB차차차에 많은 사랑과 관심 부탁드립니다. 감사합니다",kr.co.kbc.cha.android,4.9.12
Android,정지은,5,,중고차 매매는 차차차에서😍 남편차가 노후하여 새차구매 하려고 하다가 부담되어 중고차를 구매하게됐어요 날이 덥다보니 매매상을 돌아다니는것도 덥고 귀찮고 ..해서 알아보다가 지인이 kb차차차를 해보라고해서 알게됐어요 차량정보 보기에 쉽고 시세도 한눈에 알수있어서 굉장히 도움이 많이되는 어플인거같아요 최고🙏,2024-08-28 17:31:46,1.0,"안녕하세요 고객님, KB차차차입니다. 칭찬, 진심으로 감사드립니다 ^^ KB차차차는 고객님들께서 보다 쉽고 편리하게 중고차를
거래하실 수 있도록 다양한 서비스를 통해 도와드리고 있어요. 소중한 리뷰 감사드리고 앞으로도
KB차차차에 많은 사랑과 관심 부탁드립니다. 감사합니다",kr.co.kbc.cha.android,4.9.9
Android,김권,5,,차량시세들을 잘알수있어서 도움이되었습니다,2024-08-28 17:18:08,0.0,"안녕하세요 고객님, KB차차차입니다. 차차차는 고객님들에게 최적의 사용성과 최대의 편리함을 제공하기 위해 노력하고 있습니다.
복잡한 어플은 이제 그만! 차차차 홈화면에서 간편하게 차량 검색, 내차 시세 조회, 내차 관리 등 차차차에서만 만날 수 있는 기능을
최대로 이용해보세요! 감사합니다.",kr.co.kbc.cha.android,
Android,레인오로라,5,,중고차 구매할때 편리하고 유용하게 사용하기 좋은 KB차차차 좋습니다. 가격비교하여 취향에 맞게 검색하여 구매할 수 있어서 좋습니다. 메뉴가 편리하게 되어있어서 사용하기 좋습니다.,2024-08-28 17:05:35,0.0,"안녕하세요 고객님, KB차차차입니다. 차차차는 고객님들에게 최적의 사용성과 최대의 편리함을 제공하기 위해 노력하고 있습니다.
복잡한 어플은 이제 그만! 차차차 홈화면에서 간편하게 차량 검색, 내차 시세 조회, 내차 관리 등 차차차에서만 만날 수 있는 기능을
최대로 이용해보세요! 감사합니다.",kr.co.kbc.cha.android,4.9.12
Android,조선차리세자,5,,너무 좋아요 어플 서비스가 좋네요.,2024-08-28 16:55:46,0.0,"안녕하세요 고객님, KB차차차입니다. 차차차는 고객님들에게 최적의 사용성과 최대의 편리함을 제공하기 위해 노력하고 있습니다.
복잡한 어플은 이제 그만! 차차차 홈화면에서 간편하게 차량 검색, 내차 시세 조회, 내차 관리 등 차차차에서만 만날 수 있는 기능을
최대로 이용해보세요! 감사합니다.",kr.co.kbc.cha.android,4.9.12
Android,김jw,5,,Kb 차차차를 통해 다양한 차량 관련 정보를 얻을수있고 차량도 판매할 예정입니다 너무 좋아요,2024-08-28 16:52:12,0.0,"안녕하세요 고객님, KB차차차입니다. 차차차는 고객님들에게 최적의 사용성과 최대의 편리함을 제공하기 위해 노력하고 있습니다.
복잡한 어플은 이제 그만! 차차차 홈화면에서 간편하게 차량 검색, 내차 시세 조회, 내차 관리 등 차차차에서만 만날 수 있는 기능을
최대로 이용해보세요! 감사합니다.",kr.co.kbc.cha.android,
Android,김와이즈,5,,앱이 직관적이고 사용하기 편리합니다. 제가 원하는 메뉴와 정보들이 홈화면에서 바로 찾을 수 있어 좋아요!,2024-08-28 16:51:49,0.0,"안녕하세요 고객님, KB차차차입니다. KB차차차는 비대면 거래를 전폭적으로 지원해드리고 있습니다.
집에서 차량을 구매할 수 있는 홈배송 서비스, 딜러가 직접 방문하여 고객님의 차량을 판매할 수 있는 팔아줘 차차차 등
고객님의 입장에서 편리함을 제공하고 있는거 맞죠?
다양한 이벤트도 진행하고 있으니 계속 차차차에 많은 관심과 이용 부탁드립니다! 감사합니다 :)",kr.co.kbc.cha.android,4.9.12
Android,DoGwan Oh,5,,내차 팔기를 이용해서 사진과 함께 간단한 정보를 입력하면 딜러들이 경매하듯이 저에게 연락을 줍니다. 그 중에서 가장 고액인 사람에게 낙찰을 하는 방식입니다. 내 차를 가장 비싸게 팔 수 있는 어플이라 적극 추천드립니다.,2024-08-28 16:46:20,0.0,"안녕하세요 고객님, KB차차차입니다. KB차차차는 비대면 거래를 전폭적으로 지원해드리고 있습니다.
집에서 차량을 구매할 수 있는 홈배송 서비스, 딜러가 직접 방문하여 고객님의 차량을 판매할 수 있는 팔아줘 차차차 등
고객님의 입장에서 편리함을 제공하고 있는거 맞죠?
다양한 이벤트도 진행하고 있으니 계속 차차차에 많은 관심과 이용 부탁드립니다! 감사합니다 :)",kr.co.kbc.cha.android,4.9.12
Android,이보희,5,,앱이 직관적으로편함,2024-08-28 16:43:05,0.0,"안녕하세요 고객님, KB차차차입니다. KB차차차는 비대면 거래를 전폭적으로 지원해드리고 있습니다.
집에서 차량을 구매할 수 있는 홈배송 서비스, 딜러가 직접 방문하여 고객님의 차량을 판매할 수 있는 팔아줘 차차차 등
고객님의 입장에서 편리함을 제공하고 있는거 맞죠?
다양한 이벤트도 진행하고 있으니 계속 차차차에 많은 관심과 이용 부탁드립니다! 감사합니다 :)",kr.co.kbc.cha.android,
Android,김영조,5,,KB차차차 내차관리도 편하고 다양하고 알찬 내용들이 많아요,2024-08-28 16:37:45,0.0,,kr.co.kbc.cha.android,4.9.12
Android,김희욱,5,,"너무좋아요 잘쓰고있어요 여기서 중고차샀어요 그리고 차량 관리가 이렇게 쉬울 줄 몰랐어요. 정비 기록, 보험 정보 다 한 곳에 모아주니까 헷갈릴 일도 없고, 언제 어디서나 확인할 수 있어요. 게다가 금융 상품 정보도 쉽게 찾아볼 수 있어서, 차 사고 싶거나 대출 고민할 때 진짜 유용해요! 하지만 가끔 앱이 느려지거나 오류가 나서 좀 짜증날 때도 있긴 해요. 그래도 전체적으로는 차주들에게 필수 앱으로 추천해요!",2024-08-28 16:27:45,21.0,"안녕하세요 고객님, KB차차차입니다. KB차차차는 비대면 거래를 전폭적으로 지원해드리고 있습니다.
집에서 차량을 구매할 수 있는 홈배송 서비스, 딜러가 직접 방문하여 고객님의 차량을 판매할 수 있는 팔아줘 차차차 등
고객님의 입장에서 편리함을 제공하고 있는거 맞죠?
다양한 이벤트도 진행하고 있으니 계속 차차차에 많은 관심과 이용 부탁드립니다! 감사합니다 :)",kr.co.kbc.cha.android,4.9.12
Android,durwjsrkwk sodlstod,5,,만족하며 사용하고 있습니다,2024-08-28 16:23:21,0.0,"안녕하세요 고객님, KB차차차입니다. 소중한 리뷰 정말감사합니다! 차차차에서는 이벤트 뿐만 아니라 다양한 차량 정보를 제공하고 있습니다. 항상 노력하는 차차차가 되겠습니다. 중고차 구매하실 땐 KB차차차,
많은 이용 부탁드리겠습니다! 감사합니다 :)",kr.co.kbc.cha.android,
Android,핑퐁,5,,잘 사용하고 있어요 감사합니다,2024-08-28 16:23:17,0.0,"안녕하세요 고객님, KB차차차입니다. 소중한 리뷰 정말감사합니다! 차차차에서는 이벤트 뿐만 아니라 다양한 차량 정보를 제공하고 있습니다. 항상 노력하는 차차차가 되겠습니다. 중고차 구매하실 땐 KB차차차,
많은 이용 부탁드리겠습니다! 감사합니다 :)",kr.co.kbc.cha.android,4.9.12
Android,이윤구,5,,중고차 관련 정보 알아보려고 이 어플 쓰게되었어요 필요한 정보도 쉽게 찾을수 있고 편리하게 어플 잘 만들었네요 좋아요ㅎ,2024-08-28 16:21:50,0.0,"안녕하세요 고객님, KB차차차입니다. 소중한 리뷰 정말감사합니다! 차차차에서는 이벤트 뿐만 아니라 다양한 차량 정보를 제공하고 있습니다. 항상 노력하는 차차차가 되겠습니다. 중고차 구매하실 땐 KB차차차,
많은 이용 부탁드리겠습니다! 감사합니다 :)",kr.co.kbc.cha.android,4.9.12
Android,꽃남강서,5,,좋은 정보 좋은 차량,2024-08-28 16:20:06,0.0,"안녕하세요 고객님, KB차차차입니다. 소중한 리뷰 정말감사합니다! 차차차에서는 이벤트 뿐만 아니라 다양한 차량 정보를 제공하고 있습니다. 항상 노력하는 차차차가 되겠습니다. 중고차 구매하실 땐 KB차차차,
많은 이용 부탁드리겠습니다! 감사합니다 :)",kr.co.kbc.cha.android,
Android,박석민,5,,시세분석하기 좋아요,2024-08-28 16:15:41,0.0,"안녕하세요 고객님, KB차차차입니다. 소중한 리뷰 정말감사합니다! 차차차에서는 이벤트 뿐만 아니라 다양한 차량 정보를 제공하고 있습니다. 항상 노력하는 차차차가 되겠습니다. 중고차 구매하실 땐 KB차차차,
많은 이용 부탁드리겠습니다! 감사합니다 :)",kr.co.kbc.cha.android,4.9.12
Android,김클라이,4,,차량 정보가 상세해서 중고차 찾아보는데 어렵지 않았어요.,2024-08-28 16:14:30,0.0,"안녕하세요 고객님, KB차차차입니다. 칭찬, 진심으로 감사드립니다 ^^ KB차차차는 고객님들께서 보다 쉽고 편리하게 중고차를 거래하실 수 있도록 다양한 서비스를 통해 도와드리고 있어요. 소중한 리뷰 감사드리고 앞으로도 KB차차차에 많은 사랑과 관심 부탁드립니다. 감사합니다.",kr.co.kbc.cha.android,
Android,Best Hwang,5,,허위매물이 없고 차량정보에대해 타사이트 보다 정보를 더 확인 할 수 있어서 좋았습니다.,2024-08-28 16:12:01,0.0,"안녕하세요 고객님, KB차차차입니다. 칭찬, 진심으로 감사드립니다 ^^ KB차차차는 고객님들께서 보다 쉽고 편리하게 중고차를 거래하실 수 있도록 다양한 서비스를 통해 도와드리고 있어요. 소중한 리뷰 감사드리고 앞으로도 KB차차차에 많은 사랑과 관심 부탁드립니다. 감사합니다.",kr.co.kbc.cha.android,4.9.12
Android,연어,5,,"단순 차의 시세뿐만 아니라 비교도 해볼수있고, 자산을 연동하고, 받을수있는 서비스 전부를 조회할수있어 좋은듯 합니다.",2024-08-28 16:10:02,0.0,"안녕하세요 고객님, KB차차차입니다. 칭찬, 진심으로 감사드립니다 ^^ KB차차차는 고객님들께서 보다 쉽고 편리하게 중고차를 거래하실 수 있도록 다양한 서비스를 통해 도와드리고 있어요. 소중한 리뷰 감사드리고 앞으로도 KB차차차에 많은 사랑과 관심 부탁드립니다. 감사합니다.",kr.co.kbc.cha.android,
Android,리피니트,5,,KB차차차 너무 좋네요 이런저런 어플 다써봤는데 제가 주카드가 국민카드다 보니 같은 계열사 어플을 쓰는데 어플도 편하고요 속도도 빠르고 앞으로는 이것만 써야 할거 같네요 앞으로도 잘부탁해요,2024-08-28 16:06:46,1.0,"안녕하세요 고객님, KB차차차입니다. 칭찬, 진심으로 감사드립니다 ^^ KB차차차는 고객님들께서 보다 쉽고 편리하게 중고차를 거래하실 수 있도록 다양한 서비스를 통해 도와드리고 있어요. 소중한 리뷰 감사드리고 앞으로도 KB차차차에 많은 사랑과 관심 부탁드립니다. 감사합니다.",kr.co.kbc.cha.android,4.9.12
Android,서부리,5,,"중고차 구매하려고 하는데 주변에서 다들 kb차차차 어플을 많이 추천하는데, 그 이유가 있는거 같습니다. 사용하기 편리해요!",2024-08-28 16:06:44,0.0,"안녕하세요 고객님, KB차차차입니다. 칭찬, 진심으로 감사드립니다 ^^ KB차차차는 고객님들께서 보다 쉽고 편리하게 중고차를
거래하실 수 있도록 다양한 서비스를 통해 도와드리고 있어요. 소중한 리뷰 감사드리고 앞으로도
KB차차차에 많은 사랑과 관심 부탁드립니다. 감사합니다.",kr.co.kbc.cha.android,4.9.12
Android,문재호,5,,중고차 구매하려고 지인에 추천받아 설치하였는데 다른 어플과는 다르게 보기 편하고 원하는 차량 검색도 많아서 활용도가 좋네요. 저도 지인에게 추천합니다!,2024-08-28 16:04:48,0.0,"안녕하세요 고객님, KB차차차입니다. 소중한 리뷰 남겨주셔서 감사합니다. KB차차차가 제공하는 시세는 믿을 수 있는 AI 기반의 국민시세로 고객님께서 든든하게 이용하실 수 있습니다 :) 또한 실차주 마크 차량은 허위매물 걱정 없는 매물로 더욱 믿고 이용하실 수 있겠죠? 앞으로도 많은 관심 부탁드립니다. 감사합니다!",kr.co.kbc.cha.android,4.9.12
Android,Jinho Yang,5,,내차팔때 정확한시세와 친절한상담으로 아주만족하고 있습니다.내차팔때는 KB차차차가 최고이네요🤣,2024-08-28 16:04:23,0.0,"안녕하세요 고객님, KB차차차입니다. 소중한 리뷰 남겨주셔서 감사합니다. KB차차차가 제공하는 시세는 믿을 수 있는 AI 기반의 국민시세로 고객님께서 든든하게 이용하실 수 있습니다 :) 또한 실차주 마크 차량은 허위매물 걱정 없는 매물로 더욱 믿고 이용하실 수 있겠죠? 앞으로도 많은 관심 부탁드립니다. 감사합니다!",kr.co.kbc.cha.android,4.9.2
Android,이와그리,5,,앱이 보기 편리하게 잘 되있어서 이용하기 좋습니다 안써보신분들 추천 합니다,2024-08-28 16:03:57,0.0,"안녕하세요 고객님, KB차차차입니다. 소중한 리뷰 남겨주셔서 감사합니다. KB차차차가 제공하는 시세는 믿을 수 있는 AI 기반의 국민시세로 고객님께서 든든하게 이용하실 수 있습니다 :) 또한 실차주 마크 차량은 허위매물 걱정 없는 매물로 더욱 믿고 이용하실 수 있겠죠? 앞으로도 많은 관심 부탁드립니다. 감사합니다!",kr.co.kbc.cha.android,4.9.12
Android,남시형,5,,중고차 판매 및 구매에 자주 사용합니다. 너무 유용한 어플 !!!,2024-08-28 16:03:46,0.0,"안녕하세요 고객님, KB차차차입니다. 소중한 리뷰 남겨주셔서 감사합니다. KB차차차가 제공하는 시세는 믿을 수 있는 AI 기반의
국민시세로 고객님께서 든든하게 이용하실 수 있습니다 :) 또한 실차주 마크 차량은 허위매물 걱정 없는 매물로 더욱 믿고
이용하실 수 있겠죠? 앞으로도 많은 관심 부탁드립니다. 감사합니다!",kr.co.kbc.cha.android,
Android,이은아,5,,내차 시세를 아주 쉽게 알수있어서 좋고 다른 중고차시세들도 알아볼수있어요. 어플메뉴들도 알아보기 쉽게 볼수있어서 좋아요,2024-08-28 16:02:36,0.0,"안녕하세요 고객님, KB차차차입니다. 국내 최다 매물을 보유한 KB차차차에서는 편리한 검색기능도 함께 갖추어 원하시는 차량을
보다 쉽고 편리하게 찾아보실 수 있습니다!! 소중한 의견 감사드리고 보다 나은 서비스 제공을 위해
더욱 노력하는 KB차차차 될 것을 약속드립니다. 감사합니다. :)",kr.co.kbc.cha.android,4.9.4
Android,Dajeong Lee,5,,KB차차차로 쉽게 중고차 매매를 할 수 있네요 잘 사용하고 있습니다.,2024-08-28 16:02:00,0.0,"안녕하세요 고객님, KB차차차입니다. 국내 최다 매물을 보유한 KB차차차에서는 편리한 검색기능도 함께 갖추어 원하시는 차량을
보다 쉽고 편리하게 찾아보실 수 있습니다!! 소중한 의견 감사드리고 보다 나은 서비스 제공을 위해
더욱 노력하는 KB차차차 될 것을 약속드립니다. 감사합니다. :)",kr.co.kbc.cha.android,4.9.12
Android,Somi,5,,중고차 알아볼때 좋아요 편해요,2024-08-28 16:01:51,0.0,"안녕하세요 고객님, KB차차차입니다. 국내 최다 매물을 보유한 KB차차차에서는 편리한 검색기능도 함께 갖추어 원하시는 차량을
보다 쉽고 편리하게 찾아보실 수 있습니다!! 소중한 의견 감사드리고 보다 나은 서비스 제공을 위해
더욱 노력하는 KB차차차 될 것을 약속드립니다. 감사합니다. :)",kr.co.kbc.cha.android,
Android,김해원,5,,중고차살때 KB차차차로 비교견적해서 좋은물건 잘샀어요😊,2024-08-28 16:01:30,0.0,"안녕하세요 고객님, KB차차차입니다. KB차차차에서 중고차를 구매하셨군요! KB차차차 이용은 편리하셨나요?
KB차차차에서는 실차주마크, 헛걸음보상, 연장보증 서비스 등을 마련하여 고객님께서 더욱 안심하고 편리하게 중고차를
거래하실 수 있도록 노력하고 있답니다! 중고차하면? KB차차차! 소중한 리뷰 감사합니다!",kr.co.kbc.cha.android,4.9.12
Android,노병헌,5,,생각보다 편리하고 바로바로 시세 확인할 수 있어 괜찮습니다.,2024-08-28 16:01:25,0.0,"안녕하세요 고객님, KB차차차입니다. 국내 최다 매물을 보유한 KB차차차에서는 편리한 검색기능도 함께 갖추어 원하시는 차량을
보다 쉽고 편리하게 찾아보실 수 있습니다!! 소중한 의견 감사드리고 보다 나은 서비스 제공을 위해
더욱 노력하는 KB차차차 될 것을 약속드립니다. 감사합니다. :)",kr.co.kbc.cha.android,
Android,ᄋᄋ,5,,"ㄱ6656⁷ㅗ교ㅗㅅㄱ6ㄱ6ㅅ,ㅜㅜㅠ",2024-08-26 19:33:43,0.0,"안녕하세요 고객님, KB차차차입니다. 칭찬, 진심으로 감사드립니다 ^^ KB차차차는 고객님들께서 보다 쉽고 편리하게 중고차를
거래하실 수 있도록 다양한 서비스를 통해 도와드리고 있어요. 소중한 리뷰 감사드리고 앞으로도
KB차차차에 많은 사랑과 관심 부탁드립니다. 감사합니다.",kr.co.kbc.cha.android,4.9.12
Android,이원철,5,,좋아요,2024-08-24 23:46:21,0.0,"안녕하세요 고객님, KB차차차입니다. 칭찬, 진심으로 감사드립니다 ^^ KB차차차는 고객님들께서 보다 쉽고 편리하게 중고차를
거래하실 수 있도록 다양한 서비스를 통해 도와드리고 있어요. 소중한 리뷰 감사드리고 앞으로도
KB차차차에 많은 사랑과 관심 부탁드립니다. 감사합니다.
",kr.co.kbc.cha.android,4.9.4
Android,야만사회,5,,좋아요,2024-08-24 19:50:38,0.0,"안녕하세요 고객님, KB차차차입니다. 칭찬, 진심으로 감사드립니다 ^^ KB차차차는 고객님들께서 보다 쉽고 편리하게 중고차를
거래하실 수 있도록 다양한 서비스를 통해 도와드리고 있어요. 소중한 리뷰 감사드리고 앞으로도
KB차차차에 많은 사랑과 관심 부탁드립니다. 감사합니다.
",kr.co.kbc.cha.android,4.4.1
Android,여김현혜,5,,너무 좋아요 차 구매하는것도 하나하나 알아보는것 귀찮은데 이 앱하나로 이것저것 다 따져볼수있어서 넘 좋네요 빠르고 편해요 ㅎㅎ,2024-08-21 23:28:28,0.0,"안녕하세요 고객님, KB차차차입니다. KB차차차에서는 고객님들께서 안심하고 차량을 거래하실 수 있도록 다양한 서비스를
제공해 드리고 있습니다. 앞으로도 고객님들이 만족하는 플랫폼이 되도록 노력하겠습니다!
소중한 의견 감사 드리며 앞으로도 KB차차차 많은 이용과 관심 부탁 드립니다.",kr.co.kbc.cha.android,4.9.12
Android,노준호,3,,ㆍ 난 이제ㄱ,2024-08-21 21:33:34,0.0,"안녕하세요 고객님, KB차차차입니다. KB차차차에서는 고객님들께서 안심하고 차량을 거래하실 수 있도록 다양한 서비스를
제공해 드리고 있습니다. 앞으로도 고객님들이 만족하는 플랫폼이 되도록 노력하겠습니다!
소중한 의견 감사 드리며 앞으로도 KB차차차 많은 이용과 관심 부탁 드립니다.",kr.co.kbc.cha.android,4.8.3
Android,규규규림,5,,누구나 쉽게 비교를 할수 있고 바로바로 앱을 통해서 시세를 바로 알수 있어 너무 좋네요,2024-08-21 20:26:14,0.0,"안녕하세요 고객님, KB차차차입니다. KB차차차에서는 고객님들께서 안심하고 차량을 거래하실 수 있도록 다양한 서비스를
제공해 드리고 있습니다. 앞으로도 고객님들이 만족하는 플랫폼이 되도록 노력하겠습니다!
소중한 의견 감사 드리며 앞으로도 KB차차차 많은 이용과 관심 부탁 드립니다.",kr.co.kbc.cha.android,4.9.2
Android,유안나,5,,원하는 조건의 차를 쉽게 검색할수있고 내차시세도 바로 나와서 보기 편하네요. 기회되면 중고차거래도 믿을수 있는 kb로 할꺼예요.,2024-08-21 19:32:45,0.0,"안녕하세요 고객님, KB차차차입니다. KB차차차에서는 고객님들께서 안심하고 차량을 거래하실 수 있도록 다양한 서비스를
제공해 드리고 있습니다. 앞으로도 고객님들이 만족하는 플랫폼이 되도록 노력하겠습니다!
소중한 의견 감사 드리며 앞으로도 KB차차차 많은 이용과 관심 부탁 드립니다.",kr.co.kbc.cha.android,4.9.12
Android,김다영,3,,잘 사용하고 있습다만 앱이 좀 더 빠르게 구동되면 좋을거 같습니다. 가끔 버벅거립니다 감사합니다,2024-08-21 19:22:59,0.0,"안녕하세요 고객님, KB차차차입니다. KB차차차에서는 고객님들께서 안심하고 차량을 거래하실 수 있도록 다양한 서비스를
제공해 드리고 있습니다. 앞으로도 고객님들이 만족하는 플랫폼이 되도록 노력하겠습니다!
소중한 의견 감사 드리며 앞으로도 KB차차차 많은 이용과 관심 부탁 드립니다.",kr.co.kbc.cha.android,4.9.12
Android,원종찬,5,,자세한거다나와서좋습니다,2024-08-21 18:24:40,0.0,"안녕하세요 고객님, KB차차차입니다. KB차차차에서는 고객님들께서 안심하고 차량을 거래하실 수 있도록 다양한 서비스를
제공해 드리고 있습니다. 고객님들이 안심하고 편리한 차량 거래를 할 수 있도록 노력하겠습니다!
소중한 의견 감사 드리며 앞으로도 KB차차차 많은 이용과 관심 부탁 드립니다.",kr.co.kbc.cha.android,4.9.12
Android,8 S,5,,엔카에 없는 꿀매물 득템 가능!,2024-08-21 18:16:18,0.0,"안녕하세요 고객님, KB차차차입니다. KB차차차에서는 고객님들께서 안심하고 차량을 거래하실 수 있도록 다양한 서비스를
제공해 드리고 있습니다. 고객님들이 안심하고 편리한 차량 거래를 할 수 있도록 노력하겠습니다!
소중한 의견 감사 드리며 앞으로도 KB차차차 많은 이용과 관심 부탁 드립니다.",kr.co.kbc.cha.android,4.9.12
Android,sweeting yo,5,,편하게 시세를 알 수 있어서 좋아요,2024-08-21 17:47:26,0.0,"안녕하세요 고객님, KB차차차입니다. KB차차차에서는 고객님들께서 안심하고 차량을 거래하실 수 있도록 다양한 서비스를
제공해 드리고 있습니다. 고객님들이 안심하고 편리한 차량 거래를 할 수 있도록 노력하겠습니다!
소중한 의견 감사 드리며 앞으로도 KB차차차 많은 이용과 관심 부탁 드립니다.",kr.co.kbc.cha.android,4.9.12
Android,김라라라,5,,"사용하기 편한 메뉴와 신속 간편한 서비스 등 사용자를 위한, 너무 만족스러운 앱입니다.",2024-08-21 17:20:49,0.0,"안녕하세요 고객님, KB차차차입니다. KB차차차에서는 고객님들께서 안심하고 차량을 거래하실 수 있도록 다양한 서비스를
제공해 드리고 있습니다. 고객님들이 안심하고 편리한 차량 거래를 할 수 있도록 노력하겠습니다!
소중한 의견 감사 드리며 앞으로도 KB차차차 많은 이용과 관심 부탁 드립니다.",kr.co.kbc.cha.android,
Android,먼스 (month),5,,너무 좋아요,2024-08-21 17:12:51,0.0,"안녕하세요 고객님, KB차차차입니다. KB차차차에서는 고객님들께서 안심하고 차량을 거래하실 수 있도록 다양한 서비스를
제공해 드리고 있습니다. 고객님들이 안심하고 편리한 차량 거래를 할 수 있도록 노력하겠습니다!
소중한 의견 감사 드리며 앞으로도 KB차차차 많은 이용과 관심 부탁 드립니다.",kr.co.kbc.cha.android,4.9.12
Android,Serin Eom,5,,사용하기 편합니다~!,2024-08-21 16:57:51,0.0,"안녕하세요 고객님, KB차차차입니다. 칭찬, 진심으로 감사드립니다 ^^ KB차차차는 고객님들께서 보다 쉽고 편리하게 중고차를 거래하실 수 있도록 다양한 서비스를 통해 도와드리고 있어요. 소중한 리뷰 감사드리고 앞으로도 KB차차차에 많은 사랑과 관심 부탁드립니다. 감사합니다.",kr.co.kbc.cha.android,4.9.12
Android,서동규,5,,KB차차차쓰고난후 중고차에 대한 정보도 알수있고 제차도 시세확인이 되어서 좋았습니다ㅋ 다른 어플쓰다가 한번사용해봤는데 좋았어요~ 다른분들도 한번 사용해보시길 추천드려요~^^,2024-08-21 16:43:57,1.0,"안녕하세요 고객님, KB차차차입니다. 칭찬, 진심으로 감사드립니다 ^^ KB차차차는 고객님들께서 보다 쉽고 편리하게 중고차를 거래하실 수 있도록 다양한 서비스를 통해 도와드리고 있어요. 소중한 리뷰 감사드리고 앞으로도 KB차차차에 많은 사랑과 관심 부탁드립니다. 감사합니다.",kr.co.kbc.cha.android,4.9.12
Android,오유원,5,,항상 편리하고 ㅎㅖ택이 좋아 자주 이용해요 추천v,2024-08-21 16:43:01,0.0,"안녕하세요 고객님, KB차차차입니다. 칭찬, 진심으로 감사드립니다 ^^ KB차차차는 고객님들께서 보다 쉽고 편리하게 중고차를 거래하실 수 있도록 다양한 서비스를 통해 도와드리고 있어요. 소중한 리뷰 감사드리고 앞으로도 KB차차차에 많은 사랑과 관심 부탁드립니다. 감사합니다.",kr.co.kbc.cha.android,4.9.12
Android,김카모,5,,중고차를 팔아볼까하고 설치해봤는데 기능이 다양해서 좋았습니다. 추천합니다.,2024-08-21 16:34:20,0.0,"안녕하세요 고객님, KB차차차입니다. 칭찬, 진심으로 감사드립니다 ^^ KB차차차는 고객님들께서 보다 쉽고 편리하게 중고차를 거래하실 수 있도록 다양한 서비스를 통해 도와드리고 있어요. 소중한 리뷰 감사드리고 앞으로도 KB차차차에 많은 사랑과 관심 부탁드립니다. 감사합니다.",kr.co.kbc.cha.android,4.9.12
Android,한남규,5,,원하는차량 검색하기도 편하고 판매차량 올리기도 어렵지않아 좋습니다,2024-08-21 16:31:34,0.0,"안녕하세요 고객님, KB차차차입니다. 칭찬, 진심으로 감사드립니다 ^^ KB차차차는 고객님들께서 보다 쉽고 편리하게 중고차를
거래하실 수 있도록 다양한 서비스를 통해 도와드리고 있어요. 소중한 리뷰 감사드리고 앞으로도
KB차차차에 많은 사랑과 관심 부탁드립니다. 감사합니다.",kr.co.kbc.cha.android,4.9.12
Android,몽실이네민박,5,,매물이 많고 사고이력도 자세히 나와서 비교하기에 좋음,2024-08-21 16:26:53,0.0,"안녕하세요 고객님, KB차차차입니다. KB차차차 이용이 편리하셨나요? KB차차차에서는 내 차 팔기도! 사기도!
완전 편리하게 이용하실 수 있다구요! 앞으로도 KB차차차와 함께, 슬기로운 중고차생활을 영위해보세요~!",kr.co.kbc.cha.android,4.9.12
Android,최문수,5,,사용하기 간편하고 이용하기 좋습니다,2024-08-21 16:25:59,0.0,"안녕하세요 고객님, KB차차차입니다. KB차차차 이용이 편리하셨나요? KB차차차에서는 내 차 팔기도! 사기도!
완전 편리하게 이용하실 수 있다구요! 앞으로도 KB차차차와 함께, 슬기로운 중고차생활을 영위해보세요~!",kr.co.kbc.cha.android,
Android,민듀,4,,"이벤트도 다양하고 시세파악, 매매등 간편해서 좋아요",2024-08-21 16:20:37,0.0,"안녕하세요 고객님, KB차차차입니다. KB차차차 이용이 편리하셨나요? KB차차차에서는 내 차 팔기도! 사기도!
완전 편리하게 이용하실 수 있다구요! 앞으로도 KB차차차와 함께, 슬기로운 중고차생활을 영위해보세요~!",kr.co.kbc.cha.android,4.9.12
Android,박승만,4,,앱은 깔끔하고 보기 쉬운데 종종 로그인 오류가 발생하네요.,2024-08-21 16:20:35,0.0,"안녕하세요 고객님, KB차차차입니다. KB차차차 이용이 편리하셨나요? KB차차차에서는 내 차 팔기도! 사기도!
완전 편리하게 이용하실 수 있다구요! 앞으로도 KB차차차와 함께, 슬기로운 중고차생활을 영위해보세요~!",kr.co.kbc.cha.android,4.9.12
Android,용이,5,,차차차 어플을 많이 이용하는 이유가 직관적이고 중고차 선택에 필요한정보를 쉽게 찾을수 있게 되어 있어서 많이 활용하게 되는것 같아요ㅎㅎ,2024-08-21 16:19:55,0.0,"안녕하세요 고객님, KB차차차입니다. KB차차차 이용이 편리하셨나요? KB차차차에서는 내 차 팔기도! 사기도!
완전 편리하게 이용하실 수 있다구요! 앞으로도 KB차차차와 함께, 슬기로운 중고차생활을 영위해보세요~!",kr.co.kbc.cha.android,4.9.12
Android,민도날드,5,,중고차 매매에 쉬운 비교가 가능하고 인증중고차도 따로되어있고 채팅예약도 부담없이 좋네요,2024-08-21 16:16:08,1.0,"안녕하세요 고객님, KB차차차입니다. 국내 최다 매물을 보유한 KB차차차에서는 편리한 검색기능도 함께 갖추어 원하시는 차량을 보다 쉽고 편리하게 찾아보실 수 있습니다!! 소중한 의견 감사드리고 보다 나은 서비스 제공을 위해 더욱 노력하는 KB차차차 될 것을 약속드립니다. 감사합니다. :)",kr.co.kbc.cha.android,4.9.12
Android,구민,5,,사용하기 간편하고 차량비교가 쉬워서 선택장애있는 저에게 큰도움이 됬어요 다양한차량이 있는것에도 만족합니다,2024-08-21 16:13:48,0.0,"안녕하세요 고객님, KB차차차입니다. 국내 최다 매물을 보유한 KB차차차에서는 편리한 검색기능도 함께 갖추어 원하시는 차량을 보다 쉽고 편리하게 찾아보실 수 있습니다!! 소중한 의견 감사드리고 보다 나은 서비스 제공을 위해 더욱 노력하는 KB차차차 될 것을 약속드립니다. 감사합니다. :)",kr.co.kbc.cha.android,
Android,가영이,5,,마음에 들어요 편하고 검색도 쉬워서 좋습니다 대만족이에요,2024-08-21 16:12:16,0.0,"안녕하세요 고객님, KB차차차입니다. 국내 최다 매물을 보유한 KB차차차에서는 편리한 검색기능도 함께 갖추어 원하시는 차량을 보다 쉽고 편리하게 찾아보실 수 있습니다!! 소중한 의견 감사드리고 보다 나은 서비스 제공을 위해 더욱 노력하는 KB차차차 될 것을 약속드립니다. 감사합니다. :)",kr.co.kbc.cha.android,4.9.6
Android,김지혜,5,,중고차 구매하고 싶어도 바깥매장에 가서 보기엔.. 왠지 속일거 같고 🤔 그런의심이 많이 드는데 많은 정보를 차차차 앱을 통해서 볼 수 있어서 너무 좋아요.,2024-08-21 16:11:19,0.0,"안녕하세요 고객님, KB차차차입니다. 국내 최다 매물을 보유한 KB차차차에서는 편리한 검색기능도 함께 갖추어 원하시는 차량을 보다 쉽고 편리하게 찾아보실 수 있습니다!! 소중한 의견 감사드리고 보다 나은 서비스 제공을 위해 더욱 노력하는 KB차차차 될 것을 약속드립니다. 감사합니다. :)",kr.co.kbc.cha.android,4.9.12
Android,부동산11서대문,5,,"차를 바꿔야해서 여러 정보를 찾는 중에 주변인들의 추천으로 차차차를 알게 되었습니다. 중고차면 신뢰가 우선적으로 바탕이 되어 있어야 하는데, 우선 차차차는 딜러 등의 후기들이 있어서 믿음이 가고 또 편리하게 비교할 수 있어서 이용자들이 손쉽게 비교할 수 있는 어플인것 같습니다.",2024-08-21 16:11:08,67.0,"안녕하세요 고객님, KB차차차입니다. 국내 최다 매물을 보유한 KB차차차에서는 편리한 검색기능도 함께 갖추어 원하시는 차량을 보다 쉽고 편리하게 찾아보실 수 있습니다!! 소중한 의견 감사드리고 보다 나은 서비스 제공을 위해 더욱 노력하는 KB차차차 될 것을 약속드립니다. 감사합니다. :)",kr.co.kbc.cha.android,4.9.12
Android,강충현,5,,꽤 괜찮은 어플입니다. 마이데이터연동까지 되어서 확실히 편리해요!,2024-08-21 16:08:34,0.0,"안녕하세요 고객님, KB차차차입니다. 국내 최다 매물을 보유한 KB차차차에서는 편리한 검색기능도 함께 갖추어 원하시는 차량을 보다 쉽고 편리하게 찾아보실 수 있습니다!! 소중한 의견 감사드리고 보다 나은 서비스 제공을 위해 더욱 노력하는 KB차차차 될 것을 약속드립니다. 감사합니다. :)",kr.co.kbc.cha.android,4.9.6
Android,hi j,5,,앱사용이 편리하고 좋습니다,2024-08-21 16:07:12,1.0,"안녕하세요 고객님, KB차차차입니다. 국내 최다 매물을 보유한 KB차차차에서는 편리한 검색기능도 함께 갖추어 원하시는 차량을
보다 쉽고 편리하게 찾아보실 수 있습니다!! 소중한 의견 감사드리고 보다 나은 서비스 제공을 위해
더욱 노력하는 KB차차차 될 것을 약속드립니다. 감사합니다. :)",kr.co.kbc.cha.android,4.9.12
Android,박언상,5,,좋아요 내차고기능이 좋음,2024-08-21 16:04:30,0.0,"안녕하세요 고객님, KB차차차입니다. 소중한 리뷰 남겨주셔서 감사합니다. KB차차차가 제공하는 시세는 믿을 수 있는 AI 기반의 국민시세로 고객님께서 든든하게 이용하실 수 있습니다 :) 또한 실차주 마크 차량은 허위매물 걱정 없는 매물로 더욱 믿고 이용하실 수 있겠죠? 앞으로도 많은 관심 부탁드립니다. 감사합니다!",kr.co.kbc.cha.android,4.9.12
Android,정세희,5,,알기편하게 그리고 어플이 쉽게 되어있어요,2024-08-21 16:04:07,0.0,"안녕하세요 고객님, KB차차차입니다. 소중한 리뷰 남겨주셔서 감사합니다. KB차차차가 제공하는 시세는 믿을 수 있는 AI 기반의 국민시세로 고객님께서 든든하게 이용하실 수 있습니다 :) 또한 실차주 마크 차량은 허위매물 걱정 없는 매물로 더욱 믿고 이용하실 수 있겠죠? 앞으로도 많은 관심 부탁드립니다. 감사합니다!",kr.co.kbc.cha.android,4.9.12
Android,히요,5,,어머니가 중고차를 구입하신다고 해서 이용해 봤는데요 검색을 편리하게 할 수 있다는 점과 kb에서 운영한다는게 장점같습니다. 아무래도 중고차를 산다는게 혼자서는 알아보고 하는 과정이 불안한데 이어플 이용하면 믿고 이용할수 있어요!,2024-08-21 16:03:31,0.0,"안녕하세요 고객님, KB차차차입니다. 소중한 리뷰 남겨주셔서 감사합니다. KB차차차가 제공하는 시세는 믿을 수 있는 AI 기반의 국민시세로 고객님께서 든든하게 이용하실 수 있습니다 :) 또한 실차주 마크 차량은 허위매물 걱정 없는 매물로 더욱 믿고 이용하실 수 있겠죠? 앞으로도 많은 관심 부탁드립니다. 감사합니다!",kr.co.kbc.cha.android,4.8.9
Android,wise p,5,,인증중고차도 따로 되어있고 채팅을 통한 예약도 부담없고 편했습니다 예약시 문자로 알림이 와서 잊어버리거나 추후 봤던 차량 비교하기에도 좋았습니다,2024-08-21 16:03:22,0.0,"안녕하세요 고객님, KB차차차입니다. 소중한 리뷰 남겨주셔서 감사합니다. KB차차차가 제공하는 시세는 믿을 수 있는 AI 기반의
국민시세로 고객님께서 든든하게 이용하실 수 있습니다 :) 또한 실차주 마크 차량은 허위매물 걱정 없는 매물로 더욱 믿고
이용하실 수 있겠죠? 앞으로도 많은 관심 부탁드립니다. 감사합니다!",kr.co.kbc.cha.android,
Android,안녕,5,,중고차도 kb입니다 입찰건수도 많이들어오고 이용해보니 왜 중고차도 kb라고 하는지 알겠습니다~,2024-08-21 16:03:22,0.0,"안녕하세요 고객님, KB차차차입니다. 소중한 리뷰 남겨주셔서 감사합니다. KB차차차는 무엇보다도 고객님께서 어렵게 느껴지는
중고차를 쉽고 편하게 거래하실 수 있도록 도와드리는 것을 목표로 하고 있습니다 :) 미션 콤플릿 할 때까지 옆에
꼭 있어주실거죠~? 간편하지만 든든한! 중고차 플랫폼 KB차차차가 되기 위해 열일하겠습니다. 앞으로도 많은 이용 부탁드립니다.
감사합니다!!",kr.co.kbc.cha.android,4.9.12
Android,STEVEN GERRARD,5,,중고차 데이터가 보기 쉽게 정리되어 있어 편리합니다.,2024-08-21 16:02:39,0.0,"안녕하세요 고객님, KB차차차입니다. 소중한 리뷰 남겨주셔서 감사합니다. KB차차차는 무엇보다도 고객님께서 어렵게 느껴지는
중고차를 쉽고 편하게 거래하실 수 있도록 도와드리는 것을 목표로 하고 있습니다 :) 미션 콤플릿 할 때까지 옆에
꼭 있어주실거죠~? 간편하지만 든든한! 중고차 플랫폼 KB차차차가 되기 위해 열일하겠습니다. 앞으로도 많은 이용 부탁드립니다.
감사합니다!!",kr.co.kbc.cha.android,
Android,이운규,5,,사용이 편합니다,2024-08-21 16:02:25,0.0,"안녕하세요 고객님, KB차차차입니다. 소중한 리뷰 남겨주셔서 감사합니다. KB차차차는 무엇보다도 고객님께서 어렵게 느껴지는
중고차를 쉽고 편하게 거래하실 수 있도록 도와드리는 것을 목표로 하고 있습니다 :) 미션 콤플릿 할 때까지 옆에
꼭 있어주실거죠~? 간편하지만 든든한! 중고차 플랫폼 KB차차차가 되기 위해 열일하겠습니다. 앞으로도 많은 이용 부탁드립니다.
감사합니다!!",kr.co.kbc.cha.android,4.9.12
Android,choi,5,,사용자에게 맞춤형 인터페이스 제공이 아주 좋네요. 정보도 정확하구요,2024-08-21 16:01:32,0.0,,kr.co.kbc.cha.android,
Android,jh1510 l (stell_lee),5,,직관적인 UI,2024-08-21 16:01:19,0.0,"안녕하세요 고객님, KB차차차입니다. 소중한 리뷰 남겨주셔서 감사합니다. KB차차차는 무엇보다도 고객님께서 어렵게 느껴지는
중고차를 쉽고 편하게 거래하실 수 있도록 도와드리는 것을 목표로 하고 있습니다 :) 미션 콤플릿 할 때까지 옆에
꼭 있어주실거죠~? 간편하지만 든든한! 중고차 플랫폼 KB차차차가 되기 위해 열일하겠습니다. 앞으로도 많은 이용 부탁드립니다.
감사합니다!!",kr.co.kbc.cha.android,
Android,경영학도,5,,깔끔하고 심플한 화면이 젤 보기 좋아요,2024-08-14 23:51:42,0.0,"안녕하세요 고객님, KB차차차입니다. 소중한 리뷰 남겨주셔서 감사합니다. KB차차차는 무엇보다도 고객님께서 어렵게 느껴지는 중고차를 쉽고 편하게 거래하실 수 있도록 도와드리는 것을 목표로 하고 있습니다 :) 미션 콤플릿 할 때까지 옆에 꼭 있어주실거죠~? 간편하지만 든든한! 중고차 플랫폼 KB차차차가 되기 위해 열일하겠습니다. 앞으로도 많은 이용 부탁드립니다. 감사합니다!!",kr.co.kbc.cha.android,
Android,송민경,5,,"자동차 리뷰를 보고, 중고차매매를 할 때 신뢰하며 거래할 수 있는 서비스가 바로 KB차차차입니다. 안전하게 비대면거래도 되고 나의 예산으로 계산해서 나에게 꼭 맞는 차량을 선택할 수 있게 도와주는 점이 좋습니다! 커뮤니티의 CAR톡은 읽는 것도 꿀잼이예요! KB차차차로 제 붕붕카 구매할게요~♡♡",2024-08-14 21:56:53,5.0,"안녕하세요 고객님, KB차차차입니다. 소중한 리뷰 남겨주셔서 감사합니다. KB차차차는 무엇보다도 고객님께서 어렵게 느껴지는 중고차를 쉽고 편하게 거래하실 수 있도록 도와드리는 것을 목표로 하고 있습니다 :) 미션 콤플릿 할 때까지 옆에 꼭 있어주실거죠~? 간편하지만 든든한! 중고차 플랫폼 KB차차차가 되기 위해 열일하겠습니다. 앞으로도 많은 이용 부탁드립니다. 감사합니다!!",kr.co.kbc.cha.android,4.9.12
Android,청주마이쭈S2,5,,중고차는 차차차에서 ㅎ 이벤트도 많고 재미있고좋아요ㅎ,2024-08-14 20:42:59,0.0,"안녕하세요 고객님, KB차차차입니다. 소중한 리뷰 남겨주셔서 감사합니다. KB차차차는 무엇보다도 고객님께서 어렵게 느껴지는
중고차를 쉽고 편하게 거래하실 수 있도록 도와드리는 것을 목표로 하고 있습니다 :) 미션 콤플릿 할 때까지 옆에
꼭 있어주실거죠~? 간편하지만 든든한! 중고차 플랫폼 KB차차차가 되기 위해 열일하겠습니다. 앞으로도 많은 이용 부탁드립니다.
감사합니다!!",kr.co.kbc.cha.android,4.9.12
Android,빗휴,5,,중고차 시세 알아볼때 씁니다 카테고리로 편하게 찾아볼수있어서 너무 편해요 한눈에 확 알아볼수있어서 좋네요,2024-08-14 20:33:44,1.0,"안녕하세요 고객님, KB차차차입니다. KB차차차에서는 고객님들께서 안심하고 차량을 거래하실 수 있도록 다양한 서비스를
제공해 드리고 있습니다. 앞으로도 고객님들이 만족하는 플랫폼이 되도록 노력하겠습니다!
소중한 의견 감사 드리며 앞으로도 KB차차차 많은 이용과 관심 부탁 드립니다.",kr.co.kbc.cha.android,4.9.8
Android,쿠쿠의게임리뷰,5,,중고차 판매 앱 최고는 KB차차차 입니다,2024-08-14 20:08:27,0.0,"안녕하세요 고객님, KB차차차입니다. KB차차차에서는 고객님들께서 안심하고 차량을 거래하실 수 있도록 다양한 서비스를
제공해 드리고 있습니다. 앞으로도 고객님들이 만족하는 플랫폼이 되도록 노력하겠습니다!
소중한 의견 감사 드리며 앞으로도 KB차차차 많은 이용과 관심 부탁 드립니다.",kr.co.kbc.cha.android,4.9.12
Android,Yun Mi Kong,5,,중고차 견적비교가 간편하고 빠르게 진행되서 좋아요. 이벤트도 자주해서 꾸준히 접속하게 되네요,2024-08-14 17:40:18,0.0,"안녕하세요 고객님, KB차차차입니다. KB차차차에서는 고객님들께서 안심하고 차량을 거래하실 수 있도록 다양한 서비스를
제공해 드리고 있습니다. 앞으로도 고객님들이 만족하는 플랫폼이 되도록 노력하겠습니다!
소중한 의견 감사 드리며 앞으로도 KB차차차 많은 이용과 관심 부탁 드립니다.",kr.co.kbc.cha.android,4.9.12
Android,신주형,5,,항상 차시세 확인하기 편하고 출첵 룰렛도있어용 ㅋㅋ 조음,2024-08-14 17:29:54,0.0,"안녕하세요 고객님, KB차차차입니다. KB차차차에서는 고객님들께서 안심하고 차량을 거래하실 수 있도록 다양한 서비스를
제공해 드리고 있습니다. 앞으로도 고객님들이 만족하는 플랫폼이 되도록 노력하겠습니다!
소중한 의견 감사 드리며 앞으로도 KB차차차 많은 이용과 관심 부탁 드립니다.",kr.co.kbc.cha.android,4.9.12
Android,김고기,5,,편리하게 시세를 알수 있어 좋아요 어플도 깔끔하고 원하는 정보를 찾기 편하네요,2024-08-14 17:17:57,0.0,"안녕하세요 고객님, KB차차차입니다. 소중한 리뷰 남겨주셔서 감사합니다. 간편하지만 든든함까지 챙기는 KB차차차!
기능은 간편하게~ 서비스는 든든하게~ 언제나 고객님의 입장에서 고민하는 KB차차차입니다 :) 앞으로도 믿고 사용하실 수
있는 유일한 중고차 플랫폼이 될 수 있도록 노력을 아끼지 않겠습니다. 많은 이용 부탁드립니다. 감사합니다!",kr.co.kbc.cha.android,4.9.12
Android,esther Lim,5,,앱 좋아요,2024-08-14 17:11:58,0.0,"안녕하세요 고객님, KB차차차입니다. 소중한 리뷰 남겨주셔서 감사합니다. 간편하지만 든든함까지 챙기는 KB차차차!
기능은 간편하게~ 서비스는 든든하게~ 언제나 고객님의 입장에서 고민하는 KB차차차입니다 :) 앞으로도 믿고 사용하실 수
있는 유일한 중고차 플랫폼이 될 수 있도록 노력을 아끼지 않겠습니다. 많은 이용 부탁드립니다. 감사합니다!",kr.co.kbc.cha.android,4.9.12
Android,정지혜,5,,차살려고 알아보다 차차차까지왔는데 다른 중고차앱보다 보기도편하고 검색해서 걸러내는것도 월등합니다. 특히 사진이미지도 보이는것도 선명하고 만족합니다,2024-08-14 17:01:30,0.0,,kr.co.kbc.cha.android,
Android,nana na,5,,심플하고 깔끔한 메뉴들과 중고매물에 대한 시세와 정보를 손쉽게 비교할 수 있어서 좋은 것 같아요 원하는 정보를 얻어 결정하는데 큰 도움이 되는 것 같네요,2024-08-14 16:54:09,0.0,"안녕하세요 고객님, KB차차차입니다. 소중한 리뷰 남겨주셔서 감사합니다. 간편하지만 든든함까지 챙기는 KB차차차!
기능은 간편하게~ 서비스는 든든하게~ 언제나 고객님의 입장에서 고민하는 KB차차차입니다 :) 앞으로도 믿고 사용하실 수
있는 유일한 중고차 플랫폼이 될 수 있도록 노력을 아끼지 않겠습니다. 많은 이용 부탁드립니다. 감사합니다!",kr.co.kbc.cha.android,4.9.12
Android,피렌체,5,,항상 잘 이용하고 있어요,2024-08-14 16:46:13,0.0,"안녕하세요 고객님, KB차차차입니다. KB차차차는 비대면 거래를 전폭적으로 지원해드리고 있습니다. 집에서 차량을 구매할 수 있는 홈배송 서비스, 딜러가 직접 방문하여 고객님의 차량을 판매할 수 있는 팔아줘 차차차 등 고객님의 입장에서 편리함을 제공하고 있는거 맞죠? 다양한 이벤트도 진행하고 있으니 계속 차차차에 많은 관심과 이용 부탁드립니다! 감사합니다 :)",kr.co.kbc.cha.android,4.9.12
Android,하코비,5,,타중고차 어플들에 비해 가시성이 좋고 UI도 편리하게 잘 구성되어 있어서 편하게 이용중입니다,2024-08-14 16:45:52,0.0,"안녕하세요 고객님, KB차차차입니다. KB차차차는 비대면 거래를 전폭적으로 지원해드리고 있습니다. 집에서 차량을 구매할 수 있는 홈배송 서비스, 딜러가 직접 방문하여 고객님의 차량을 판매할 수 있는 팔아줘 차차차 등 고객님의 입장에서 편리함을 제공하고 있는거 맞죠? 다양한 이벤트도 진행하고 있으니 계속 차차차에 많은 관심과 이용 부탁드립니다! 감사합니다 :)",kr.co.kbc.cha.android,
Android,Gwanguk Go,5,,앱 잘되어있고 서비스 제공도 좋아서 자주 이용하고 있습니다 만족해요. 자주 이용하겠습니다.,2024-08-14 16:45:36,0.0,"안녕하세요 고객님, KB차차차입니다. KB차차차는 비대면 거래를 전폭적으로 지원해드리고 있습니다.
집에서 차량을 구매할 수 있는 홈배송 서비스, 딜러가 직접 방문하여 고객님의 차량을 판매할 수 있는 팔아줘 차차차 등
고객님의 입장에서 편리함을 제공하고 있는거 맞죠?
다양한 이벤트도 진행하고 있으니 계속 차차차에 많은 관심과 이용 부탁드립니다! 감사합니다 :)",kr.co.kbc.cha.android,4.9.12
Android,Lucid Motors,5,,중고차리스는 무조건 kb차차차 씁니다 가격도 저렴하고 상담사분들 친절하시고 업력이 있어도 설계도 빠릅니다 👍 최고,2024-08-14 16:41:45,0.0,"안녕하세요 고객님, KB차차차입니다. 차차차는 고객님들에게 최적의 사용성과 최대의 편리함을 제공하기 위해 노력하고 있습니다. 복잡한 어플은 이제 그만! 차차차 홈화면에서 간편하게 차량 검색, 내차 시세 조회, 내차 관리 등 차차차에서만 만날 수 있는 기능을 최대로 이용해보세요! 감사합니다.",kr.co.kbc.cha.android,4.9.12
Android,k kh,5,,만족하며 사용하고 있습니다,2024-08-14 16:31:35,0.0,"안녕하세요 고객님, KB차차차입니다. 차차차는 고객님들에게 최적의 사용성과 최대의 편리함을 제공하기 위해 노력하고 있습니다. 복잡한 어플은 이제 그만! 차차차 홈화면에서 간편하게 차량 검색, 내차 시세 조회, 내차 관리 등 차차차에서만 만날 수 있는 기능을 최대로 이용해보세요! 감사합니다.",kr.co.kbc.cha.android,4.9.11
Android,김양수,5,,쉽고 빠르게 중고차 정보를 얻을수 있어서 좋아요,2024-08-14 16:27:11,0.0,"안녕하세요 고객님, KB차차차입니다. 차차차는 고객님들에게 최적의 사용성과 최대의 편리함을 제공하기 위해 노력하고 있습니다. 복잡한 어플은 이제 그만! 차차차 홈화면에서 간편하게 차량 검색, 내차 시세 조회, 내차 관리 등 차차차에서만 만날 수 있는 기능을 최대로 이용해보세요! 감사합니다.",kr.co.kbc.cha.android,4.9.11
Android,박지혜,5,,좋아요!!!,2024-08-14 16:27:08,0.0,"안녕하세요 고객님, KB차차차입니다. 차차차는 고객님들에게 최적의 사용성과 최대의 편리함을 제공하기 위해 노력하고 있습니다. 복잡한 어플은 이제 그만! 차차차 홈화면에서 간편하게 차량 검색, 내차 시세 조회, 내차 관리 등 차차차에서만 만날 수 있는 기능을 최대로 이용해보세요! 감사합니다.",kr.co.kbc.cha.android,4.9.11
Android,Ju Hee Ju,5,,차량관련 정보가 많아요,2024-08-14 16:23:08,0.0,"안녕하세요 고객님, KB차차차입니다. 차차차는 고객님들에게 최적의 사용성과 최대의 편리함을 제공하기 위해 노력하고 있습니다.
복잡한 어플은 이제 그만! 차차차 홈화면에서 간편하게 차량 검색, 내차 시세 조회, 내차 관리 등 차차차에서만 만날 수 있는 기능을
최대로 이용해보세요! 감사합니다.",kr.co.kbc.cha.android,4.8.0
Android,최미란,4,,내 차 시세 중고차 시세 편하게 볼 수 있고 어플이 깔끔합니다,2024-08-14 16:20:11,0.0,"안녕하세요 고객님, KB차차차입니다. 소중한 리뷰 남겨주셔서 감사합니다. 간편하지만 든든함까지 챙기는 KB차차차! 기능은 간편하게~ 서비스는 든든하게~ 언제나 고객님의 입장에서 고민하는 KB차차차입니다 :) 앞으로도 믿고 사용하실 수 있는 유일한 중고차 플랫폼이 될 수 있도록 노력을 아끼지 않겠습니다. 많은 이용 부탁드립니다. 감사합니다!",kr.co.kbc.cha.android,
Android,신요한,5,,원하는 매물 확인과 비교 화면이 보기가 편리합니다,2024-08-14 16:17:15,0.0,"안녕하세요 고객님, KB차차차입니다. 소중한 리뷰 남겨주셔서 감사합니다. 간편하지만 든든함까지 챙기는 KB차차차! 기능은 간편하게~ 서비스는 든든하게~ 언제나 고객님의 입장에서 고민하는 KB차차차입니다 :) 앞으로도 믿고 사용하실 수 있는 유일한 중고차 플랫폼이 될 수 있도록 노력을 아끼지 않겠습니다. 많은 이용 부탁드립니다. 감사합니다!",kr.co.kbc.cha.android,4.9.12
Android,김윤선,5,,Kb 차차차 국민이라서 믿고 볼수 있어서 좋아요. 어플도 보기 편하고 간단하게 잘되어있어서 쉽게 정보도 얻을수 있어서 잘 이용하고 있습니다,2024-08-14 16:15:13,0.0,"안녕하세요 고객님, KB차차차입니다. 소중한 리뷰 남겨주셔서 감사합니다. 간편하지만 든든함까지 챙기는 KB차차차! 기능은 간편하게~ 서비스는 든든하게~ 언제나 고객님의 입장에서 고민하는 KB차차차입니다 :) 앞으로도 믿고 사용하실 수 있는 유일한 중고차 플랫폼이 될 수 있도록 노력을 아끼지 않겠습니다. 많은 이용 부탁드립니다. 감사합니다!",kr.co.kbc.cha.android,4.9.11
Android,심아영,5,,홈페이지가 너무 깔끔하게 잘돼있고 차량 비교하기 최적화된 앱이에요! 차량 팔 때가 됐는데 잘 이용할 것 같아요! 앞으로도 더욱 발전하는 차차차 되길 바랍니다!,2024-08-14 16:14:30,0.0,"안녕하세요 고객님, KB차차차입니다. 소중한 리뷰 남겨주셔서 감사합니다. 간편하지만 든든함까지 챙기는 KB차차차!
기능은 간편하게~ 서비스는 든든하게~ 언제나 고객님의 입장에서 고민하는 KB차차차입니다 :) 앞으로도 믿고 사용하실 수
있는 유일한 중고차 플랫폼이 될 수 있도록 노력을 아끼지 않겠습니다. 많은 이용 부탁드립니다. 감사합니다!",kr.co.kbc.cha.android,
Android,비밀,5,,kb차차차 내차관리하는데 필수앱이에요!,2024-08-14 16:11:37,0.0,"안녕하세요 고객님, KB차차차입니다. 차차차는 고객님들에게 최적의 사용성과 최대의 편리함을 제공하기 위해 노력하고 있습니다. 복잡한 어플은 이제 그만! 차차차 홈화면에서 간편하게 차량 검색, 내차 시세 조회, 내차 관리 등 차차차에서만 만날 수 있는 기능을 최대로 이용해보세요! 감사합니다.",kr.co.kbc.cha.android,4.9.2
Android,황금자라,5,,"KB차차차는 중고차 어플 중에서도 우수한 서비스를 제공합니다. 다양한 차량옵션과 신뢰할 수 있는 판매자들이 있어 안심하고 거래할 수 있습니다 특히, 사용자 친화적인 인터페이스와 검색 기능은 차량을 찾는데 큰 도움이 되었습니다",2024-08-14 16:10:42,0.0,"안녕하세요 고객님, KB차차차입니다. 차차차는 고객님들에게 최적의 사용성과 최대의 편리함을 제공하기 위해 노력하고 있습니다. 복잡한 어플은 이제 그만! 차차차 홈화면에서 간편하게 차량 검색, 내차 시세 조회, 내차 관리 등 차차차에서만 만날 수 있는 기능을 최대로 이용해보세요! 감사합니다.",kr.co.kbc.cha.android,4.8.8
Android,황서영,5,,견적도 잘받았고 판매도 깔끔하게 잘했습니다,2024-08-14 16:10:24,0.0,"안녕하세요 고객님, KB차차차입니다. 차차차는 고객님들에게 최적의 사용성과 최대의 편리함을 제공하기 위해 노력하고 있습니다. 복잡한 어플은 이제 그만! 차차차 홈화면에서 간편하게 차량 검색, 내차 시세 조회, 내차 관리 등 차차차에서만 만날 수 있는 기능을 최대로 이용해보세요! 감사합니다.",kr.co.kbc.cha.android,4.9.12
Android,라이징,5,,나름 앱쓰기 편해지긴했는데 차종별 선택옵션 상세히 표현되었으면 합니다,2024-08-14 16:10:06,0.0,"안녕하세요 고객님, KB차차차입니다. 차차차는 고객님들에게 최적의 사용성과 최대의 편리함을 제공하기 위해 노력하고 있습니다.
복잡한 어플은 이제 그만! 차차차 홈화면에서 간편하게 차량 검색, 내차 시세 조회, 내차 관리 등 차차차에서만 만날 수 있는 기능을
최대로 이용해보세요! 감사합니다.",kr.co.kbc.cha.android,4.9.12
Android,Sm Park,5,,차량번호입력으로 이력이나 여러가지 조회가 되어 간편하고 쉽게 볼수있었습니다. 시세도 상세하게나오고 전반적으로 다른 중고차어플보다 편리했습니다~^^,2024-08-14 16:05:31,4.0,"안녕하세요 고객님, KB차차차입니다. KB차차차에서는 고객님들께서 안심하고 차량을 거래하실 수 있도록 다양한 서비스를
제공해 드리고 있습니다. 앞으로도 고객님들이 만족하는 플랫폼이 되도록 노력하겠습니다!
소중한 의견 감사 드리며 앞으로도 KB차차차 많은 이용과 관심 부탁 드립니다.",kr.co.kbc.cha.android,4.9.12
Android,익익명,5,,깔끔하고 어떤차가있는지 한눈에확인됨,2024-08-14 16:04:46,0.0,"안녕하세요 고객님, KB차차차입니다. KB차차차에서는 고객님들께서 안심하고 차량을 거래하실 수 있도록 다양한 서비스를
제공해 드리고 있습니다. 앞으로도 고객님들이 만족하는 플랫폼이 되도록 노력하겠습니다!
소중한 의견 감사 드리며 앞으로도 KB차차차 많은 이용과 관심 부탁 드립니다.",kr.co.kbc.cha.android,
Android,y k,4,,깔끔하고 사용자 UI에 최적화 되어 사용하기 편했어요.,2024-08-14 16:02:48,0.0,"안녕하세요 고객님, KB차차차입니다. KB차차차에서는 고객님들께서 안심하고 차량을 거래하실 수 있도록 다양한 서비스를
제공해 드리고 있습니다. 앞으로도 고객님들이 만족하는 플랫폼이 되도록 노력하겠습니다!
소중한 의견 감사 드리며 앞으로도 KB차차차 많은 이용과 관심 부탁 드립니다.",kr.co.kbc.cha.android,
Android,Kim David,5,,앱 사용 만족합니다.,2024-08-14 16:02:32,0.0,"안녕하세요 고객님, KB차차차입니다. KB차차차에서는 고객님들께서 안심하고 차량을 거래하실 수 있도록 다양한 서비스를
제공해 드리고 있습니다. 앞으로도 고객님들이 만족하는 플랫폼이 되도록 노력하겠습니다!
소중한 의견 감사 드리며 앞으로도 KB차차차 많은 이용과 관심 부탁 드립니다.",kr.co.kbc.cha.android,4.9.12
Android,도담tv Dodam Tv,5,,"Ui가 깔끔해서 보기도 편하고, 사용자입장에서 편리하게 만들어졌네요. 차에 관심많은 저같은 사람에게 꼭 필요한 정보도많아서 유용하게 잘사용중입니다. 앞으로도 사용자입장에서 항상 생각해서 지금처럼 좋은 운영 부탁드립니다.",2024-08-14 16:01:52,0.0,"안녕하세요 고객님, KB차차차입니다. 소중한 리뷰 정말감사합니다! 차차차에서는 이벤트 뿐만 아니라 다양한 차량 정보를 제공하고 있습니다. 항상 노력하는 차차차가 되겠습니다. 중고차 구매하실 땐 KB차차차, 많은 이용 부탁드리겠습니다! 감사합니다 :)",kr.co.kbc.cha.android,
Android,김남현,5,,깔끙하게 잘 정리된 내용과 자세한사진이 보기좋았습니다. 그런데 조금더 다양한차종이 있었으면 좋겠고 금액도 경쟁사대비 조금은 높지않나합니다.,2024-08-14 16:01:50,0.0,"안녕하세요 고객님, KB차차차입니다. 소중한 리뷰 정말감사합니다! 차차차에서는 이벤트 뿐만 아니라 다양한 차량 정보를 제공하고 있습니다. 항상 노력하는 차차차가 되겠습니다. 중고차 구매하실 땐 KB차차차, 많은 이용 부탁드리겠습니다! 감사합니다 :)",kr.co.kbc.cha.android,4.7.8
Android,김영광,5,,"최근 차량팔면서 사용한 어플 중 하나인데 생각보다 좋았어요. 딜러분 연락도 빨리왔고, 딜러간 입찰형태라 합리적인 생각이 들었습니다! 주변지인에게도 추천했었네요^^;",2024-08-13 11:03:28,0.0,"안녕하세요 고객님, KB차차차입니다. 소중한 리뷰 정말감사합니다! 차차차에서는 이벤트 뿐만 아니라 다양한 차량 정보를 제공하고 있습니다. 항상 노력하는 차차차가 되겠습니다. 중고차 구매하실 땐 KB차차차,
많은 이용 부탁드리겠습니다! 감사합니다 :)
",kr.co.kbc.cha.android,3.9.5
Android,이유종,5,,Wzx2.4c3m 44ㅣㅂㆍㄱㄷㅂ스빕깃ㅇㆍㄱᆢ벅,2024-08-13 10:32:10,0.0,"안녕하세요 고객님, KB차차차입니다. 소중한 리뷰 정말감사합니다! 차차차에서는 이벤트 뿐만 아니라 다양한 차량 정보를 제공하고 있습니다. 항상 노력하는 차차차가 되겠습니다. 중고차 구매하실 땐 KB차차차, 많은 이용 부탁드리겠습니다! 감사합니다 :)",kr.co.kbc.cha.android,4.3.3
Android,반딧별,5,,중고차 구입이 처음이라 고민이 많았는데 이 앱으로 많은 정보를 얻었습니다. 유용한 정보가 많아요,2024-08-08 23:57:54,0.0,"안녕하세요 고객님, KB차차차입니다. 소중한 리뷰 정말감사합니다! 차차차에서는 이벤트 뿐만 아니라 다양한 차량 정보를 제공하고 있습니다. 항상 노력하는 차차차가 되겠습니다. 중고차 구매하실 땐 KB차차차,
많은 이용 부탁드리겠습니다! 감사합니다 :)",kr.co.kbc.cha.android,
Android,공병렬,4,,감사합니다,2024-08-08 21:08:35,0.0,"안녕하세요 고객님, KB차차차입니다. 소중한 리뷰 정말감사합니다! 차차차에서는 이벤트 뿐만 아니라 다양한 차량 정보를 제공하고 있습니다. 항상 노력하는 차차차가 되겠습니다. 중고차 구매하실 땐 KB차차차,
많은 이용 부탁드리겠습니다! 감사합니다 :)",kr.co.kbc.cha.android,
Android,베니줄리,5,,보기 편하고 매물이 많아요!!,2024-08-08 20:39:02,0.0,"안녕하세요 고객님, KB차차차입니다. 소중한 리뷰 정말감사합니다! 차차차에서는 이벤트 뿐만 아니라 다양한 차량 정보를 제공하고 있습니다. 항상 노력하는 차차차가 되겠습니다. 중고차 구매하실 땐 KB차차차,
많은 이용 부탁드리겠습니다! 감사합니다 :)",kr.co.kbc.cha.android,4.9.11
Android,강민,5,,앱 사용이 진짜 편하고 좋아요 적극추천해요,2024-08-08 19:33:20,0.0,"안녕하세요 고객님, KB차차차입니다. KB차차차에서는 고객님들께서 안심하고 차량을 거래하실 수 있도록 다양한 서비스를
제공해 드리고 있습니다. 고객님들이 안심하고 편리한 차량 거래를 할 수 있도록 노력하겠습니다!
소중한 의견 감사 드리며 앞으로도 KB차차차 많은 이용과 관심 부탁 드립니다.",kr.co.kbc.cha.android,4.9.11
Android,조형래,5,,좋은 차들이 많아서 보기 좋아요,2024-08-08 19:02:28,0.0,"안녕하세요 고객님, KB차차차입니다. KB차차차에서는 고객님들께서 안심하고 차량을 거래하실 수 있도록 다양한 서비스를
제공해 드리고 있습니다. 고객님들이 안심하고 편리한 차량 거래를 할 수 있도록 노력하겠습니다!
소중한 의견 감사 드리며 앞으로도 KB차차차 많은 이용과 관심 부탁 드립니다.",kr.co.kbc.cha.android,4.9.11
Android,전현재,4,,앱 로딩이 조금 느린것 빼고는 전반적으로 차량검색 등 사용하기에 좋아요,2024-08-08 18:37:16,0.0,"안녕하세요 고객님, KB차차차입니다. KB차차차에서는 고객님들께서 안심하고 차량을 거래하실 수 있도록 다양한 서비스를
제공해 드리고 있습니다. 고객님들이 안심하고 편리한 차량 거래를 할 수 있도록 노력하겠습니다!
소중한 의견 감사 드리며 앞으로도 KB차차차 많은 이용과 관심 부탁 드립니다.",kr.co.kbc.cha.android,
Android,1004 ann,5,,차차차로 한번에 중고차 시세도 알고 마이데이터관리도 하고 앱에 편리한 기능이 많아서 사용하기 좋아요,2024-08-08 18:32:56,0.0,"안녕하세요 고객님, KB차차차입니다. 칭찬, 진심으로 감사드립니다 ^^ KB차차차는 고객님들께서 보다 쉽고 편리하게 중고차를 거래하실 수 있도록 다양한 서비스를 통해 도와드리고 있어요. 소중한 리뷰 감사드리고 앞으로도 KB차차차에 많은 사랑과 관심 부탁드립니다. 감사합니다.",kr.co.kbc.cha.android,4.9.11
Android,heesu lim,5,,이번에 차를 구입하려고 하는데 사실 자동차를 구매하는 경험이 일생에 자주 있는 경험이 아니기때문에 어디에 기준을 두어야하는지 무엇을 중점으로 보아야하는지 어렵기 마련이죠 차차차어플로 확인이 용이하고 테마별로 추천해주는 기능도 유용했어요,2024-08-08 17:39:17,0.0,"안녕하세요 고객님, KB차차차입니다. 칭찬, 진심으로 감사드립니다 ^^ KB차차차는 고객님들께서 보다 쉽고 편리하게 중고차를 거래하실 수 있도록 다양한 서비스를 통해 도와드리고 있어요. 소중한 리뷰 감사드리고 앞으로도 KB차차차에 많은 사랑과 관심 부탁드립니다. 감사합니다.",kr.co.kbc.cha.android,4.9.11
Android,seonkyung lee,5,,남편이 중고차 관심이 있는데 도움되고있습니다.,2024-08-08 17:20:35,0.0,"안녕하세요 고객님, KB차차차입니다. 칭찬, 진심으로 감사드립니다 ^^ KB차차차는 고객님들께서 보다 쉽고 편리하게 중고차를
거래하실 수 있도록 다양한 서비스를 통해 도와드리고 있어요. 소중한 리뷰 감사드리고 앞으로도
KB차차차에 많은 사랑과 관심 부탁드립니다. 감사합니다.",kr.co.kbc.cha.android,4.9.11
Android,ak ch,5,,중고차 구매 하는 과정에서 적절한 가격.모델등 큰도움이 되었습니다,2024-08-08 17:15:10,0.0,"안녕하세요 고객님, KB차차차입니다. KB차차차에서는 고객님들께서 안심하고 차량을 거래하실 수 있도록 다양한 서비스를 제공해 드리고 있습니다. 고객님들이 안심하고 편리한 차량 거래를 할 수 있도록 노력하겠습니다! 소중한 의견 감사 드리며 앞으로도 KB차차차 많은 이용과 관심 부탁 드립니다.",kr.co.kbc.cha.android,
Android,Nasyonaru,4,,좋긴한데 수동차 시세도 정확히 반영해주면 좋겠습니다,2024-08-08 16:59:11,0.0,"안녕하세요 고객님, KB차차차입니다. KB차차차에서는 고객님들께서 안심하고 차량을 거래하실 수 있도록 다양한 서비스를 제공해 드리고 있습니다. 고객님들이 안심하고 편리한 차량 거래를 할 수 있도록 노력하겠습니다! 소중한 의견 감사 드리며 앞으로도 KB차차차 많은 이용과 관심 부탁 드립니다.",kr.co.kbc.cha.android,
Android,아이사,5,,깔끔한 화면이 제일 보기 좋아요 차량 세부사항을 볼때도 중요한 내용들이 한눈에 볼 수 있게 잘 나와서 비교하기도 좋구요 종류도 다양하고 시세도 다른 사이트보다 잘 나오는것 같아서 좋네요,2024-08-08 16:48:09,6.0,"안녕하세요 고객님, KB차차차입니다. KB차차차에서는 고객님들께서 안심하고 차량을 거래하실 수 있도록 다양한 서비스를 제공해 드리고 있습니다. 고객님들이 안심하고 편리한 차량 거래를 할 수 있도록 노력하겠습니다! 소중한 의견 감사 드리며 앞으로도 KB차차차 많은 이용과 관심 부탁 드립니다.",kr.co.kbc.cha.android,4.9.11
Android,아날로그식감성소녀,5,,믿을 수 있는 KB차차차를 통해서 쉽고 간편하게 중고차거래해요♡,2024-08-08 16:47:27,0.0,"안녕하세요 고객님, KB차차차입니다. KB차차차에서는 고객님들께서 안심하고 차량을 거래하실 수 있도록 다양한 서비스를
제공해 드리고 있습니다. 고객님들이 안심하고 편리한 차량 거래를 할 수 있도록 노력하겠습니다!
소중한 의견 감사 드리며 앞으로도 KB차차차 많은 이용과 관심 부탁 드립니다.
",kr.co.kbc.cha.android,
Android,최현호,5,,"검색이 간편해서 사용하기 쉬위요.가격비교하는 것도 쉽게 되어있고, 원하는 견적 옵션설정하기가 편해서 자주 이용할 것 같아요.",2024-08-08 16:42:25,0.0,"안녕하세요 고객님, KB차차차입니다. 차차차는 고객님들에게 최적의 사용성과 최대의 편리함을 제공하기 위해 노력하고 있습니다. 복잡한 어플은 이제 그만! 차차차 홈화면에서 간편하게 차량 검색, 내차 시세 조회, 내차 관리 등 차차차에서만 만날 수 있는 기능을 최대로 이용해보세요! 감사합니다.",kr.co.kbc.cha.android,4.9.11
Android,조민기,5,,편리하게 사용할 수 있어서 좋습니다 중고차에 대한 지식과 정보 취득에 큰 도움이 됩니다 앞으로도 다양한 정보를 통해 현명한 소비로 이어지길 바랍니다,2024-08-08 16:32:59,0.0,"안녕하세요 고객님, KB차차차입니다. 차차차는 고객님들에게 최적의 사용성과 최대의 편리함을 제공하기 위해 노력하고 있습니다. 복잡한 어플은 이제 그만! 차차차 홈화면에서 간편하게 차량 검색, 내차 시세 조회, 내차 관리 등 차차차에서만 만날 수 있는 기능을 최대로 이용해보세요! 감사합니다.",kr.co.kbc.cha.android,4.9.10
Android,eunji jang,5,,잘 사용하고 있답니다.,2024-08-08 16:32:02,0.0,"안녕하세요 고객님, KB차차차입니다. 차차차는 고객님들에게 최적의 사용성과 최대의 편리함을 제공하기 위해 노력하고 있습니다. 복잡한 어플은 이제 그만! 차차차 홈화면에서 간편하게 차량 검색, 내차 시세 조회, 내차 관리 등 차차차에서만 만날 수 있는 기능을 최대로 이용해보세요! 감사합니다.",kr.co.kbc.cha.android,4.9.9
Android,우윤영,5,,중고차 매매에 유용합니다 참고하세요,2024-08-08 16:31:42,0.0,"안녕하세요 고객님, KB차차차입니다. 차차차는 고객님들에게 최적의 사용성과 최대의 편리함을 제공하기 위해 노력하고 있습니다.
복잡한 어플은 이제 그만! 차차차 홈화면에서 간편하게 차량 검색, 내차 시세 조회, 내차 관리 등 차차차에서만 만날 수 있는 기능을
최대로 이용해보세요! 감사합니다.",kr.co.kbc.cha.android,4.9.3
Android,U ser,5,,suv로 차를 바꾸고 싶어서 차차차를 설치했습니다! 중고차 시세도 빠르게 알수있고 en카 만큼 매물도 많은것 같아 맘에 들어요~ 인터페이스도 사용하기 편하고 다양한 이벤트들도 자주 하는것 같습니다! 국내 굴지의 금융사에서 만든 중고차 거래앱 이니 만큼 그 신뢰성 또한 top이네요!👍,2024-08-08 16:25:14,1.0,"안녕하세요 고객님, KB차차차입니다. 차차차에서는 이벤트 뿐만 아니라 다양한 차량 정보를 제공하고 있습니다. 중고차 구매하실 땐 KB차차차, 이용 부탁드리겠습니다! 감사합니다 :)",kr.co.kbc.cha.android,4.9.11
Android,박은아,5,,시세를 한눈에 빠르게 알아보기 좋은거 같아요! 차차차 화이팅 입니다.,2024-08-08 16:25:14,0.0,"안녕하세요 고객님, KB차차차입니다. 차차차에서는 이벤트 뿐만 아니라 다양한 차량 정보를 제공하고 있습니다. 중고차 구매하실 땐 KB차차차, 이용 부탁드리겠습니다! 감사합니다 :)",kr.co.kbc.cha.android,4.9.11
Android,7붐뭉이,5,,완전 좋아요!!!!!ㅎ지인에게도 추천햇습니다,2024-08-08 16:19:54,0.0,"안녕하세요 고객님, KB차차차입니다. 차차차에서는 이벤트 뿐만 아니라 다양한 차량 정보를 제공하고 있습니다. 중고차 구매하실 땐 KB차차차, 이용 부탁드리겠습니다! 감사합니다 :)",kr.co.kbc.cha.android,4.9.11
Android,노래사랑,5,,마음에듭니다~ 만족해요^^,2024-08-08 16:17:31,1.0,"안녕하세요 고객님, KB차차차입니다. 차차차에서는 이벤트 뿐만 아니라 다양한 차량 정보를 제공하고 있습니다. 중고차 구매하실 땐 KB차차차,
이용 부탁드리겠습니다! 감사합니다 :)",kr.co.kbc.cha.android,4.9.11
Android,ye oh,5,,차 구입하려고 중고차를 보고있는데 정보가 많고 찾기가 수월해요. 정확한 시세와 변경도 알려줘서 참고하기가 좋아요!,2024-08-08 16:17:19,0.0,"안녕하세요 고객님, KB차차차입니다. KB차차차에서는 고객님들께서 안심하고 차량을 거래하실 수 있도록 다양한 서비스를
제공해 드리고 있습니다. 앞으로도 고객님들이 만족하는 플랫폼이 되도록 노력하겠습니다!
소중한 의견 감사 드리며 앞으로도 KB차차차 많은 이용과 관심 부탁 드립니다.",kr.co.kbc.cha.android,4.9.11
Android,러브로지,5,,중고차 거래할때 사용하기 좋아요! KB꺼라 신뢰도 충분하고 차에 대해 잘 모르는 저도 도움이 많이 되네요. 시세나 견적에 용이하고 나에게 맞는 차에 대한 예산 활용도 좋구요! 이벤트도 자주 해서 은근 앱이 유용해요! 추천해요^^,2024-08-08 16:15:13,1.0,"안녕하세요 고객님, KB차차차입니다. KB차차차에서는 고객님들께서 안심하고 차량을 거래하실 수 있도록 다양한 서비스를
제공해 드리고 있습니다. 앞으로도 고객님들이 만족하는 플랫폼이 되도록 노력하겠습니다!
소중한 의견 감사 드리며 앞으로도 KB차차차 많은 이용과 관심 부탁 드립니다.",kr.co.kbc.cha.android,4.9.11
Android,강현석,5,,작년에 비해서 훨씬 보기 편해진거 같아요. 매물이 없어서 못산게 아쉬웠는데 다음번에 매물이 있다면 KB차차차에서 사고싶네요.,2024-08-08 16:09:48,0.0,"안녕하세요 고객님, KB차차차입니다. KB차차차에서는 고객님들께서 안심하고 차량을 거래하실 수 있도록 다양한 서비스를
제공해 드리고 있습니다. 앞으로도 고객님들이 만족하는 플랫폼이 되도록 노력하겠습니다!
소중한 의견 감사 드리며 앞으로도 KB차차차 많은 이용과 관심 부탁 드립니다.",kr.co.kbc.cha.android,4.9.11
Android,양키,5,,타 중고차 거래 어플대비 직관적으로 내가 원하는 차량을 알아보기 쉽게 되어 있어서 편하네요. 그리고 출첵 시스템도 있어 매일 어플을 이용하고 있습니다.,2024-08-08 16:09:19,1.0,"안녕하세요 고객님, KB차차차입니다. KB차차차에서는 고객님들께서 안심하고 차량을 거래하실 수 있도록 다양한 서비스를
제공해 드리고 있습니다. 앞으로도 고객님들이 만족하는 플랫폼이 되도록 노력하겠습니다!
소중한 의견 감사 드리며 앞으로도 KB차차차 많은 이용과 관심 부탁 드립니다.",kr.co.kbc.cha.android,4.9.11
Android,이선진,5,,"집에서 편리하게 이용할 수있어 좋은것같습니다. 어플이 전체적으로 엄청 깔끔하게 한눈에 들어와서 좋네요. 보통 중고차매물이러면 복잡할것같고 그런 느낌인데, 생각보다 정리도 잘되어있고, 필요한 정보 찾는데도 어렵지않은것 같습니다.",2024-08-08 16:07:15,9.0,"안녕하세요 고객님, KB차차차입니다. KB차차차 이용이 편리하셨나요? KB차차차에서는 내 차 팔기도! 사기도! 완전 편리하게 이용하실 수 있다구요! 앞으로도 KB차차차와 함께, 슬기로운 중고차생활을 영위해보세요~!",kr.co.kbc.cha.android,4.9.11
Android,신동희,5,,"1. 접근이 용이하고, 화면 보기가 편해요. 2. 이벤트로 기프티콘 당첨되서 선물받는 기분이라 좋았어요. 3. 앱을 익숙하게 만들어주어 나중에 중고차 매매시 사용할 것 같아요. 4. 일상에서 차 관리하는법 등 자료제공도 해주어 도움이 되요.",2024-08-08 16:06:17,0.0,"안녕하세요 고객님, KB차차차입니다. KB차차차 이용이 편리하셨나요? KB차차차에서는 내 차 팔기도! 사기도!
완전 편리하게 이용하실 수 있다구요! 앞으로도 KB차차차와 함께, 슬기로운 중고차생활을 영위해보세요~!
",kr.co.kbc.cha.android,4.9.11
Android,유은지,5,,시세 조회하기 편했어요 이벤트도 있어서 자주 들어가봅니다,2024-08-08 16:06:04,0.0,"안녕하세요 고객님, KB차차차입니다. 소중한 리뷰 남겨주셔서 감사합니다. KB차차차는 무엇보다도 고객님께서 어렵게 느껴지는 중고차를 쉽고 편하게 거래하실 수 있도록 도와드리는 것을 목표로 하고 있습니다 :) 미션 콤플릿 할 때까지 옆에 꼭 있어주실거죠~? 간편하지만 든든한! 중고차 플랫폼 KB차차차가 되기 위해 열일하겠습니다. 앞으로도 많은 이용 부탁드립니다. 감사합니다!!",kr.co.kbc.cha.android,4.9.11
Android,Seyoung Lee,5,,"여러메뉴를 사용하기에 직관적이고, 중고차 검색후 정보 열람하기도 편해서 좋았습니다.",2024-08-08 16:05:02,0.0,"안녕하세요 고객님, KB차차차입니다. 소중한 리뷰 남겨주셔서 감사합니다. KB차차차는 무엇보다도 고객님께서 어렵게 느껴지는 중고차를 쉽고 편하게 거래하실 수 있도록 도와드리는 것을 목표로 하고 있습니다 :) 미션 콤플릿 할 때까지 옆에 꼭 있어주실거죠~? 간편하지만 든든한! 중고차 플랫폼 KB차차차가 되기 위해 열일하겠습니다. 앞으로도 많은 이용 부탁드립니다. 감사합니다!!",kr.co.kbc.cha.android,4.9.11
Android,이수연,5,,손쉽게 내차팔고사고 이용할수있는 유용한 어플이에요.편리합니다.,2024-08-08 16:04:49,0.0,"안녕하세요 고객님, KB차차차입니다. 소중한 리뷰 남겨주셔서 감사합니다. KB차차차는 무엇보다도 고객님께서 어렵게 느껴지는 중고차를 쉽고 편하게 거래하실 수 있도록 도와드리는 것을 목표로 하고 있습니다 :) 미션 콤플릿 할 때까지 옆에 꼭 있어주실거죠~? 간편하지만 든든한! 중고차 플랫폼 KB차차차가 되기 위해 열일하겠습니다. 앞으로도 많은 이용 부탁드립니다. 감사합니다!!",kr.co.kbc.cha.android,4.9.11
Android,임정민,5,,시세 견적등 활용할게 많아 좋습니다~^^,2024-08-08 16:04:26,0.0,"안녕하세요 고객님, KB차차차입니다. 소중한 리뷰 남겨주셔서 감사합니다. KB차차차는 무엇보다도 고객님께서 어렵게 느껴지는
중고차를 쉽고 편하게 거래하실 수 있도록 도와드리는 것을 목표로 하고 있습니다 :) 미션 콤플릿 할 때까지 옆에
꼭 있어주실거죠~? 간편하지만 든든한! 중고차 플랫폼 KB차차차가 되기 위해 열일하겠습니다. 앞으로도 많은 이용 부탁드립니다.
감사합니다!!",kr.co.kbc.cha.android,4.9.11
Android,이호성,5,,"중고차 시세 확인시 너무 좋습니다 제가 살때 합리적인 가격으로 구매했고, 판매할때 차량도 현재 올려 놓았습니다 시세 확인하고 거래하기에는 최고의 어플입니다",2024-08-08 16:04:23,0.0,"안녕하세요 고객님, KB차차차입니다. 국내 최다 매물을 보유한 KB차차차에서는 편리한 검색기능도 함께 갖추어 원하시는 차량을 보다 쉽고 편리하게 찾아보실 수 있습니다!! 소중한 의견 감사드리고 보다 나은 서비스 제공을 위해 더욱 노력하는 KB차차차 될 것을 약속드립니다. 감사합니다. :)",kr.co.kbc.cha.android,4.9.11
Android,주세영,4,,편리하네요ㅎㅎ 차량시세조회ㅎ 로딩이 기네요ㅠ,2024-08-08 16:04:19,0.0,"안녕하세요 고객님, KB차차차입니다. 국내 최다 매물을 보유한 KB차차차에서는 편리한 검색기능도 함께 갖추어 원하시는 차량을 보다 쉽고 편리하게 찾아보실 수 있습니다!! 소중한 의견 감사드리고 보다 나은 서비스 제공을 위해 더욱 노력하는 KB차차차 될 것을 약속드립니다. 감사합니다. :)",kr.co.kbc.cha.android,4.9.11
Android,이호준,5,,내차 정보를 쉽게 확인할 수 있고 중고차 시세 파악에도 도움이 많이 되었습니다. 차를 팔게 된다면 kb차차차 어플 통해 판매할 것 같아요.,2024-08-08 16:03:52,1.0,"안녕하세요 고객님, KB차차차입니다. 국내 최다 매물을 보유한 KB차차차에서는 편리한 검색기능도 함께 갖추어 원하시는 차량을
보다 쉽고 편리하게 찾아보실 수 있습니다!! 소중한 의견 감사드리고 보다 나은 서비스 제공을 위해
더욱 노력하는 KB차차차 될 것을 약속드립니다. 감사합니다. :)",kr.co.kbc.cha.android,4.8.0
Android,이경룡,5,,편리하고 만족합니다,2024-08-08 16:03:04,0.0,"안녕하세요 고객님, KB차차차입니다. 소중한 리뷰 남겨주셔서 감사합니다. KB차차차가 제공하는 시세는 믿을 수 있는 AI 기반의 국민시세로 고객님께서 든든하게 이용하실 수 있습니다 :) 또한 실차주 마크 차량은 허위매물 걱정 없는 매물로 더욱 믿고 이용하실 수 있겠죠? 앞으로도 많은 관심 부탁드립니다. 감사합니다!",kr.co.kbc.cha.android,
Android,j.s choi,5,,굳굳,2024-08-08 16:01:37,0.0,"안녕하세요 고객님, KB차차차입니다. 소중한 리뷰 남겨주셔서 감사합니다. KB차차차가 제공하는 시세는 믿을 수 있는 AI 기반의 국민시세로 고객님께서 든든하게 이용하실 수 있습니다 :) 또한 실차주 마크 차량은 허위매물 걱정 없는 매물로 더욱 믿고 이용하실 수 있겠죠? 앞으로도 많은 관심 부탁드립니다. 감사합니다!",kr.co.kbc.cha.android,
Android,이동준,5,,시세 확인용으로 잘 사용하고 있습니다,2024-08-08 16:01:33,0.0,"안녕하세요 고객님, KB차차차입니다. 소중한 리뷰 남겨주셔서 감사합니다. KB차차차가 제공하는 시세는 믿을 수 있는 AI 기반의 국민시세로 고객님께서 든든하게 이용하실 수 있습니다 :) 또한 실차주 마크 차량은 허위매물 걱정 없는 매물로 더욱 믿고 이용하실 수 있겠죠? 앞으로도 많은 관심 부탁드립니다. 감사합니다!",kr.co.kbc.cha.android,
Android,J.Peter Kim,1,,"진짜 1점도 아까워요, 저도 개발자지만 누가 기획했는지 크게 문제예요 UI/UX는 완전 2010년 감성에 엄청난 양의 버그와 엉망인 최적화. 그 전에 편리했던 앱이 단번에 쓰레기가 되었네요. 이건 롤백이 시급해요.",2024-08-07 11:40:45,0.0,"안녕하세요 고객님, KB차차차입니다. 우선 KB차차차 이용에 불편을 드려 대단히 죄송합니다. 남겨주신 리뷰 확인하여 빠르게 모니터링 중이며, 앞으로 고객님의 이용에 불편함이 없도록 보다 나은 서비스를 제공하겠습니다. 감사합니다.",kr.co.kbc.cha.android,4.9.11
Android,마루,1,,"아직도 본인 인증으로 비밀번호 재설정 안되게 해놨네. 무슨 석기시대 앱이냐? 폰번호 바꾸면 본사로 본인 면상, 정보 팩스 보내야하는 앱이 시이이이발 요즘 세상에 어디있냐?",2024-08-04 03:39:27,1.0,"안녕하세요 고객님, KB차차차입니다. 우선 KB차차차 이용에 불편을 드려 대단히 죄송합니다. 오류가 발생할 경우 KB차차차
대표번호 1670-4777로 연락주시면 최선을 다해 도와드리도록 하겠습니다. 다시 한 번 이용에 불편을 드려 대단히 죄송합니다.
감사합니다.",kr.co.kbc.cha.android,4.9.11
Android,송진형,3,,왜이렇게 렉이심하나요 너무 버벅대요 예전엔 이렇게까지 아니였는데 빠른수정해주세요,2024-08-03 18:03:55,0.0,"안녕하세요, 고객님 KB차차차입니다. 우선, 고객님께 불편을 끼쳐드려 진심으로 죄송합니다. KB차차차는 고객님께 더욱 간편하고 유용한 중고차 거래 플랫폼이 되기 위하여 2.0 버전으로 새롭게 업그레이드 되었습니다. 더욱 빨라진 검색속도와 고객중심의 UI/UX 개편을 통해 고객님의 이용편의성을 높였습니다. 새로워진 KB차차차 2.0 버전에서는 버벅거리는 현상이 없도록 오류수정에 최선을 다하겠습니다. 감사합니다.",kr.co.kbc.cha.android,4.9.11
Android,해골바가지,3,,감사합니다,2024-08-02 01:31:48,0.0,"안녕하세요 고객님, KB차차차입니다. 소중한 리뷰 남겨주셔서 감사합니다. KB차차차가 제공하는 시세는 믿을 수 있는 AI 기반의
국민시세로 고객님께서 든든하게 이용하실 수 있습니다 :) 또한 실차주 마크 차량은 허위매물 걱정 없는 매물로 더욱 믿고
이용하실 수 있겠죠? 앞으로도 많은 관심 부탁드립니다. 감사합니다!",kr.co.kbc.cha.android,
Android,안태수,3,,ㄷ르ㅣ그.ㅗㅣㅣㆍㄱㅅug ㅗ 니ㅣㄷ고교ㆍㄷㅅ조ㅔ기ㅣㅢ개ㅢㅣㄴ베버기,2024-07-30 14:32:31,0.0,"안녕하세요 고객님, KB차차차입니다. 국내 최다 매물을 보유한 KB차차차에서는 편리한 검색기능도 함께 갖추어 원하시는 차량을
보다 쉽고 편리하게 찾아보실 수 있습니다!! 소중한 의견 감사드리고 보다 나은 서비스 제공을 위해
더욱 노력하는 KB차차차 될 것을 약속드립니다. 감사합니다. :)",kr.co.kbc.cha.android,4.9.11
Android,시큰둥,3,,"앱 이 왜 안열링,? 삭제하고 다시받앋느 똑같네요 나만그런가?",2024-07-29 17:33:50,0.0,"안녕하세요 고객님, KB차차차입니다. 차차차는 고객님들에게 최적의 사용성과 최대의 편리함을 제공하기 위해 노력하고 있습니다. 현재 앱 튕김 현상 확인하여 조치 완료되었으며, 지속적인 모니터링 수행을 통해 추후 업데이트 진행 예정입니다. 사용 중 불편함을 드려 죄송합니다.",kr.co.kbc.cha.android,4.9.10
Android,대출사랑,3,,두어달전에도 갑자기 에러가생겨 앱을 재설치하고 최근까지 잘사용하다가 며칠전부터 앱활성화가 안되서 재설치해도 그냥 다운되는 상태가 지속중입니다 해결방법 좀 알려주세요 삼성 노트9기종입니다,2024-07-29 13:13:51,1.0,"안녕하세요 고객님, KB차차차입니다. 차차차는 고객님들에게 최적의 사용성과 최대의 편리함을 제공하기 위해 노력하고 있습니다. 현재 앱 튕김 현상 확인하여 조치 완료되었으며, 지속적인 모니터링 수행을 통해 추후 업데이트 진행 예정입니다. 사용 중 불편함을 드려 죄송합니다.",kr.co.kbc.cha.android,4.9.10
Android,마젠타,1,,어플이 실행이 안되고 자꾸 닫혀요.... 재설치해도 동일 현상입니다,2024-07-29 06:33:13,1.0,"안녕하세요 고객님, KB차차차입니다. 차차차는 고객님들에게 최적의 사용성과 최대의 편리함을 제공하기 위해 노력하고 있습니다. 현재 앱 튕김 현상 확인하여 조치 완료되었으며, 지속적인 모니터링 수행을 통해 추후 업데이트 진행 예정입니다. 사용 중 불편함을 드려 죄송합니다.",kr.co.kbc.cha.android,4.9.10
Android,KENOSIS PARK,1,,앱이 열리지 않아 재설치 했는데 열리지가 않습니다.,2024-07-28 01:16:45,1.0,"안녕하세요 고객님, KB차차차입니다. 차차차는 고객님들에게 최적의 사용성과 최대의 편리함을 제공하기 위해 노력하고 있습니다. 현재 앱 튕김 현상 확인하여 조치 완료되었으며, 지속적인 모니터링 수행을 통해 추후 업데이트 진행 예정입니다. 사용 중 불편함을 드려 죄송합니다.",kr.co.kbc.cha.android,4.9.10
Android,양진석,4,,앱이 최근에 튕겨서 실헁이 안되고 있네요 왜 그럴까요? 다시 지웠다 깔아도 그렇네요,2024-07-27 16:42:55,4.0,"안녕하세요 고객님, KB차차차입니다. 차차차는 고객님들에게 최적의 사용성과 최대의 편리함을 제공하기 위해 노력하고 있습니다. 현재 앱 튕김 현상 확인하여 조치 완료되었으며, 지속적인 모니터링 수행을 통해 추후 업데이트 진행 예정입니다. 사용 중 불편함을 드려 죄송합니다.",kr.co.kbc.cha.android,4.9.10
Android,김현진,2,,앱이 바로커짐 계속커짐,2024-07-26 16:50:19,2.0,"안녕하세요 고객님, KB차차차입니다. 차차차는 고객님들에게 최적의 사용성과 최대의 편리함을 제공하기 위해 노력하고 있습니다. 현재 앱 튕김 현상 확인하여 조치 완료되었으며, 지속적인 모니터링 수행을 통해 추후 업데이트 진행 예정입니다. 사용 중 불편함을 드려 죄송합니다.",kr.co.kbc.cha.android,4.9.10
Android,나그네,1,,V3 업데이트 중입니다 라는 글자가 뜨고 자꾸 튕겨버립니다. 오늘부터 갑자기 그러네요 일을 못합니다.빨리 해결 해주세요,2024-07-26 08:33:04,4.0,"안녕하세요 고객님, KB차차차입니다. 차차차는 고객님들에게 최적의 사용성과 최대의 편리함을 제공하기 위해 노력하고 있습니다. 현재 앱 튕김 현상 확인하여 조치 완료되었으며, 지속적인 모니터링 수행을 통해 추후 업데이트 진행 예정입니다. 사용 중 불편함을 드려 죄송합니다.",kr.co.kbc.cha.android,4.9.10
Android,신동TV,1,,망했나요? Kb차차차..팅기네 계속,2024-07-25 01:11:36,6.0,"안녕하세요 고객님, KB차차차입니다. 우선 KB차차차 이용에 불편을 드려 대단히 죄송합니다. 오류가 발생할 경우 KB차차차
대표번호 1670-4777로 연락주시면 최선을 다해 도와드리도록 하겠습니다. 다시 한 번 이용에 불편을 드려 대단히 죄송합니다.
감사합니다.",kr.co.kbc.cha.android,4.9.10
Android,김미자,5,,원하는 차 찾기도 편하고 종류도 많네요 좋습니다,2024-07-15 11:05:38,1.0,"안녕하세요 고객님, KB차차차입니다. 소중한 리뷰 남겨주셔서 감사합니다. KB차차차는 무엇보다도 고객님께서 어렵게 느껴지는
중고차를 쉽고 편하게 거래하실 수 있도록 도와드리는 것을 목표로 하고 있습니다 :) 미션 콤플릿 할 때까지 옆에
꼭 있어주실거죠~? 간편하지만 든든한! 중고차 플랫폼 KB차차차가 되기 위해 열일하겠습니다. 앞으로도 많은 이용 부탁드립니다.
감사합니다!!",kr.co.kbc.cha.android,4.9.2
Android,프록시마B,4,,"언젠가부터 로딩 이미지 화면에서 몇분을 기다려야 되는데, 개발자님이 혹시 모르고 계실까봐 말씀드려요. (퀀텀3/skt)",2024-07-13 12:58:21,3.0,"안녕하세요 고객님, KB차차차입니다. 우선 KB차차차 이용에 불편을 드려 대단히 죄송합니다. 남겨주신 리뷰 확인하여 빠르게 확인 및 조치 진행하고 있습니다. 앞으로 고객님의 이용에 불편함이 없도록 지속 모니터링 중이며, 보다 나은 서비스 제공을 위해 노력하겠습니다. 감사합니다.",kr.co.kbc.cha.android,4.9.9
Android,다락모락스튜디오,1,,대체 UI는 왜 버뀐건가요? 너무 불편합니다.,2024-07-09 14:10:26,0.0,"안녕하세요 고객님, KB차차차입니다. 우선 KB차차차 이용에 불편을 드려 대단히 죄송합니다. 고객님의 이용에 불편함이 없도록 지속 모니터링중이며 보다 나은 서비스 제공을 위해 노력을 아끼지 않겠습니다. 감사합니다.",kr.co.kbc.cha.android,4.7.4
Android,한춘난,5,,그ㅓㅏㅜㅐㅣㅏ,2024-07-07 20:27:51,0.0,"안녕하세요 고객님, KB차차차입니다. KB차차차는 고객님들께서 보다 쉽고 편리하게 중고차를 거래하실 수 있도록 다양한 서비스를 통해 도와드리고 있어요. 앞으로도 KB차차차에 많은 사랑과 관심 부탁드립니다. 감사합니다.",kr.co.kbc.cha.android,4.8.2
Android,현암,5,,잘사용중이에여 번창하세요,2024-06-30 18:58:51,0.0,"안녕하세요 고객님, KB차차차입니다. 소중한 리뷰 남겨주셔서 감사합니다. 간편하지만 든든함까지 챙기는 KB차차차!
기능은 간편하게~ 서비스는 든든하게~ 언제나 고객님의 입장에서 고민하는 KB차차차입니다 :) 앞으로도 믿고 사용하실 수
있는 유일한 중고차 플랫폼이 될 수 있도록 노력을 아끼지 않겠습니다. 많은 이용 부탁드립니다. 감사합니다!",kr.co.kbc.cha.android,
Android,꾸밤쥐,5,,"소렌토 하이브리드 구매했고, 만족하면서 타고있습니다.",2024-06-28 19:53:20,0.0,"안녕하세요 고객님, KB차차차입니다. KB차차차에서 중고차를 구매하셨군요! KB차차차 이용은 편리하셨나요?
KB차차차에서는 실차주마크, 헛걸음보상, 연장보증 서비스 등을 마련하여 고객님께서 더욱 안심하고 편리하게 중고차를
거래하실 수 있도록 노력하고 있답니다! 중고차하면? KB차차차! 소중한 리뷰 감사합니다!",kr.co.kbc.cha.android,4.9.8
Android,김진실,5,,차시세확연히 볼수있고 어렵지않게 사기걱정없이 거래할 수 있어요 좋아요,2024-06-28 18:18:56,0.0,"안녕하세요 고객님, KB차차차입니다. 소중한 리뷰 남겨주셔서 감사합니다. KB차차차가 제공하는 시세는 믿을 수 있는 AI 기반의
국민시세로 고객님께서 든든하게 이용하실 수 있습니다 :) 또한 실차주 마크 차량은 허위매물 걱정 없는 매물로 더욱 믿고
이용하실 수 있겠죠? 앞으로도 많은 관심 부탁드립니다. 감사합니다!",kr.co.kbc.cha.android,4.9.8
Android,홍현태,5,,너무좋아요,2024-06-28 18:17:51,0.0,"안녕하세요 고객님, KB차차차입니다. 소중한 리뷰 남겨주셔서 감사합니다. KB차차차는 무엇보다도 고객님께서 어렵게 느껴지는
중고차를 쉽고 편하게 거래하실 수 있도록 도와드리는 것을 목표로 하고 있습니다 :) 미션 콤플릿 할 때까지 옆에
꼭 있어주실거죠~? 간편하지만 든든한! 중고차 플랫폼 KB차차차가 되기 위해 열일하겠습니다. 앞으로도 많은 이용 부탁드립니다.
감사합니다!!",kr.co.kbc.cha.android,
Android,진아,4,,"차에 대한 견적, 진단 및 가격 비교가 가능해서 편리해서 좋습니다 실 사용자들이 유용하게 쓸수있는 혜택이 많아졌으면 좋겠습니다",2024-06-28 18:08:06,1.0,"안녕하세요 고객님, KB차차차입니다. KB차차차 이용이 편리하셨나요? KB차차차에서는 내 차 팔기도! 사기도!
완전 편리하게 이용하실 수 있다구요! 앞으로도 KB차차차와 함께, 슬기로운 중고차생활을 영위해보세요~!",kr.co.kbc.cha.android,4.9.8
Android,홍아,3,,음... 아직 매물이 좀 적은게 아쉽다 엔카나 케이카대비..,2024-06-28 17:27:41,0.0,"안녕하세요 고객님, KB차차차입니다. 소중한 의견 너무 감사합니다. 앞으로 꾸준히 노력하여 고객님이 만족할 수 있도록 최고의 플랫폼이 되도록 하겠습니다, 앞으로도 KB차차차 지켜봐주시고 많은 이용과 관심 부탁 드립니다. 감사합니다!",kr.co.kbc.cha.android,
Android,한세영,5,,KB차차차 덕분에 내 차 마련하는데 도움이 많이 됐어요. 주변 사람들에게도 추천해주고 있어요! 추천합니다!!,2024-06-28 16:10:48,26.0,"안녕하세요 고객님, KB차차차입니다. 칭찬, 진심으로 감사드립니다 ^^ KB차차차는 고객님들께서 보다 쉽고 편리하게 중고차를
거래하실 수 있도록 다양한 서비스를 통해 도와드리고 있어요. 소중한 리뷰 감사드리고 앞으로도
KB차차차에 많은 사랑과 관심 부탁드립니다. 감사합니다.",kr.co.kbc.cha.android,4.9.8
Android,편한보험,5,,시세비교와 저렴한 가격에합리적인조건이 최고인것같아요 카테고리지정을통해서 검색이가능해 아주편리하고 알림기능도좋아서 유익합니다 다양한 이벤트도있어서 만족해요,2024-06-28 16:03:15,2.0,"안녕하세요 고객님, KB차차차입니다. 차차차는 고객님들에게 최적의 사용성과 최대의 편리함을 제공하기 위해 노력하고 있습니다.
복잡한 어플은 이제 그만! 차차차 홈화면에서 간편하게 차량 검색, 내차 시세 조회, 내차 관리 등 차차차에서만 만날 수 있는 기능을
최대로 이용해보세요! 감사합니다.",kr.co.kbc.cha.android,4.9.8
Android,Kyungeun Heo,5,,차량에 대한 다양한 정보를 얻을 수 있어서 좋아요,2024-06-28 16:01:54,0.0,"안녕하세요 고객님, KB차차차입니다. 국내 최다 매물을 보유한 KB차차차에서는 편리한 검색기능도 함께 갖추어 원하시는 차량을
보다 쉽고 편리하게 찾아보실 수 있습니다!! 소중한 의견 감사드리고 보다 나은 서비스 제공을 위해
더욱 노력하는 KB차차차 될 것을 약속드립니다. 감사합니다. :)",kr.co.kbc.cha.android,4.9.8
Android,Myeongjae Kim,4,,"좋았는데... 너무 좋았는데 요즘 보험이력 조회가 안 되어서 아쉽네요 ㅠㅠ 제 차가 사고이력이 좀 있었는데, 사고이력 없음으로 떠요. 이 부분 점검해서 보완되면 5점 드릴게요!!",2024-06-26 21:07:10,1.0,"안녕하세요 고객님, KB차차차입니다. 우선 KB차차차 이용에 불편을 드려 대단히 죄송합니다. 앞으로 고객님의 이용에 불편함이 없도록 지속 모니터링 중이며, 보다 나은 서비스 제공을 위해 노력하겠습니다. 감사합니다.",kr.co.kbc.cha.android,4.9.8
Android,이쁘니,5,,너무좋아요,2024-06-26 12:59:46,0.0,"안녕하세요 고객님, KB차차차입니다. 소중한 리뷰 , 거기에 칭찬까지! 너무 너무 감사합니다.
KB차차차에서는 고객님들께서 안심하고 차량을 거래하실 수 있도록 다양한 서비스를
제공해 드리고 있습니다. 고객님들이 안심하고 편리한 차량 거래를 할 수 있도록 더욱더 노력하겠습니다!
",kr.co.kbc.cha.android,
Android,강보라,4,,KB차차차 주변에서도 소개해주고 KB계열 이용해서 써봤는데 가입도 간편하게 보기에도 편해서 조금만 사용하다보면 금방 편하게 쓰게되서 이용성도 좋고 중고차관련해서 간단하게 정보를 할수있어서 좋네요.그외 이벤트도 있어서 계속씁니다.,2024-06-24 23:41:32,11.0,"안녕하세요 고객님, KB차차차입니다. 소중한 의견 감사 드리며 KB차차차에서는 다양한 차량정보 뿐 아니라 고객님들께서
보내주신 성원에 보답하고자 다양한 이벤트를 통해 푸짐한 경품을 드리고 있습니다. 소소하지만 확실한 행복을 드리는
룰렛이벤트부터 차차차 이용만으로 차곡차곡 쌓이는 코인을 이용하여 부스터를 넣고 달리는 레이싱 이벤트까지!
이외에도 다양한 서비스가 마련되어 있으니 KB차차차에서 차량정보도 보시고 이벤트도 즐겨보세요! 앞으로도 더 나은 서비스
제공을 위해 노력하는 KB차차차 되겠습니다. 감사합니다 : )",kr.co.kbc.cha.android,
Android,올라잇 (Cmj),5,,사용하기 좋아요,2024-06-24 22:40:01,0.0,"안녕하세요 고객님, KB차차차입니다. 국내 최다 매물을 보유한 KB차차차에서는 편리한 검색기능도 함께 갖추어 원하시는 차량을
보다 쉽고 편리하게 찾아보실 수 있습니다!! 소중한 리뷰 감사드리고 보다 나은 서비스 제공을 위해
더욱 노력하는 KB차차차 될 것을 약속드립니다. 감사합니다. :)",kr.co.kbc.cha.android,
Android,전미정,5,,주변에서 중고차 시세 및 중고차 알아볼때는 KB차차차 많이들 추천해주시더라고요~ 보기도 편하게 되어있고 찾기도 쉬워서 편리합니다.,2024-06-24 21:52:24,0.0,"안녕하세요 고객님, KB차차차입니다. 소중한 리뷰 남겨주셔서 감사합니다. KB차차차는 무엇보다도 고객님께서 어렵게 느껴지는
중고차를 쉽고 편하게 거래하실 수 있도록 도와드리는 것을 목표로 하고 있습니다 :) 미션 콤플릿 할 때까지 옆에
꼭 있어주실거죠~? 간편하지만 든든한! 중고차 플랫폼 KB차차차가 되기 위해 열일하겠습니다. 앞으로도 많은 이용 부탁드립니다.
감사합니다!!",kr.co.kbc.cha.android,
Android,이성규,5,,많은 정보를 쉽게 알수있고 놀라운 혜택과 이벤트가 다양해서 편하고 좋았습니다 ~^^,2024-06-24 21:49:40,0.0,"안녕하세요 고객님, KB차차차입니다. 소중한 리뷰 정말감사합니다! 앞으로도 항상 노력하는 KB차차차가 되겠습니다.
중고차 구매하실 땐 KB차차차 !! 많은 이용 부탁드리겠습니다! 감사합니다 :)",kr.co.kbc.cha.android,
Android,고윤정,5,,앱을정말잘만들었어요 초보자인저도쉽게시세등을알수있어서좋아요,2024-06-24 21:29:27,0.0,"안녕하세요 고객님, KB차차차입니다. 차차차는 고객님들에게 최적의 사용성과 최대의 편리함을 제공하기 위해 노력하고 있습니다.
복잡한 어플은 이제 그만! 차차차 홈화면에서 간편하게 차량 검색, 내차 시세 조회, 내차 관리 등 차차차에서만 만날 수 있는 기능을
최대로 이용해보세요! 감사합니다.",kr.co.kbc.cha.android,4.9.8
Android,Jinyoon Kim,5,,관심있는 차시세를 간편히 알아 볼 수 있어서 좋고 자산등록으로 자산을 한번에 볼 수 있어서 편리합니다.,2024-06-24 20:25:50,1.0,"안녕하세요 고객님, KB차차차입니다. 회원가입 후 차량번호를 입력해주시면 내 차 시세 조회 및 내 차의 보험, 사고이력
조회가 가능하며 놓치기 쉬운 차량관리 서비스를 알아서 차차차가 챙겨 드립니다.
앞으로도 KB차차차 많은 관심과 이용 부탁 드립니다. 감사합니다.",kr.co.kbc.cha.android,4.9.8
Android,정다운,5,,이번에 타던 차를 팔려고 내놓는데 굉장히 간편하고 가격도 높게 쳐줘서 너무 좋네요!,2024-06-24 20:04:07,0.0,"안녕하세요 고객님, KB차차차입니다. 칭찬 너무 감사합니다^^ KB차차차 이용은 편리하셨나요?
KB차차차에서는 고객님께서 더욱 안심하고 편리하게 중고차를 거래하실 수 있도록 노력하고 있답니다!
중고차하면? KB차차차! 소중한 리뷰 감사합니다!",kr.co.kbc.cha.android,
Android,유시영,5,,제가 찾고자 하는 기능을 쉽게 찾을 수있고 직관적이어서 좋아요,2024-06-24 19:47:33,0.0,"
안녕하세요 고객님, KB차차차입니다. 국내 최다 매물을 보유한 KB차차차에서는 편리한 검색기능도 함께 갖추어 원하시는 차량을
보다 쉽고 편리하게 찾아보실 수 있습니다!! 소중한 의견 감사드리고 보다 나은 서비스 제공을 위해
더욱 노력하는 KB차차차 될 것을 약속드립니다. 감사합니다. :)",kr.co.kbc.cha.android,4.9.8
Android,Jong mi Yoo,5,,어플이 사용하기 편하고 중고차 매매 쉽게 할 수 있어서 좋은 것같습니다. Kb차차차 매물 보고 실제로 거래도 해봤습니다ㅎㅎ 추천합니다.!,2024-06-24 19:47:08,1.0,"안녕하세요 고객님, KB차차차입니다. 칭찬, 진심으로 감사드립니다 ^^ KB차차차는 고객님들께서 보다 쉽고 편리하게 중고차를
거래하실 수 있도록 다양한 서비스를 통해 도와드리고 있어요. 소중한 리뷰 감사드리고 앞으로도
KB차차차에 많은 사랑과 관심 부탁드립니다. 감사합니다.",kr.co.kbc.cha.android,4.9.8
Android,자가로,5,,중고차 거래할 땐 다함께 차차차,2024-06-24 19:12:41,0.0,"안녕하세요 고객님, KB차차차입니다. KB차차차에서는 허위매물 근절을 위해 실차주마크, 헛걸음보상제도 등 다양한 서비스를 마련하여 고객님들께서 더욱 안심하고 차차차를 이용하실 수 있도록 도와드리고 있답니다. 소중한 의견 감사드리고 더욱 발전하는 KB차차차 되도록 하겠습니다. 감사합니다.",kr.co.kbc.cha.android,4.9.8
Android,박수빈,5,,여러 차를 볼수잇음,2024-06-24 18:39:58,0.0,"안녕하세요 고객님, KB차차차입니다. 소중한 리뷰 남겨주셔서 감사합니다. KB차차차는 무엇보다도 고객님께서 어렵게 느껴지는
중고차를 쉽고 편하게 거래하실 수 있도록 도와드리는 것을 목표로 하고 있습니다 :) 미션 콤플릿 할 때까지 옆에
꼭 있어주실거죠~? 간편하지만 든든한! 중고차 플랫폼 KB차차차가 되기 위해 열일하겠습니다. 앞으로도 많은 이용 부탁드립니다.
감사합니다!!",kr.co.kbc.cha.android,4.8.0
Android,최준아,5,,다양한 이벤트도 많고 어플사용도 편리하고 좋습니다^_^,2024-06-24 17:57:35,0.0,"안녕하세요 고객님, KB차차차입니다. KB차차차 이용이 편리하셨나요? KB차차차에서는 내 차 팔기도! 사기도!
완전 편리하게 이용하실 수 있다구요! 앞으로도 KB차차차와 함께, 슬기로운 중고차생활을 영위해보세요~!",kr.co.kbc.cha.android,
Android,JinGyu Park,5,,장기렌트를 알아보면서 비교해봤는데 kb차차차가 제일저렴하고 한눈에 보기편하게 되어있어 도움이 많이되었습니다 앞으로도 중고차판매나 렌트를 할때는 여기를 이용할것같아요,2024-06-24 17:56:23,1.0,"안녕하세요 고객님, KB차차차입니다. 차차차는 고객님들에게 최적의 사용성과 최대의 편리함을 제공하기 위해 노력하고 있습니다.
복잡한 어플은 이제 그만! 차차차 홈화면에서 간편하게 차량 검색, 내차 시세 조회, 내차 관리 등 차차차에서만 만날 수 있는 기능을
최대로 이용해보세요! 감사합니다.",kr.co.kbc.cha.android,
Android,chanyang Kim,5,,KB차차차 잘 쓰고있습니다. 홈배송 서비스라 편리하고 간편해졌네요!! 감사합니다:),2024-06-24 17:54:06,0.0,"안녕하세요 고객님, KB차차차입니다. KB차차차는 비대면 거래를 전폭적으로 지원해드리고 있습니다.
집에서 차량을 구매할 수 있는 홈배송 서비스, 딜러가 직접 방문하여 고객님의 차량을 판매할 수 있는 팔아줘 차차차 등
고객님의 입장에서 편리함을 제공하고 있는거 맞죠?
다양한 이벤트도 진행하고 있으니 계속 차차차에 많은 관심과 이용 부탁드립니다! 감사합니다 :)",kr.co.kbc.cha.android,4.9.8
Android,이기빈,5,,내 차 견적 뿐만 아니라 차 구매할때 견적을 쉽게 볼 수 있어서 편리해요,2024-06-24 17:45:21,0.0,"안녕하세요 고객님, KB차차차입니다. 소중한 리뷰 남겨주셔서 감사합니다. KB차차차가 제공하는 시세는 믿을 수 있는 AI 기반의
국민시세로 고객님께서 든든하게 이용하실 수 있습니다 :) 또한 실차주 마크 차량은 허위매물 걱정 없는 매물로 더욱 믿고
이용하실 수 있겠죠? 앞으로도 많은 관심 부탁드립니다. 감사합니다!",kr.co.kbc.cha.android,4.9.8
Android,꽃길,5,,종종 차조회해보는데 만족하면서 이용중입니당! 대만족! 또 이용할게욤,2024-06-24 17:30:26,0.0,"안녕하세요 고객님, KB차차차입니다. 소중한 리뷰 정말 감사합니다. KB차차차는 고객님들에게 최적의 사용성과 최대의 편리함을 제공하기 위해 노력하고 있습니다.
복잡한 어플은 이제 그만! 차차차 홈화면에서 간편하게 차량 검색, 내차 시세 조회, 내차 관리 등 차차차에서만 만날 수 있는 기능을
최대로 이용해보세요! 감사합니다.",kr.co.kbc.cha.android,4.9.8
Android,펭소,5,,"내 차 시세를 간편하게 알 수 있고, 특히 차테크에서 받을 수 있는 여러 혜택을 알려줘서 편한더라구요.",2024-06-24 17:23:33,1.0,"안녕하세요 고객님, KB차차차입니다.KB차차차 이용이 편리하셨나요? 소중한 칭찬 너무너무 감사합니다^^
항상 고객님의 안전한 중고차 거래와 편의성 증대를 위하여 지속해서 노력하겠습니다. 앞으로도 자주 이용해주세요!
감사합니다!",kr.co.kbc.cha.android,4.9.8
Android,윤현주,5,,내 차 팔기 편하게 할 수 있어 좋아요.,2024-06-24 17:21:03,0.0,"안녕하세요 고객님, KB차차차입니다. KB차차차에서는 고객님들께서 안심하고 차량을 거래하실 수 있도록 다양한 서비스를
제공해 드리고 있습니다. 고객님들이 안심하고 편리한 차량 거래를 할 수 있도록 노력하겠습니다!
소중한 의견 감사 드리며 앞으로도 KB차차차 많은 이용과 관심 부탁 드립니다",kr.co.kbc.cha.android,
Android,손원주,5,,내 차에 관한 정보를 알수있게 되어 편리합니다,2024-06-24 17:20:20,0.0,"
안녕하세요 고객님, KB차차차입니다. 소중한 리뷰 남겨주셔서 감사합니다. 간편하지만 든든함까지 챙기는 KB차차차!
기능은 간편하게~ 서비스는 든든하게~ 언제나 고객님의 입장에서 고민하는 KB차차차입니다 :) 앞으로도 믿고 사용하실 수
있는 유일한 중고차 플랫폼이 될 수 있도록 노력을 아끼지 않겠습니다. 많은 이용 부탁드립니다. 감사합니다!",kr.co.kbc.cha.android,4.9.8
Android,고주영,5,,내차시세도 알아볼 수 있고 어렵게 느껴지는 중고차를 좀 더 쉽게 볼수 있어서 좋은 것 같아요,2024-06-24 17:10:34,2.0,"안녕하세요 고객님, KB차차차입니다. 차차차는 고객님들에게 최적의 사용성과 최대의 편리함을 제공하기 위해 노력하고 있습니다.
복잡한 어플은 이제 그만! 차차차 홈화면에서 간편하게 차량 검색, 내차 시세 조회, 내차 관리 등 차차차에서만 만날 수 있는 기능을
최대로 이용해보세요! 감사합니다.",kr.co.kbc.cha.android,4.9.8
Android,김명진,5,,유용하게 잘 쓰고 있어요!!,2024-06-24 17:03:04,0.0,"안녕하세요 고객님, KB차차차입니다. 소중한 리뷰 정말감사합니다! 앞으로도 항상 노력하는 KB차차차가 되겠습니다.
중고차 구매하실 땐 KB차차차 !! 많은 이용 부탁드리겠습니다! 감사합니다 :)",kr.co.kbc.cha.android,4.9.8
Android,최진영,5,,KB에서 하는 매매어플이다 보니 믿음이가네요! 홍보도 많아서 자주 듣게 되는 이름인데 깔아보니 Ui가 잘되어있어요! 초보분들도 쉽게 믿고 구매할수 있을것 같아요!,2024-06-24 17:02:30,0.0,"안녕하세요 고객님, KB차차차입니다. 소중한 리뷰 남겨주셔서 감사합니다. KB차차차는 무엇보다도 고객님께서 어렵게 느껴지는
중고차를 쉽고 편하게 거래하실 수 있도록 도와드리는 것을 목표로 하고 있습니다 :) 미션 콤플릿 할 때까지 옆에
꼭 있어주실거죠~? 간편하지만 든든한! 중고차 플랫폼 KB차차차가 되기 위해 열일하겠습니다. 앞으로도 많은 이용 부탁드립니다.
감사합니다!!",kr.co.kbc.cha.android,4.9.8
Android,미키마우스,5,,차소개도 잘되어있고 프로세스도 직관적이어서 좋습니다,2024-06-24 16:57:01,0.0,"안녕하세요 고객님, KB차차차입니다. KB차차차에서 중고차를 구매하셨군요! KB차차차 이용은 편리하셨나요?
KB차차차에서는 실차주마크, 헛걸음보상, 연장보증 서비스 등을 마련하여 고객님께서 더욱 안심하고 편리하게 중고차를
거래하실 수 있도록 노력하고 있답니다! 중고차하면? KB차차차! 소중한 리뷰 감사합니다!",kr.co.kbc.cha.android,4.9.8
Android,P P,5,,내차 시세를 정확히 알 수 있어서 너무 좋습니다. 요즘 믿고 살 수 있는 중고차가 없었는데 믿고 살 수 있는 믿음이 갑니다.,2024-06-24 16:49:06,0.0,"
안녕하세요 고객님, KB차차차입니다. 소중한 리뷰 남겨주셔서 감사합니다. KB차차차가 제공하는 시세는 믿을 수 있는 AI 기반의
국민시세로 고객님께서 든든하게 이용하실 수 있습니다 :) 또한 실차주 마크 차량은 허위매물 걱정 없는 매물로 더욱 믿고
이용하실 수 있겠죠? 앞으로도 많은 관심 부탁드립니다. 감사합니다!",kr.co.kbc.cha.android,4.9.8
Android,전용석,5,,너무좋아요 기능도 좋고 앱도 간편하고 기능제대로입니다.,2024-06-24 16:45:43,0.0,"
안녕하세요 고객님, KB차차차입니다. KB차차차에서는 고객님들께서 안심하고 차량을 거래하실 수 있도록 다양한 서비스를
제공해 드리고 있습니다. 앞으로도 고객님들이 만족하는 플랫폼이 되도록 노력하겠습니다!
소중한 의견 감사 드리며 앞으로도 KB차차차 많은 이용과 관심 부탁 드립니다.",kr.co.kbc.cha.android,4.9.8
Android,베테랑,5,,도움 됩니다 . 차량 정보나 시세를 확인 할수 있어서 많은 도움이 됩니다.,2024-06-24 16:43:01,0.0,"안녕하세요 고객님, KB차차차입니다. 차차차는 고객님들에게 최적의 사용성과 최대의 편리함을 제공하기 위해 노력하고 있습니다.
복잡한 어플은 이제 그만! 차차차 홈화면에서 간편하게 차량 검색, 내차 시세 조회, 내차 관리 등 차차차에서만 만날 수 있는 기능을
최대로 이용해보세요! 감사합니다.",kr.co.kbc.cha.android,4.9.8
Android,이재민,5,,많은분들이 이용중이어서 믿고 사용할 수 있어요 잘 이용중입니다!,2024-06-24 16:41:13,1.0,"안녕하세요 고객님, KB차차차입니다. 소중한 리뷰 정말감사합니다! 앞으로도 항상 노력하는 KB차차차가 되겠습니다.
중고차 구매하실 땐 KB차차차 !! 많은 이용 부탁드리겠습니다! 감사합니다 :)",kr.co.kbc.cha.android,4.9.8
Android,치킨나이트,5,,사용하기 편해요,2024-06-24 16:36:41,0.0,"안녕하세요 고객님, KB차차차입니다. 차차차는 고객님들에게 최적의 사용성과 최대의 편리함을 제공하기 위해 노력하고 있습니다.
복잡한 어플은 이제 그만! 차차차 홈화면에서 간편하게 차량 검색, 내차 시세 조회, 내차 관리 등 차차차에서만 만날 수 있는 기능을
최대로 이용해보세요! 감사합니다.",kr.co.kbc.cha.android,4.8.0
Android,SP K.,5,,너무 좋아요 자동차 팔때는 kb차차차!!,2024-06-24 16:34:44,0.0,"안녕하세요 고객님, KB차차차입니다. 국내 최다 매물을 보유한 KB차차차에서는 편리한 검색기능도 함께 갖추어 원하시는 차량을
보다 쉽고 편리하게 찾아보실 수 있습니다!! 소중한 의견 감사드리고 보다 나은 서비스 제공을 위해
더욱 노력하는 KB차차차 될 것을 약속드립니다. 감사합니다. :)",kr.co.kbc.cha.android,4.9.8
Android,구리,5,,이용하기편하고 너무좋습니다 중고차는 kb차차차,2024-06-24 16:29:08,0.0,"안녕하세요 고객님, KB차차차입니다. KB차차차는 비대면 거래를 전폭적으로 지원해드리고 있습니다.
집에서 차량을 구매할 수 있는 홈배송 서비스, 딜러가 직접 방문하여 고객님의 차량을 판매할 수 있는 팔아줘 차차차 등
고객님의 입장에서 편리함을 제공하고 있는거 맞죠?
다양한 이벤트도 진행하고 있으니 계속 차차차에 많은 관심과 이용 부탁드립니다! 감사합니다 :)",kr.co.kbc.cha.android,
Android,저슷,5,,매우 잘 정리가 돼어있어서 편리합니다!,2024-06-24 16:28:04,0.0,"안녕하세요 고객님, KB차차차입니다. 차차차는 고객님들에게 최적의 사용성과 최대의 편리함을 제공하기 위해 노력하고 있습니다.
복잡한 어플은 이제 그만! 차차차 홈화면에서 간편하게 차량 검색, 내차 시세 조회, 내차 관리 등 차차차에서만 만날 수 있는 기능을
최대로 이용해보세요! 감사합니다.",kr.co.kbc.cha.android,
Android,꼬꼬,5,,중고차 관련 정보를 많이 알수 있어서 좋은듯 커뮤니티도 활성화 되어있고 역시 kb에서 만든건 다르다,2024-06-24 16:23:44,1.0,"안녕하세요 고객님, KB차차차입니다. 칭찬, 진심으로 감사드립니다 ^^ KB차차차는 고객님들께서 보다 쉽고 편리하게 중고차를
거래하실 수 있도록 다양한 서비스를 통해 도와드리고 있어요. 소중한 리뷰 감사드리고 앞으로도
KB차차차에 많은 사랑과 관심 부탁드립니다. 감사합니다.",kr.co.kbc.cha.android,4.9.8
Android,김릴라,5,,중고차 구매하는데 짱입니다^^,2024-06-24 16:21:36,0.0,"안녕하세요 고객님, KB차차차입니다. KB차차차에서 중고차를 구매하셨군요! KB차차차 이용은 편리하셨나요?
KB차차차에서는 실차주마크, 헛걸음보상, 연장보증 서비스 등을 마련하여 고객님께서 더욱 안심하고 편리하게 중고차를
거래하실 수 있도록 노력하고 있답니다! 중고차하면? KB차차차! 소중한 리뷰 감사합니다!",kr.co.kbc.cha.android,4.9.8
Android,Sean Jay,5,,차를 사즈으으으아,2024-06-24 16:15:31,0.0,"안녕하세요 고객님, KB차차차입니다. 국내 최다 매물을 보유한 KB차차차에서는 편리한 검색기능도 함께 갖추어 원하시는 차량을
보다 쉽고 편리하게 찾아보실 수 있습니다!! 소중한 의견 감사드리고 보다 나은 서비스 제공을 위해
더욱 노력하는 KB차차차 될 것을 약속드립니다. 감사합니다. :)",kr.co.kbc.cha.android,4.9.8
Android,강정애,5,,중고차 구입전에 알아보고싶어서 깔았는데 정리도 잘되있고 검색하기쉬워요:) 자동차에대한 필요한 내용들이 많네요 좋은어플입니다!,2024-06-24 16:15:14,0.0,"안녕하세요 고객님, KB차차차입니다. KB차차차 이용이 편리하셨나요? KB차차차에서는 내 차 팔기도! 사기도!
완전 편리하게 이용하실 수 있다구요! 앞으로도 KB차차차와 함께, 슬기로운 중고차생활을 영위해보세요~!",kr.co.kbc.cha.android,
Android,고연주,4,,깔끔하게 정리가 잘되있어서 보기좋아요♡,2024-06-24 16:14:22,0.0,"안녕하세요 고객님, KB차차차입니다. 소중한 리뷰 남겨주셔서 감사합니다. KB차차차는 무엇보다도 고객님께서 어렵게 느껴지는
중고차를 쉽고 편하게 거래하실 수 있도록 도와드리는 것을 목표로 하고 있습니다 :) 미션 콤플릿 할 때까지 옆에
꼭 있어주실거죠~? 간편하지만 든든한! 중고차 플랫폼 KB차차차가 되기 위해 열일하겠습니다. 앞으로도 많은 이용 부탁드립니다.
감사합니다!!",kr.co.kbc.cha.android,4.9.8
Android,박대수,5,,중고차 구매할때 이용했는데 보기 편합니다. 그리고 비교할수 있어서 좋아요,2024-06-24 16:13:12,1.0,"안녕하세요 고객님, KB차차차입니다. KB차차차 이용이 편리하셨나요? KB차차차에서는 내 차 팔기도! 사기도!
완전 편리하게 이용하실 수 있다구요! 앞으로도 KB차차차와 함께, 슬기로운 중고차생활을 영위해보세요~!",kr.co.kbc.cha.android,4.9.6
Android,r윤,5,,편해요 필요한 차종에 따라 알람설정해두면서 최저가 뜨길 기다리고 있어요 ㅎㅎ,2024-06-24 16:12:02,0.0,"안녕하세요 고객님, KB차차차입니다. 차차차는 고객님들에게 최적의 사용성과 최대의 편리함을 제공하기 위해 노력하고 있습니다.
복잡한 어플은 이제 그만! 차차차 홈화면에서 간편하게 차량 검색, 내차 시세 조회, 내차 관리 등 차차차에서만 만날 수 있는 기능을
최대로 이용해보세요! 감사합니다.",kr.co.kbc.cha.android,
Android,Cheolhun Lee,5,,Kb 차차차가 더 새로운 모습으로 바뀌어 사용자 중심의 편리한 이용이 가능할것같습니다. 잘쓰겠습니다.,2024-06-24 16:11:45,2.0,"안녕하세요 고객님, KB차차차입니다. 소중한 리뷰 남겨주셔서 감사합니다. KB차차차가 제공하는 시세는 믿을 수 있는 AI 기반의
국민시세로 고객님께서 든든하게 이용하실 수 있습니다 :) 또한 실차주 마크 차량은 허위매물 걱정 없는 매물로 더욱 믿고
이용하실 수 있겠죠? 앞으로도 많은 관심 부탁드립니다. 감사합니다!",kr.co.kbc.cha.android,4.9.8
Android,권미인,5,,중고차 구매해야 해서 친구추천으로 사용했습니다. 다른 많은 중고차어플을 이용해봤지만 kb차차차가 제일 보기 간편하고 깔끔하더라구요. 중고차 매물도 많고 kb에서 운영하다보니 신뢰가 갑니다. 제가 가지고 있는 차를 처분하고 새로운 중고차를 알아봐야하는데 두가지를 한번에 알아보고 처리할수 있어서 너무 편하고 유용했습니다.,2024-06-24 16:11:27,2.0,"안녕하세요 고객님, KB차차차입니다. 소중한 리뷰 남겨주셔서 감사합니다. 간편하지만 든든함까지 챙기는 KB차차차!
기능은 간편하게~ 서비스는 든든하게~ 언제나 고객님의 입장에서 고민하는 KB차차차입니다 :) 앞으로도 믿고 사용하실 수
있는 유일한 중고차 플랫폼이 될 수 있도록 노력을 아끼지 않겠습니다. 많은 이용 부탁드립니다. 감사합니다!",kr.co.kbc.cha.android,
Android,콩숯탱,5,,너무 편하고 좋아요 내차팔땐 역시 KB차차차,2024-06-24 16:11:12,0.0,"
안녕하세요 고객님, KB차차차입니다. KB차차차에서는 고객님들께서 안심하고 차량을 거래하실 수 있도록 다양한 서비스를
제공해 드리고 있습니다. 앞으로도 고객님들이 만족하는 플랫폼이 되도록 노력하겠습니다!
소중한 의견 감사 드리며 앞으로도 KB차차차 많은 이용과 관심 부탁 드립니다.",kr.co.kbc.cha.android,4.9.8
Android,홍길동,5,,스타벅스 커피 감사삽니다,2024-06-24 16:08:38,0.0,"안녕하세요 고객님, KB차차차입니다. 소중한 리뷰 감사합니다. 차차차에서는 이벤트 뿐만 아니라 다양한 차량 정보를 제공하고 있습니다. 앞으로도 중고차 구매하실 땐 KB차차차!!! ,
많은 이용 부탁드리겠습니다! 감사합니다 :)",kr.co.kbc.cha.android,
Android,김용민,5,,kb라는 이름이 붙으니 신뢰가 갑니다 환불도 가능하다니 믿고 살수 있겠습니다 검색도 간편하고 내차도 팔수있고 비대면으로 할수 있는게 많아 좋습니다,2024-06-24 16:07:54,1.0,"안녕하세요 고객님, KB차차차입니다. KB차차차는 비대면 거래를 전폭적으로 지원해드리고 있습니다.
집에서 차량을 구매할 수 있는 홈배송 서비스, 딜러가 직접 방문하여 고객님의 차량을 판매할 수 있는 팔아줘 차차차 등
고객님의 입장에서 편리함을 제공하고 있는거 맞죠?
다양한 이벤트도 진행하고 있으니 계속 차차차에 많은 관심과 이용 부탁드립니다! 감사합니다 :)",kr.co.kbc.cha.android,4.9.8
Android,윤송현,5,,중고차 처음인사람들에게 너무 좋은것 같아요 검색 메뉴등 찾기 편하고 편리해서 잘 쓰고 있어요.,2024-06-24 16:07:28,1.0,"안녕하세요 고객님, KB차차차입니다. 국내 최다 매물을 보유한 KB차차차에서는 편리한 검색기능도 함께 갖추어 원하시는 차량을
보다 쉽고 편리하게 찾아보실 수 있습니다!! 소중한 의견 감사드리고 보다 나은 서비스 제공을 위해
더욱 노력하는 KB차차차 될 것을 약속드립니다. 감사합니다. :)",kr.co.kbc.cha.android,4.9.8
Android,K.H,5,,우선 타동종 업체에 비해 UI가 깔끔하며 직관적입니다. 신규유입유저도 헷갈릴 염려없이 본인의 업무를 유기적으로 처리 가능하며 kb금융 계열사 여서 관련한 작업이나 혜택도 좋아서 만족하고 있습니다.,2024-06-24 16:05:14,0.0,"안녕하세요 고객님, KB차차차입니다. 소중한 리뷰 남겨주셔서 감사합니다. KB차차차는 무엇보다도 고객님께서 어렵게 느껴지는
중고차를 쉽고 편하게 거래하실 수 있도록 도와드리는 것을 목표로 하고 있습니다 :) 미션 콤플릿 할 때까지 옆에
꼭 있어주실거죠~? 간편하지만 든든한! 중고차 플랫폼 KB차차차가 되기 위해 열일하겠습니다. 앞으로도 많은 이용 부탁드립니다.
감사합니다!!",kr.co.kbc.cha.android,4.9.8
Android,GY L,5,,중고차 관련 정보를 얻을 수 있어서 좋았어요. 한눈에 알아보기 쉽고 실제 복잡하지 않게 매매까지 가 할 수 있어요.,2024-06-24 16:05:10,0.0,"안녕하세요 고객님, KB차차차입니다. 차차차는 고객님들에게 최적의 사용성과 최대의 편리함을 제공하기 위해 노력하고 있습니다.
복잡한 어플은 이제 그만! 차차차 홈화면에서 간편하게 차량 검색, 내차 시세 조회, 내차 관리 등 차차차에서만 만날 수 있는 기능을
최대로 이용해보세요! 감사합니다.",kr.co.kbc.cha.android,4.7.8
Android,아름이,5,,내차 시세나 견적을 바로바로 빠르게 알수있어고 중고차 구매에있어 검증도 되어있어 좋아요!,2024-06-24 16:03:43,1.0,"안녕하세요 고객님, KB차차차입니다. 국내 최다 매물을 보유한 KB차차차에서는 편리한 검색기능도 함께 갖추어 원하시는 차량을
보다 쉽고 편리하게 찾아보실 수 있습니다!! 소중한 의견 감사드리고 보다 나은 서비스 제공을 위해
더욱 노력하는 KB차차차 될 것을 약속드립니다. 감사합니다. :)",kr.co.kbc.cha.android,4.9.3
Android,최정선,5,,Kb차차차 많은도움이됩니다.최고ㅎ.ㅎ,2024-06-24 16:02:50,1.0,"안녕하세요 고객님, KB차차차입니다. 소중한 리뷰 남겨주셔서 감사합니다. 간편하지만 든든함까지 챙기는 KB차차차!
기능은 간편하게~ 서비스는 든든하게~ 언제나 고객님의 입장에서 고민하는 KB차차차입니다 :) 앞으로도 믿고 사용하실 수
있는 유일한 중고차 플랫폼이 될 수 있도록 노력을 아끼지 않겠습니다. 많은 이용 부탁드립니다. 감사합니다!",kr.co.kbc.cha.android,
Android,young SS.,5,,자동차 시세 견적비교 매우 쉽고 유용한 앱이에요 편리해요,2024-06-24 16:02:36,0.0,"
안녕하세요 고객님, KB차차차입니다. 차차차는 고객님들에게 최적의 사용성과 최대의 편리함을 제공하기 위해 노력하고 있습니다.
복잡한 어플은 이제 그만! 차차차 홈화면에서 간편하게 차량 검색, 내차 시세 조회, 내차 관리 등 차차차에서만 만날 수 있는 기능을
최대로 이용해보세요! 감사합니다.",kr.co.kbc.cha.android,4.9.8
Android,망고아빠,5,,많은 견적을 볼수 있어서 좋아요,2024-06-24 16:02:08,0.0,"
안녕하세요 고객님, KB차차차입니다. KB차차차에서는 고객님들께서 안심하고 차량을 거래하실 수 있도록 다양한 서비스를
제공해 드리고 있습니다. 앞으로도 고객님들이 만족하는 플랫폼이 되도록 노력하겠습니다!
소중한 의견 감사 드리며 앞으로도 KB차차차 많은 이용과 관심 부탁 드립니다.",kr.co.kbc.cha.android,4.9.3
Android,망고스틴,4,,다릉 어플보다 깔끔하고 눈이 편함,2024-06-24 16:01:28,0.0,"안녕하세요 고객님, KB차차차입니다. 소중한 리뷰 남겨주셔서 감사합니다. KB차차차는 무엇보다도 고객님께서 어렵게 느껴지는
중고차를 쉽고 편하게 거래하실 수 있도록 도와드리는 것을 목표로 하고 있습니다 :) 미션 콤플릿 할 때까지 옆에
꼭 있어주실거죠~? 간편하지만 든든한! 중고차 플랫폼 KB차차차가 되기 위해 열일하겠습니다. 앞으로도 많은 이용 부탁드립니다.
감사합니다!!",kr.co.kbc.cha.android,
Android,박매튜,5,,중고차살때 최고의선택,2024-06-24 16:01:24,0.0,"안녕하세요 고객님, KB차차차입니다. 소중한 리뷰 남겨주셔서 감사합니다. KB차차차가 제공하는 시세는 믿을 수 있는 AI 기반의
국민시세로 고객님께서 든든하게 이용하실 수 있습니다 :) 또한 실차주 마크 차량은 허위매물 걱정 없는 매물로 더욱 믿고
이용하실 수 있겠죠? 앞으로도 많은 관심 부탁드립니다. 감사합니다!",kr.co.kbc.cha.android,
Android,꼬미꼬,5,,사용잘하고있어요 오류개선좀요,2024-06-24 16:01:22,0.0,"안녕하세요 고객님, KB차차차입니다. 우선 KB차차차 이용에 불편을 드려 대단히 죄송합니다. 오류가 발생할 경우 KB차차차
대표번호 1670-4777로 연락주시면 최선을 다해 도와드리도록 하겠습니다. 다시 한 번 이용에 불편을 드려 대단히 죄송합니다.
감사합니다",kr.co.kbc.cha.android,
Android,이한솔,5,,잘사용하고있습니당~,2024-06-24 16:01:12,0.0,"안녕하세요 고객님, KB차차차입니다. KB차차차 이용이 편리하셨나요? KB차차차에서는 내 차 팔기도! 사기도!
완전 편리하게 이용하실 수 있다구요! 앞으로도 KB차차차와 함께, 슬기로운 중고차생활을 영위해보세요~!",kr.co.kbc.cha.android,4.9.8
Android,남기휘,5,,어플이 깔끔해요,2024-06-24 16:00:54,0.0,"안녕하세요 고객님, KB차차차입니다. 칭찬, 진심으로 감사드립니다 ^^ KB차차차는 고객님들께서 보다 쉽고 편리하게 중고차를
거래하실 수 있도록 다양한 서비스를 통해 도와드리고 있어요. 소중한 리뷰 감사드리고 앞으로도
KB차차차에 많은 사랑과 관심 부탁드립니다. 감사합니다",kr.co.kbc.cha.android,4.9.8
Android,정진우,5,,"KB차차차, 이용하는회원인데요. 위 리뷰를 읽어봐는데요. 다~ 좋은데 상세설정에들어가면 차량cc도 선택할수있게 해주셨으면합니다.",2024-06-22 21:04:52,1.0,"안녕하세요 고객님, KB차차차입니다. 소중한 의견 먼저 감사드립니다. 고객님께서 더욱 더 쉽고 편리하게 차차차를 이용하실수 있도록 소중한 의견 경청하여 보다 나은 차차차를 만들기 위하여 노력하겠습니다. 앞으로도 KB차차차에 많은 사랑과 관심 부탁드립니다.",kr.co.kbc.cha.android,4.9.8
Android,이기원,4,,정리가 잘되어 있지만 가격은 좀 비싸네요,2024-06-22 19:44:39,0.0,"안녕하세요 고객님, KB차차차입니다. 국내 최다 매물을 보유한 KB차차차에서는 편리한 검색기능도 함께 갖추어 원하시는 차량을 보다 쉽고 편리하게 찾아보실 수 있어요! 소중한 의견 남겨주셔서 감사드리고 보다 나은 서비스 제공을 위해
더욱 노력하는 KB차차차 될 것을 약속드립니다. 감사합니다. :)",kr.co.kbc.cha.android,
Android,까뚜까,1,,캐시워크 리워드 때매 설치 해 봤는데 리워드 주지도 않네. 칵~퉤!,2024-06-17 20:35:20,1.0,"안녕하세요 고객님, KB차차차입니다. KB차차차는 믿을 수 있는 국민 매물 시세로 고객님께서 든든하게 이용하실 수 있도록 운영중인 중고차 거래 플랫폼입니다. :) 또한 실차주 마크 차량은 허위매물 걱정 없는 매물로 더욱 믿고 이용하실 수 있겠죠? 앞으로 중고차 거래가 필요하실땐 저희 KB차차차 많은 이용 부탁드립니다. 감사합니다",kr.co.kbc.cha.android,4.9.6
Android,블루젯,1,,앱이 불안정 합니다 로그인후 5초후에 튕깁니다.,2024-06-14 13:10:30,1.0,"안녕하세요 고객님, KB차차차입니다. 우선 KB차차차 이용에 불편을 드려 대단히 죄송합니다. 남겨주신 리뷰 확인하여 빠르게 확인 및 조치 진행하고 있습니다. 앞으로 고객님의 이용에 불편함이 없도록 지속 모니터링 중이며, 보다 나은 서비스 제공을 위해 노력하겠습니다. 감사합니다.",kr.co.kbc.cha.android,4.9.6
Android,장준용,1,,갤z플립 4. 어플 지우고 비번 바꾸고 로그인 계속 해도 서버에 연결할 수 없다고 로그인이 안되는데 며칠짼지 모르겠네요 ;;,2024-06-14 12:09:16,1.0,"안녕하세요 고객님, KB차차차입니다. 우선 KB차차차 이용에 불편을 드려 대단히 죄송합니다. 말씀주신 오류 관련하여 모니터링 중이며 앞으로 고객님의 이용에 불편함이 없도록 노력하겠습니다. 다시 한번 불편드린 부분 죄송합니다. 감사합니다.",kr.co.kbc.cha.android,4.9.6
Android,이준원,1,,니똥,2024-06-14 07:33:41,0.0,"안녕하세요 고객님, KB차차차입니다. KB차차차 이용이 많이 불편하셨다면 우선 대단히 죄송합니다.
오류가 발생할 경우 KB차차차 대표번호 1670-4777로 연락주시면 최선을 다해 도와드리도록 하겠습니다. 다시 한 번 이용에 불편을 드려 대단히 죄송합니다.
감사합니다.",kr.co.kbc.cha.android,
Android,김지혜,5,,깔끔하게 보기 쉽게 정리 되어 있어서 사용하기가 편리해요,2024-06-13 23:26:02,0.0,"안녕하세요 고객님, KB차차차입니다. 차차차는 고객님들에게 최적의 사용성과 최대의 편리함을 제공하기 위해 노력하고 있습니다.
복잡한 어플은 이제 그만! 차차차 홈화면에서 간편하게 차량 검색, 내차 시세 조회, 내차 관리 등 차차차에서만 만날 수 있는 기능을
최대로 이용해보세요! 감사합니다",kr.co.kbc.cha.android,4.9.6
Android,임석주,5,,좋은중고차 합리적인 가격에 구매했습니다!,2024-06-13 22:54:21,1.0,"안녕하세요 고객님, KB차차차입니다. KB차차차에서 중고차를 구매하셨군요! KB차차차 이용은 편리하셨나요?
칭찬, 진심으로 감사드립니다 ^^ KB차차차는 고객님들께서 보다 쉽고 편리하게 중고차를 거래하실 수 있도록 다양한 서비스를 통해 도와드리고 있어요. 소중한 리뷰 감사드리고 앞으로도 KB차차차에 많은 사랑과 관심 부탁드립니다.
감사합니다",kr.co.kbc.cha.android,4.9.6
Android,YUNSEONG JEON,5,,깔끔했던거 같아요. 좀 더 활성화되면 더 좋을 것 같아요,2024-06-13 22:35:31,0.0,"안녕하세요 고객님, KB차차차입니다. 소중한 리뷰 남겨주셔서 감사합니다. 간편하지만 든든함까지 챙기는 KB차차차!
기능은 간편하게~ 서비스는 든든하게~ 언제나 고객님의 입장에서 고민하는 KB차차차입니다 :) 앞으로도 믿고 사용하실 수
있는 유일한 중고차 플랫폼이 될 수 있도록 노력을 아끼지 않겠습니다. 많은 이용 부탁드립니다. 감사합니다",kr.co.kbc.cha.android,
Android,Jason,5,,자동차 시세 등 가장 정확하게 조회할 수 있는 앱으로 믿을수 있고 이용하기 편했습니다.,2024-06-13 22:21:07,2.0,"안녕하세요 고객님, KB차차차입니다. KB차차차에서는 고객님들께서 안심하고 차량을 거래하실 수 있도록 다양한 서비스를
제공해 드리고 있습니다. 앞으로도 고객님들이 만족하는 플랫폼이 되도록 노력하겠습니다!
소중한 의견 감사 드리며 앞으로도 KB차차차 많은 이용과 관심 부탁 드립니다.",kr.co.kbc.cha.android,4.9.6
Android,조영호,5,,검색 필터기능이 다양해서 사용하기 편리해요 연식 주행거리 색상 연료 등등 다양하고 직접 진단도 해줘서 믿고 구매할수 있어요. 커뮤니티도 잘되있어서 다양한 정보 얻기도 좋아서 만족하며 사용하고 있습니다,2024-06-13 21:25:45,1.0,"안녕하세요 고객님, KB차차차입니다. 칭찬, 진심으로 감사드립니다 ^^ KB차차차는 고객님들께서 보다 쉽고 편리하게 중고차를
거래하실 수 있도록 다양한 서비스를 통해 도와드리고 있어요.
소중한 리뷰 감사드리고 앞으로도 KB차차차에 많은 사랑과 관심 부탁드립니다. 감사합니다",kr.co.kbc.cha.android,4.9.6
Android,닥레이,5,,kb차차차 어플에 신차비교견적등 최고가 견적등을 쉽게 알수있어서 좋습니다. 차차차 앞으로도 대박나세요,2024-06-13 20:43:24,1.0,"안녕하세요 고객님, KB차차차입니다. 소중한 리뷰 남겨주셔서 감사합니다. KB차차차는 무엇보다도 고객님께서 어렵게 느껴지는
중고차를 쉽고 편하게 거래하실 수 있도록 도와드리는 것을 목표로 하고 있습니다 :) 미션 콤플릿 할 때까지 옆에
꼭 있어주실거죠~? 간편하지만 든든한! 중고차 플랫폼 KB차차차가 되기 위해 열일하겠습니다. 앞으로도 많은 이용 부탁드립니다.
감사합니다!!
",kr.co.kbc.cha.android,4.9.6
Android,강주형,4,,잘쓰고 있음,2024-06-13 20:14:44,0.0,"안녕하세요 고객님, KB차차차입니다. KB차차차에서는 고객님들께서 안심하고 차량을 거래하실 수 있도록 다양한 서비스를
제공해 드리고 있습니다. 고객님들이 안심하고 편리한 차량 거래를 할 수 있도록 노력하겠습니다!
소중한 의견 감사 드리며 앞으로도 KB차차차 많은 이용과 관심 부탁 드립니다.
",kr.co.kbc.cha.android,4.9.6
Android,HI P,5,,앱이 사용하기 편하고 직관적이게 잘 구성되어 있어서 사용하기 좋아요! 기존차 견적과 신차 견적 낼 수 있어 잘 썼습니다. 커뮤니티도 있고 차관련된 여러 정보를 얻기에도 좋아요.,2024-06-13 19:58:39,1.0,"안녕하세요 고객님, KB차차차입니다. 칭찬, 진심으로 감사드립니다 ^^ KB차차차는 고객님들께서 보다 쉽고 편리하게 중고차를
거래하실 수 있도록 다양한 서비스를 통해 도와드리고 있어요.
소중한 리뷰 감사드리고 앞으로도 KB차차차에 많은 사랑과 관심 부탁드립니다. 감사합니다",kr.co.kbc.cha.android,4.9.6
Android,박세련,4,,시각적으로 한눈에 들어와서 필요한 정보를 찾기 편해요. 다양한 필터와 차에 대한 정보가 상세하게 적혀있어서 비교하기 편해요,2024-06-13 19:57:44,3.0,"안녕하세요 고객님, KB차차차입니다. 국내 최다 매물을 보유한 KB차차차에서는 편리한 검색기능도 함께 갖추어 원하시는 차량을
보다 쉽고 편리하게 찾아보실 수 있어요! ! 소중한 의견 감사드리고 보다 나은 서비스 제공을 위해
더욱 노력하는 KB차차차 될 것을 약속드립니다. 감사합니다. :)",kr.co.kbc.cha.android,4.9.6
Android,모나애,4,,인터페이스는 편리한데 아직은 이용고객이 많지 않아 아쉬워요. 차차차가 빨리 더 커지고 활성화되길 바래요!,2024-06-13 19:30:13,2.0,"안녕하세요 고객님, KB차차차입니다. 칭찬, 진심으로 감사드립니다 ^^ KB차차차는 고객님들께서 보다 쉽고 편리하게 중고차를
거래하실 수 있도록 다양한 서비스를 통해 도와드리고 있어요. 소중한 리뷰 감사드리고 고객님 말씀처럼 더욱 더 성장하는 차차차가 되겠습니다!! 앞으로도 KB차차차에 많은 사랑과 관심 부탁드립니다. 감사합니다",kr.co.kbc.cha.android,4.9.6
Android,진지혜,5,,차종 다양하고 정보도 다양하고 좋아요,2024-06-13 18:49:01,1.0,"안녕하세요 고객님, KB차차차입니다. 소중한 리뷰 남겨주셔서 감사합니다. 간편하지만 든든함까지 챙기는 KB차차차!
기능은 간편하게~ 서비스는 든든하게~ 언제나 고객님의 입장에서 고민하는 KB차차차입니다 :) 앞으로도 믿고 사용하실 수
있는 유일한 중고차 플랫폼이 될 수 있도록 노력을 아끼지 않겠습니다. 많은 이용 부탁드립니다. 감사합니다!",kr.co.kbc.cha.android,4.9.6
Android,김문성,5,,중고차 가격비교는 차차차입니다. 허나 매물이 많이적은느낌이많이듭니다. 매물대가 좀더늘어난다면 대표하는 어플이될거같네요.,2024-06-13 18:38:08,1.0,"안녕하세요 고객님, KB차차차입니다. 칭찬, 진심으로 감사드립니다 ^^ KB차차차는 고객님들께서 보다 쉽고 편리하게 중고차를
거래하실 수 있도록 다양한 서비스를 통해 도와드리고 있어요. 소중한 리뷰 감사드리고 앞으로도
고객님이 만족하실수있는 차차차가 될수있도록 노력하겠습니다! ! KB차차차에 많은 사랑과 관심 부탁드립니다. 감사합니다",kr.co.kbc.cha.android,4.9.6
Android,권순혁,5,,좋아요,2024-06-13 18:37:33,0.0,"안녕하세요 고객님, KB차차차입니다. 소중한 리뷰 남겨주셔서 감사합니다. KB차차차가 제공하는 시세는 믿을 수 있는 AI 기반의
국민시세로 고객님께서 든든하게 이용하실 수 있습니다 :) 또한 실차주 마크 차량은 허위매물 걱정 없는 매물로 더욱 믿고
이용하실 수 있겠죠? 앞으로도 많은 관심 부탁드립니다. 감사합니다!",kr.co.kbc.cha.android,
Android,Hk Kim,5,,중고차 검색하기가 너무 좋아요 ㅎㅎ,2024-06-13 18:12:36,0.0,"안녕하세요 고객님, KB차차차입니다. 소중한 리뷰 남겨주셔서 감사합니다. KB차차차는 무엇보다도 고객님께서 어렵게 느껴지는
중고차를 쉽고 편하게 거래하실 수 있도록 도와드리는 것을 목표로 하고 있습니다 :) 미션 콤플릿 할 때까지 옆에
꼭 있어주실거죠~? 간편하지만 든든한! 중고차 플랫폼 KB차차차가 되기 위해 열일하겠습니다. 앞으로도 많은 이용 부탁드립니다.
감사합니다!!",kr.co.kbc.cha.android,4.9.6
Android,박소연,5,,차 번호판만 입력하면 여러 정보를 쉽게 확인 할 수 있어서 갸편한 것 같아요~ 여러번 애용했네요 :) 커뮤니티에 정보도많구요~ 이벤트로 여러가지 하고있어서 소소하게 접속하고 있습니당,2024-06-13 18:08:51,2.0,"안녕하세요 고객님, KB차차차입니다. 칭찬, 진심으로 감사드립니다 ^^ KB차차차는 고객님들께서 보다 쉽고 편리하게 중고차를
거래하실 수 있도록 다양한 서비스를 통해 도와드리고 있어요. 소중한 리뷰 감사드리고 앞으로도
KB차차차에 많은 사랑과 관심 부탁드립니다. 감사합니다",kr.co.kbc.cha.android,4.9.6
Android,인천박,5,,중고차 알아보려고 어플로 알아본거는 처음인거 같아요 너무 편하고 좋은거 같아요 kb에서 인증한거라 믿음도가구요,2024-06-13 18:07:00,1.0,"안녕하세요 고객님, KB차차차입니다. 소중한 리뷰 남겨주셔서 감사합니다. 간편하지만 든든함까지 챙기는 KB차차차!
기능은 간편하게~ 서비스는 든든하게~ 언제나 고객님의 입장에서 고민하는 KB차차차입니다 :) 앞으로도 믿고 사용하실 수
있는 유일한 중고차 플랫폼이 될 수 있도록 노력을 아끼지 않겠습니다. 많은 이용 부탁드립니다. 감사합니다!",kr.co.kbc.cha.android,4.9.6
Android,김대희 (김대희),5,,다양한 정보를 알수 있어서 유용해요.,2024-06-13 17:43:27,0.0,"안녕하세요 고객님, KB차차차입니다. 소중한 리뷰 감사합니다. 차차차에서는 다양한 이벤트 뿐만 아니라 다양한 차량 정보를 제공하고 있습니다. 중고차 구매하실 땐 KB차차차, 앞으로도 많은 이용 부탁드리겠습니다! 감사합니다 :)",kr.co.kbc.cha.android,4.9.6
Android,박진,5,,중고차거래 투명하게 할 수 있어서 좋아요 편리하게 잘 사용중,2024-06-13 17:32:18,0.0,"안녕하세요 고객님, KB차차차입니다. 소중한 리뷰 남겨주셔서 감사합니다. 간편하지만 든든함까지 챙기는 KB차차차!
기능은 간편하게~ 서비스는 든든하게~ 언제나 고객님의 입장에서 고민하는 KB차차차입니다 :) 앞으로도 믿고 사용하실 수
있는 유일한 중고차 플랫폼이 될 수 있도록 노력을 아끼지 않겠습니다. 많은 이용 부탁드립니다. 감사합니다!",kr.co.kbc.cha.android,4.9.6
Android,김예은,5,,차알못이지만 중고차 앱 하면 kb차차차 떠오릅니다 kb여서 신뢰가 가기도하구요 나중에 중고차 구입하게되면 kb차차차 이용해볼생각입니다 그리고 소소하게 이벤트도 자주열어서 1석 2조 앱 인정 👍,2024-06-13 17:01:01,1.0,"안녕하세요 고객님, KB차차차입니다. 칭찬 너무너무 감사합니다. 차차차에서는 이벤트 뿐만 아니라 다양한 차량 정보를 제공하고 있습니다. 중고차 구매하실 땐 KB차차차, 많은 이용 부탁드리겠습니다! 감사합니다 :)",kr.co.kbc.cha.android,4.9.6
Android,김미은,4,,나의차에 대한 가격과 편하게 사고팔수있는 앱이라서 좋아요 버벅거리지않고 편하게 볼수있어요,2024-06-13 16:56:21,1.0,"안녕하세요 고객님, KB차차차입니다. KB차차차 이용이 편리하셨나요? KB차차차에서는 내 차 팔기도! 사기도!
완전 편리하게 이용하실 수 있다구요! 앞으로도 KB차차차와 함께, 슬기로운 중고차생활을 영위해보세요~!",kr.co.kbc.cha.android,4.9.6
Android,용용이,5,,편리하게 이용하고 있습니다!,2024-06-13 16:50:26,0.0,"안녕하세요 고객님, KB차차차입니다. 소중한 리뷰 남겨주셔서 감사합니다. KB차차차는 무엇보다도 고객님께서 어렵게 느껴지는
중고차를 쉽고 편하게 거래하실 수 있도록 도와드리는 것을 목표로 하고 있습니다 :) 미션 콤플릿 할 때까지 옆에
꼭 있어주실거죠~? 간편하지만 든든한! 중고차 플랫폼 KB차차차가 되기 위해 열일하겠습니다. 앞으로도 많은 이용 부탁드립니다.
감사합니다!!
",kr.co.kbc.cha.android,
Android,Bear Min,5,,인증 중고차가 있어서 믿고 구입할수 있는 시스템 입니다.,2024-06-13 16:42:36,0.0,"안녕하세요 고객님, KB차차차입니다. 소중한 리뷰 남겨주셔서 감사합니다. KB차차차가 제공하는 시세는 믿을 수 있는 AI 기반의
국민시세로 고객님께서 든든하게 이용하실 수 있습니다 :) 또한 실차주 마크 차량은 허위매물 걱정 없는 매물로 더욱 믿고
이용하실 수 있겠죠? 앞으로도 많은 관심 부탁드립니다. 감사합니다!",kr.co.kbc.cha.android,4.9.6
Android,오세원,5,,내차 시세가 어떤지 견적비교를 위해 설치했습니다 다른 플랫폼보다 깔끔히 보기 좋네요 내년쯤 차 판매생각이 있는데 차차차 어플 사용할거 같습니다,2024-06-13 16:40:42,0.0,"안녕하세요 고객님, KB차차차입니다. 칭찬, 진심으로 감사드립니다 ^^ KB차차차는 고객님들께서 보다 쉽고 편리하게 중고차를
거래하실 수 있도록 다양한 서비스를 통해 도와드리고 있어요. 소중한 리뷰 감사드리고 앞으로도
KB차차차에 많은 사랑과 관심 부탁드립니다. 감사합니다",kr.co.kbc.cha.android,4.9.6
Android,김선희,5,,잘 사용중인데 여러차 보기가 좋네요!!!,2024-06-13 16:40:15,0.0,"안녕하세요 고객님, KB차차차입니다. KB차차차에서 중고차를 구매하셨군요! KB차차차 이용은 편리하셨나요?
KB차차차에서는 실차주마크, 헛걸음보상, 연장보증 서비스 등을 마련하여 고객님께서 더욱 안심하고 편리하게 중고차를
거래하실 수 있도록 노력하고 있답니다! 중고차하면? KB차차차! 소중한 리뷰 감사합니다",kr.co.kbc.cha.android,4.9.2
Android,쥬쥬,5,,중고차 구매하려고 했는데 어디서 찾나 하다 우연히 KB차차차를 알게 되었습니다 검색 기능이 편해서 어떤 차를 골라야 할지 기준을 잡기가 좋았어요,2024-06-13 16:39:00,1.0,"안녕하세요 고객님, KB차차차입니다. 칭찬, 진심으로 감사드립니다 ^^ KB차차차는 고객님들께서 보다 쉽고 편리하게 중고차를
거래하실 수 있도록 다양한 서비스를 통해 도와드리고 있어요. 소중한 리뷰 감사드리고 앞으로도
KB차차차에 많은 사랑과 관심 부탁드립니다. 감사합니다",kr.co.kbc.cha.android,4.9.6
Android,ksehfud,5,,"차량에 대한 정보를 상세하게 알려면 무조건 오프라인으로 대면해야 한다고 생각했는데, 모바일로도 충분히 상세하게 정보를 얻을 수 있어 만족합니다!",2024-06-13 16:29:50,0.0,"안녕하세요 고객님, KB차차차입니다. KB차차차는 비대면 거래를 전폭적으로 지원해드리고 있습니다.
집에서 차량을 구매할 수 있는 홈배송 서비스, 딜러가 직접 방문하여 고객님의 차량을 판매할 수 있는 팔아줘 차차차 등
고객님의 입장에서 편리함을 제공하고 있는거 맞죠?
다양한 이벤트도 진행하고 있으니 계속 차차차에 많은 관심과 이용 부탁드립니다! 감사합니다 :)",kr.co.kbc.cha.android,4.8.2
